### Sun Oct  4 10:18:18 PM +03 2026 (manual)
### memory
               total        used        free      shared  buff/cache   available
Mem:            3470         549        2807          35         358        2920
Swap:              0           0           0
RAM used (total - free - buffers - cache): 304 MB
  RSS USER     COMMAND
112116 rayyan  labwc
73132 rayyan   /usr/bin/python3 /usr/bin/blueman-manager
55028 rayyan   /usr/bin/python3 /usr/bin/blueman-applet
49320 rayyan   sfwbar -f /etc/xdg/sfwbar/sfwbar.config
46760 rayyan   /usr/bin/python3 /usr/bin/blueman-tray
33348 rayyan   /usr/bin/wireplumber
14592 rayyan   pipewire
13268 rayyan   /usr/bin/mako
11852 rayyan   foot
 9012 rayyan   /usr/bin/pipewire -c pipewire-pulse.conf
 6580 rayyan   /usr/libexec/at-spi2-registryd --use-gnome-session
 6160 rayyan   /usr/libexec/at-spi-bus-launcher
 6016 root     sudo /usr/lib/toros/hwlog manual
 5992 rayyan   swaybg -c #242424
 5572 rayyan   /usr/libexec/dconf-service
 5140 root     /usr/libexec/bluetooth/bluetoothd -n
 4924 root     /usr/libexec/iwd
 4360 root     udevd
 4308 rayyan   -bash
 4292 rayyan   /bin/bash
 3772 root     udevd
 3508 root     ps -eo rss,user,args --sort=-rss
 3392 root     udevd
 3028 dbus     dbus-daemon --system --nofork --nopidfile
### rfkill
0: ideapad_wlan: Wireless LAN
	Soft blocked: no
	Hard blocked: no
1: ideapad_bluetooth: Bluetooth
	Soft blocked: no
	Hard blocked: no
2: hci0: Bluetooth
	Soft blocked: no
	Hard blocked: no
3: phy0: Wireless LAN
	Soft blocked: no
	Hard blocked: no
### usb
Bus 001 Device 001: ID 1d6b:0002 Linux Foundation 2.0 root hub
Bus 001 Device 002: ID 0489:e0cd Foxconn / Hon Hai Wireless_Device
Bus 001 Device 003: ID 046d:c534 Logitech, Inc. Unifying Receiver
Bus 001 Device 004: ID 04f2:b78e Chicony Electronics Co., Ltd Integrated Camera
Bus 002 Device 001: ID 1d6b:0003 Linux Foundation 3.0 root hub
Bus 002 Device 002: ID 30de:6544 KIOXIA TransMemory
### bluetooth
Controller 02:00:00:00:00:02 (public)
	Manufacturer: 0x0046 (70)
	Version: 0x0b (11)
	Name: BlueZ 5.86
	Alias: BlueZ 5.86
	Class: 0x006c010c (7078156)
	Powered: yes
	PowerState: on
	Discoverable: no
	DiscoverableTimeout: 0x000000b4 (180)
	Pairable: yes
	UUID: A/V Remote Control        (0000110e-0000-1000-8000-00805f9b34fb)
	UUID: Handsfree Audio Gateway   (0000111f-0000-1000-8000-00805f9b34fb)
	UUID: PnP Information           (00001200-0000-1000-8000-00805f9b34fb)
	UUID: Audio Sink                (0000110b-0000-1000-8000-00805f9b34fb)
	UUID: Audio Source              (0000110a-0000-1000-8000-00805f9b34fb)
	UUID: A/V Remote Control Target (0000110c-0000-1000-8000-00805f9b34fb)
	UUID: Generic Access Profile    (00001800-0000-1000-8000-00805f9b34fb)
	UUID: Generic Attribute Profile (00001801-0000-1000-8000-00805f9b34fb)
	UUID: Device Information        (0000180a-0000-1000-8000-00805f9b34fb)
	UUID: Vendor specific           (03b80e5a-ede8-4b33-a751-6ce34ec4c700)
	UUID: Handsfree                 (0000111e-0000-1000-8000-00805f9b34fb)
	Modalias: usb:v1D6Bp0246d0556
	Discovering: no
	Roles: central
	Roles: peripheral
Advertising Features:
	ActiveInstances: 0x00 (0)
	SupportedInstances: 0x14 (20)
	SupportedIncludes: tx-power
	SupportedIncludes: appearance
	SupportedIncludes: local-name
	SupportedSecondaryChannels: 1M
	SupportedSecondaryChannels: 2M
	SupportedSecondaryChannels: Coded
	SupportedCapabilities.MinTxPower: 0xfffffff2 (-14)
	SupportedCapabilities.MaxTxPower: 0x000d (13)
	SupportedCapabilities.MaxAdvLen: 0xfb (251)
	SupportedCapabilities.MaxScnRspLen: 0xfb (251)
	SupportedFeatures: CanSetTxPower
	SupportedFeatures: HardwareOffload
Device 02:00:00:00:02:01 R-Phonak işitme cihazı
### services
run: /var/service/acpid: (pid 647) 1419s; run: log: (pid 646) 1419s
run: /var/service/agetty-tty1: (pid 653) 1419s
run: /var/service/agetty-tty2: (pid 639) 1419s
run: /var/service/bluetoothd: (pid 651) 1419s; run: log: (pid 650) 1419s
run: /var/service/dbus: (pid 649) 1419s; run: log: (pid 648) 1419s
run: /var/service/iwd: (pid 9471) 0s; run: log: (pid 643) 1419s
run: /var/service/seatd: (pid 655) 1419s; run: log: (pid 654) 1419s
run: /var/service/udevd: (pid 641) 1419s; run: log: (pid 640) 1419s
run: /var/service/zapret: (pid 642) 1419s
### network
lo               UNKNOWN        127.0.0.1/8 ::1/128 
wlp3s0           DOWN           
### modules
rfcomm                106496  7
bnep                   36864  2
snd_sof_pci_intel_apl    12288  0
snd_sof_intel_hda_generic    40960  1 snd_sof_pci_intel_apl
snd_sof_intel_hda_sdw_bpt    24576  1 soundwire_intel
snd_sof_intel_hda_common   208896  3 snd_sof_intel_hda_sdw_bpt,snd_sof_intel_hda_generic,snd_sof_pci_intel_apl
snd_sof_intel_hda_mlink    36864  4 snd_sof_intel_hda_sdw_bpt,soundwire_intel,snd_sof_intel_hda_common,snd_sof_intel_hda_generic
snd_sof_intel_hda      20480  2 snd_sof_intel_hda_common,snd_sof_intel_hda_generic
snd_sof_pci            24576  2 snd_sof_intel_hda_generic,snd_sof_pci_intel_apl
snd_sof_xtensa_dsp     16384  1 snd_sof_intel_hda_generic
snd_sof               479232  5 snd_sof_intel_hda_sdw_bpt,snd_sof_pci,snd_sof_intel_hda_common,snd_sof_intel_hda_generic,snd_sof_intel_hda
snd_sof_utils          16384  1 snd_sof
i915                 4825088  14
mt7921e                28672  0
mt7921_common          98304  1 mt7921e
mt792x_lib             69632  2 mt7921e,mt7921_common
btusb                  81920  0
btbcm                  24576  1 btusb
btmtk                  32768  1 btusb
btrtl                  36864  1 btusb
btintel                73728  1 btusb
ideapad_laptop         57344  0
bluetooth            1134592  45 btrtl,btmtk,btintel,btbcm,bnep,btusb,hci_vhci,rfcomm
btrfs                2224128  0
### kernel log
[  165.555227] iwd[2024]: segfault at c ip 00007fba95decc00 sp 00007fffc3933a48 error 4 in libc.so.6[a7c00,7fba95d6d000+159000] likely on CPU 0 (core 0, socket 0)
[  165.555259] Code: f0 0f 11 07 0f 11 4c 17 f0 c3 83 fa 08 73 2b 83 fa 04 73 16 83 fa 01 7c 10 8a 0e 74 0a 0f b7 74 16 fe 66 89 74 17 fe 88 0f c3 <8b> 4c 16 fc 8b 36 89 4c 17 fc 89 37 c3 0f 1f 00 48 8b 4c 16 f8 48
[  165.628118] mt7921e 0000:03:00.0 wlp3s0: renamed from wlan0 (while UP)
[  166.635058] iwd[2030]: segfault at c ip 00007eff0e48dc00 sp 00007ffd9b8510d8 error 4 in libc.so.6[a7c00,7eff0e40e000+159000] likely on CPU 0 (core 0, socket 0)
[  166.635102] Code: f0 0f 11 07 0f 11 4c 17 f0 c3 83 fa 08 73 2b 83 fa 04 73 16 83 fa 01 7c 10 8a 0e 74 0a 0f b7 74 16 fe 66 89 74 17 fe 88 0f c3 <8b> 4c 16 fc 8b 36 89 4c 17 fc 89 37 c3 0f 1f 00 48 8b 4c 16 f8 48
[  166.708018] mt7921e 0000:03:00.0 wlp3s0: renamed from wlan0 (while UP)
[  167.719075] iwd[2036]: segfault at c ip 00007f7858b78c00 sp 00007ffcf8d6a7c8 error 4 in libc.so.6[a7c00,7f7858af9000+159000] likely on CPU 0 (core 0, socket 0)
[  167.719106] Code: f0 0f 11 07 0f 11 4c 17 f0 c3 83 fa 08 73 2b 83 fa 04 73 16 83 fa 01 7c 10 8a 0e 74 0a 0f b7 74 16 fe 66 89 74 17 fe 88 0f c3 <8b> 4c 16 fc 8b 36 89 4c 17 fc 89 37 c3 0f 1f 00 48 8b 4c 16 f8 48
[  167.779779] mt7921e 0000:03:00.0 wlp3s0: renamed from wlan0 (while UP)
[  168.786595] iwd[2042]: segfault at c ip 00007fc5184c1c00 sp 00007fff00d5d4d8 error 4 in libc.so.6[a7c00,7fc518442000+159000] likely on CPU 0 (core 0, socket 0)
[  168.786629] Code: f0 0f 11 07 0f 11 4c 17 f0 c3 83 fa 08 73 2b 83 fa 04 73 16 83 fa 01 7c 10 8a 0e 74 0a 0f b7 74 16 fe 66 89 74 17 fe 88 0f c3 <8b> 4c 16 fc 8b 36 89 4c 17 fc 89 37 c3 0f 1f 00 48 8b 4c 16 f8 48
[  168.855592] mt7921e 0000:03:00.0 wlp3s0: renamed from wlan0 (while UP)
[  169.860899] iwd[2048]: segfault at c ip 00007fdfd3c55c00 sp 00007ffd592d0198 error 4 in libc.so.6[a7c00,7fdfd3bd6000+159000] likely on CPU 0 (core 0, socket 0)
[  169.860931] Code: f0 0f 11 07 0f 11 4c 17 f0 c3 83 fa 08 73 2b 83 fa 04 73 16 83 fa 01 7c 10 8a 0e 74 0a 0f b7 74 16 fe 66 89 74 17 fe 88 0f c3 <8b> 4c 16 fc 8b 36 89 4c 17 fc 89 37 c3 0f 1f 00 48 8b 4c 16 f8 48
[  169.926629] mt7921e 0000:03:00.0 wlp3s0: renamed from wlan0 (while UP)
[  170.943578] iwd[2054]: segfault at c ip 00007fe1fb36bc00 sp 00007ffe04522398 error 4 in libc.so.6[a7c00,7fe1fb2ec000+159000] likely on CPU 0 (core 0, socket 0)
[  170.943613] Code: f0 0f 11 07 0f 11 4c 17 f0 c3 83 fa 08 73 2b 83 fa 04 73 16 83 fa 01 7c 10 8a 0e 74 0a 0f b7 74 16 fe 66 89 74 17 fe 88 0f c3 <8b> 4c 16 fc 8b 36 89 4c 17 fc 89 37 c3 0f 1f 00 48 8b 4c 16 f8 48
[  171.001544] mt7921e 0000:03:00.0 wlp3s0: renamed from wlan0 (while UP)
[  172.013678] iwd[2060]: segfault at c ip 00007fc6e781bc00 sp 00007fff2c87e398 error 4 in libc.so.6[a7c00,7fc6e779c000+159000] likely on CPU 0 (core 0, socket 0)
[  172.013716] Code: f0 0f 11 07 0f 11 4c 17 f0 c3 83 fa 08 73 2b 83 fa 04 73 16 83 fa 01 7c 10 8a 0e 74 0a 0f b7 74 16 fe 66 89 74 17 fe 88 0f c3 <8b> 4c 16 fc 8b 36 89 4c 17 fc 89 37 c3 0f 1f 00 48 8b 4c 16 f8 48
[  172.081338] mt7921e 0000:03:00.0 wlp3s0: renamed from wlan0 (while UP)
[  173.084446] iwd[2066]: segfault at c ip 00007fd03918ac00 sp 00007ffebf856f58 error 4 in libc.so.6[a7c00,7fd03910b000+159000] likely on CPU 1 (core 1, socket 0)
[  173.084479] Code: f0 0f 11 07 0f 11 4c 17 f0 c3 83 fa 08 73 2b 83 fa 04 73 16 83 fa 01 7c 10 8a 0e 74 0a 0f b7 74 16 fe 66 89 74 17 fe 88 0f c3 <8b> 4c 16 fc 8b 36 89 4c 17 fc 89 37 c3 0f 1f 00 48 8b 4c 16 f8 48
[  173.149564] mt7921e 0000:03:00.0 wlp3s0: renamed from wlan0 (while UP)
[  174.156822] iwd[2072]: segfault at c ip 00007f4a6d019c00 sp 00007ffe49f16268 error 4 in libc.so.6[a7c00,7f4a6cf9a000+159000] likely on CPU 0 (core 0, socket 0)
[  174.156859] Code: f0 0f 11 07 0f 11 4c 17 f0 c3 83 fa 08 73 2b 83 fa 04 73 16 83 fa 01 7c 10 8a 0e 74 0a 0f b7 74 16 fe 66 89 74 17 fe 88 0f c3 <8b> 4c 16 fc 8b 36 89 4c 17 fc 89 37 c3 0f 1f 00 48 8b 4c 16 f8 48
[  174.226294] mt7921e 0000:03:00.0 wlp3s0: renamed from wlan0 (while UP)
[  175.233215] iwd[2078]: segfault at c ip 00007f3afd855c00 sp 00007ffc72a1dac8 error 4 in libc.so.6[a7c00,7f3afd7d6000+159000] likely on CPU 0 (core 0, socket 0)
[  175.233256] Code: f0 0f 11 07 0f 11 4c 17 f0 c3 83 fa 08 73 2b 83 fa 04 73 16 83 fa 01 7c 10 8a 0e 74 0a 0f b7 74 16 fe 66 89 74 17 fe 88 0f c3 <8b> 4c 16 fc 8b 36 89 4c 17 fc 89 37 c3 0f 1f 00 48 8b 4c 16 f8 48
[  175.301481] mt7921e 0000:03:00.0 wlp3s0: renamed from wlan0 (while UP)
[  176.308602] iwd[2084]: segfault at c ip 00007ff23b947c00 sp 00007ffc46f925e8 error 4 in libc.so.6[a7c00,7ff23b8c8000+159000] likely on CPU 1 (core 1, socket 0)
[  176.308640] Code: f0 0f 11 07 0f 11 4c 17 f0 c3 83 fa 08 73 2b 83 fa 04 73 16 83 fa 01 7c 10 8a 0e 74 0a 0f b7 74 16 fe 66 89 74 17 fe 88 0f c3 <8b> 4c 16 fc 8b 36 89 4c 17 fc 89 37 c3 0f 1f 00 48 8b 4c 16 f8 48
[  176.369741] mt7921e 0000:03:00.0 wlp3s0: renamed from wlan0 (while UP)
[  177.378903] iwd[2091]: segfault at c ip 00007f0b388d4c00 sp 00007ffc5fdf63c8 error 4 in libc.so.6[a7c00,7f0b38855000+159000] likely on CPU 0 (core 0, socket 0)
[  177.378940] Code: f0 0f 11 07 0f 11 4c 17 f0 c3 83 fa 08 73 2b 83 fa 04 73 16 83 fa 01 7c 10 8a 0e 74 0a 0f b7 74 16 fe 66 89 74 17 fe 88 0f c3 <8b> 4c 16 fc 8b 36 89 4c 17 fc 89 37 c3 0f 1f 00 48 8b 4c 16 f8 48
[  177.457189] mt7921e 0000:03:00.0 wlp3s0: renamed from wlan0 (while UP)
[  178.468269] iwd[2097]: segfault at c ip 00007f7be8176c00 sp 00007ffd37b04b98 error 4 in libc.so.6[a7c00,7f7be80f7000+159000] likely on CPU 1 (core 1, socket 0)
[  178.468351] Code: f0 0f 11 07 0f 11 4c 17 f0 c3 83 fa 08 73 2b 83 fa 04 73 16 83 fa 01 7c 10 8a 0e 74 0a 0f b7 74 16 fe 66 89 74 17 fe 88 0f c3 <8b> 4c 16 fc 8b 36 89 4c 17 fc 89 37 c3 0f 1f 00 48 8b 4c 16 f8 48
[  178.529807] mt7921e 0000:03:00.0 wlp3s0: renamed from wlan0 (while UP)
[  179.536956] iwd[2103]: segfault at c ip 00007f0141fd5c00 sp 00007ffc235f8fe8 error 4 in libc.so.6[a7c00,7f0141f56000+159000] likely on CPU 1 (core 1, socket 0)
[  179.536997] Code: f0 0f 11 07 0f 11 4c 17 f0 c3 83 fa 08 73 2b 83 fa 04 73 16 83 fa 01 7c 10 8a 0e 74 0a 0f b7 74 16 fe 66 89 74 17 fe 88 0f c3 <8b> 4c 16 fc 8b 36 89 4c 17 fc 89 37 c3 0f 1f 00 48 8b 4c 16 f8 48
[  179.599918] mt7921e 0000:03:00.0 wlp3s0: renamed from wlan0 (while UP)
[  180.608442] iwd[2109]: segfault at c ip 00007fa4aaeecc00 sp 00007fffd1060bb8 error 4 in libc.so.6[a7c00,7fa4aae6d000+159000] likely on CPU 1 (core 1, socket 0)
[  180.608477] Code: f0 0f 11 07 0f 11 4c 17 f0 c3 83 fa 08 73 2b 83 fa 04 73 16 83 fa 01 7c 10 8a 0e 74 0a 0f b7 74 16 fe 66 89 74 17 fe 88 0f c3 <8b> 4c 16 fc 8b 36 89 4c 17 fc 89 37 c3 0f 1f 00 48 8b 4c 16 f8 48
[  180.679293] mt7921e 0000:03:00.0 wlp3s0: renamed from wlan0 (while UP)
[  181.683118] iwd[2115]: segfault at c ip 00007ff9663fbc00 sp 00007ffcceefb1f8 error 4 in libc.so.6[a7c00,7ff96637c000+159000] likely on CPU 1 (core 1, socket 0)
[  181.683151] Code: f0 0f 11 07 0f 11 4c 17 f0 c3 83 fa 08 73 2b 83 fa 04 73 16 83 fa 01 7c 10 8a 0e 74 0a 0f b7 74 16 fe 66 89 74 17 fe 88 0f c3 <8b> 4c 16 fc 8b 36 89 4c 17 fc 89 37 c3 0f 1f 00 48 8b 4c 16 f8 48
[  181.744185] mt7921e 0000:03:00.0 wlp3s0: renamed from wlan0 (while UP)
[  182.749870] iwd[2123]: segfault at c ip 00007f68bbcaec00 sp 00007ffd9b9e8a78 error 4 in libc.so.6[a7c00,7f68bbc2f000+159000] likely on CPU 0 (core 0, socket 0)
[  182.749905] Code: f0 0f 11 07 0f 11 4c 17 f0 c3 83 fa 08 73 2b 83 fa 04 73 16 83 fa 01 7c 10 8a 0e 74 0a 0f b7 74 16 fe 66 89 74 17 fe 88 0f c3 <8b> 4c 16 fc 8b 36 89 4c 17 fc 89 37 c3 0f 1f 00 48 8b 4c 16 f8 48
[  182.821341] mt7921e 0000:03:00.0 wlp3s0: renamed from wlan0 (while UP)
[  183.827974] iwd[2129]: segfault at c ip 00007fc100803c00 sp 00007ffed4da5fb8 error 4 in libc.so.6[a7c00,7fc100784000+159000] likely on CPU 0 (core 0, socket 0)
[  183.828009] Code: f0 0f 11 07 0f 11 4c 17 f0 c3 83 fa 08 73 2b 83 fa 04 73 16 83 fa 01 7c 10 8a 0e 74 0a 0f b7 74 16 fe 66 89 74 17 fe 88 0f c3 <8b> 4c 16 fc 8b 36 89 4c 17 fc 89 37 c3 0f 1f 00 48 8b 4c 16 f8 48
[  183.897546] mt7921e 0000:03:00.0 wlp3s0: renamed from wlan0 (while UP)
[  184.909962] iwd[2135]: segfault at c ip 00007f56aadd0c00 sp 00007ffc64914af8 error 4 in libc.so.6[a7c00,7f56aad51000+159000] likely on CPU 1 (core 1, socket 0)
[  184.909998] Code: f0 0f 11 07 0f 11 4c 17 f0 c3 83 fa 08 73 2b 83 fa 04 73 16 83 fa 01 7c 10 8a 0e 74 0a 0f b7 74 16 fe 66 89 74 17 fe 88 0f c3 <8b> 4c 16 fc 8b 36 89 4c 17 fc 89 37 c3 0f 1f 00 48 8b 4c 16 f8 48
[  184.958965] mt7921e 0000:03:00.0 wlp3s0: renamed from wlan0
[  185.992577] iwd[2141]: segfault at c ip 00007f05a1b07c00 sp 00007ffcedd66998 error 4 in libc.so.6[a7c00,7f05a1a88000+159000] likely on CPU 1 (core 1, socket 0)
[  185.992609] Code: f0 0f 11 07 0f 11 4c 17 f0 c3 83 fa 08 73 2b 83 fa 04 73 16 83 fa 01 7c 10 8a 0e 74 0a 0f b7 74 16 fe 66 89 74 17 fe 88 0f c3 <8b> 4c 16 fc 8b 36 89 4c 17 fc 89 37 c3 0f 1f 00 48 8b 4c 16 f8 48
[  186.057554] mt7921e 0000:03:00.0 wlp3s0: renamed from wlan0 (while UP)
[  187.065848] iwd[2147]: segfault at c ip 00007f852069ec00 sp 00007fffbd4a3e08 error 4 in libc.so.6[a7c00,7f852061f000+159000] likely on CPU 0 (core 0, socket 0)
[  187.065882] Code: f0 0f 11 07 0f 11 4c 17 f0 c3 83 fa 08 73 2b 83 fa 04 73 16 83 fa 01 7c 10 8a 0e 74 0a 0f b7 74 16 fe 66 89 74 17 fe 88 0f c3 <8b> 4c 16 fc 8b 36 89 4c 17 fc 89 37 c3 0f 1f 00 48 8b 4c 16 f8 48
[  187.142328] mt7921e 0000:03:00.0 wlp3s0: renamed from wlan0 (while UP)
[  188.152575] iwd[2153]: segfault at c ip 00007fba2f95fc00 sp 00007fff7ce31888 error 4 in libc.so.6[a7c00,7fba2f8e0000+159000] likely on CPU 1 (core 1, socket 0)
[  188.152613] Code: f0 0f 11 07 0f 11 4c 17 f0 c3 83 fa 08 73 2b 83 fa 04 73 16 83 fa 01 7c 10 8a 0e 74 0a 0f b7 74 16 fe 66 89 74 17 fe 88 0f c3 <8b> 4c 16 fc 8b 36 89 4c 17 fc 89 37 c3 0f 1f 00 48 8b 4c 16 f8 48
[  188.216308] mt7921e 0000:03:00.0 wlp3s0: renamed from wlan0 (while UP)
[  189.236653] iwd[2159]: segfault at c ip 00007f51d7603c00 sp 00007fff8fe47ae8 error 4 in libc.so.6[a7c00,7f51d7584000+159000] likely on CPU 0 (core 0, socket 0)
[  189.236686] Code: f0 0f 11 07 0f 11 4c 17 f0 c3 83 fa 08 73 2b 83 fa 04 73 16 83 fa 01 7c 10 8a 0e 74 0a 0f b7 74 16 fe 66 89 74 17 fe 88 0f c3 <8b> 4c 16 fc 8b 36 89 4c 17 fc 89 37 c3 0f 1f 00 48 8b 4c 16 f8 48
[  189.307028] mt7921e 0000:03:00.0 wlp3s0: renamed from wlan0 (while UP)
[  190.325779] iwd[2165]: segfault at c ip 00007fe95a4b5c00 sp 00007ffea75d1708 error 4 in libc.so.6[a7c00,7fe95a436000+159000] likely on CPU 0 (core 0, socket 0)
[  190.325817] Code: f0 0f 11 07 0f 11 4c 17 f0 c3 83 fa 08 73 2b 83 fa 04 73 16 83 fa 01 7c 10 8a 0e 74 0a 0f b7 74 16 fe 66 89 74 17 fe 88 0f c3 <8b> 4c 16 fc 8b 36 89 4c 17 fc 89 37 c3 0f 1f 00 48 8b 4c 16 f8 48
[  190.389360] mt7921e 0000:03:00.0 wlp3s0: renamed from wlan0 (while UP)
[  191.395852] iwd[2171]: segfault at c ip 00007fc3d55a8c00 sp 00007ffdd7650dd8 error 4 in libc.so.6[a7c00,7fc3d5529000+159000] likely on CPU 0 (core 0, socket 0)
[  191.395893] Code: f0 0f 11 07 0f 11 4c 17 f0 c3 83 fa 08 73 2b 83 fa 04 73 16 83 fa 01 7c 10 8a 0e 74 0a 0f b7 74 16 fe 66 89 74 17 fe 88 0f c3 <8b> 4c 16 fc 8b 36 89 4c 17 fc 89 37 c3 0f 1f 00 48 8b 4c 16 f8 48
[  191.465910] mt7921e 0000:03:00.0 wlp3s0: renamed from wlan0 (while UP)
[  192.475718] iwd[2177]: segfault at c ip 00007fe684822c00 sp 00007ffda4260f68 error 4 in libc.so.6[a7c00,7fe6847a3000+159000] likely on CPU 1 (core 1, socket 0)
[  192.475753] Code: f0 0f 11 07 0f 11 4c 17 f0 c3 83 fa 08 73 2b 83 fa 04 73 16 83 fa 01 7c 10 8a 0e 74 0a 0f b7 74 16 fe 66 89 74 17 fe 88 0f c3 <8b> 4c 16 fc 8b 36 89 4c 17 fc 89 37 c3 0f 1f 00 48 8b 4c 16 f8 48
[  192.541624] mt7921e 0000:03:00.0 wlp3s0: renamed from wlan0 (while UP)
[  193.547593] iwd[2183]: segfault at c ip 00007f6e0767ec00 sp 00007fffd68593e8 error 4 in libc.so.6[a7c00,7f6e075ff000+159000] likely on CPU 0 (core 0, socket 0)
[  193.547631] Code: f0 0f 11 07 0f 11 4c 17 f0 c3 83 fa 08 73 2b 83 fa 04 73 16 83 fa 01 7c 10 8a 0e 74 0a 0f b7 74 16 fe 66 89 74 17 fe 88 0f c3 <8b> 4c 16 fc 8b 36 89 4c 17 fc 89 37 c3 0f 1f 00 48 8b 4c 16 f8 48
[  193.615045] mt7921e 0000:03:00.0 wlp3s0: renamed from wlan0 (while UP)
[  194.633558] iwd[2189]: segfault at c ip 00007f4b25fd4c00 sp 00007fff5557e938 error 4 in libc.so.6[a7c00,7f4b25f55000+159000] likely on CPU 0 (core 0, socket 0)
[  194.633592] Code: f0 0f 11 07 0f 11 4c 17 f0 c3 83 fa 08 73 2b 83 fa 04 73 16 83 fa 01 7c 10 8a 0e 74 0a 0f b7 74 16 fe 66 89 74 17 fe 88 0f c3 <8b> 4c 16 fc 8b 36 89 4c 17 fc 89 37 c3 0f 1f 00 48 8b 4c 16 f8 48
[  194.696667] mt7921e 0000:03:00.0 wlp3s0: renamed from wlan0 (while UP)
[  195.703750] iwd[2197]: segfault at c ip 00007fd747435c00 sp 00007ffc1fdcc4d8 error 4 in libc.so.6[a7c00,7fd7473b6000+159000] likely on CPU 1 (core 1, socket 0)
[  195.703788] Code: f0 0f 11 07 0f 11 4c 17 f0 c3 83 fa 08 73 2b 83 fa 04 73 16 83 fa 01 7c 10 8a 0e 74 0a 0f b7 74 16 fe 66 89 74 17 fe 88 0f c3 <8b> 4c 16 fc 8b 36 89 4c 17 fc 89 37 c3 0f 1f 00 48 8b 4c 16 f8 48
[  195.769952] mt7921e 0000:03:00.0 wlp3s0: renamed from wlan0 (while UP)
[  196.780845] iwd[2203]: segfault at c ip 00007f0854bb1c00 sp 00007fff3eba2fc8 error 4 in libc.so.6[a7c00,7f0854b32000+159000] likely on CPU 1 (core 1, socket 0)
[  196.780880] Code: f0 0f 11 07 0f 11 4c 17 f0 c3 83 fa 08 73 2b 83 fa 04 73 16 83 fa 01 7c 10 8a 0e 74 0a 0f b7 74 16 fe 66 89 74 17 fe 88 0f c3 <8b> 4c 16 fc 8b 36 89 4c 17 fc 89 37 c3 0f 1f 00 48 8b 4c 16 f8 48
[  196.842251] mt7921e 0000:03:00.0 wlp3s0: renamed from wlan0 (while UP)
[  197.850671] iwd[2209]: segfault at c ip 00007f635982cc00 sp 00007ffcb95efb68 error 4 in libc.so.6[a7c00,7f63597ad000+159000] likely on CPU 1 (core 1, socket 0)
[  197.850709] Code: f0 0f 11 07 0f 11 4c 17 f0 c3 83 fa 08 73 2b 83 fa 04 73 16 83 fa 01 7c 10 8a 0e 74 0a 0f b7 74 16 fe 66 89 74 17 fe 88 0f c3 <8b> 4c 16 fc 8b 36 89 4c 17 fc 89 37 c3 0f 1f 00 48 8b 4c 16 f8 48
[  197.894425] mt7921e 0000:03:00.0 wlp3s0: renamed from wlan0
[  198.927968] iwd[2215]: segfault at c ip 00007f8d43246c00 sp 00007fff7d5f9e28 error 4 in libc.so.6[a7c00,7f8d431c7000+159000] likely on CPU 1 (core 1, socket 0)
[  198.928001] Code: f0 0f 11 07 0f 11 4c 17 f0 c3 83 fa 08 73 2b 83 fa 04 73 16 83 fa 01 7c 10 8a 0e 74 0a 0f b7 74 16 fe 66 89 74 17 fe 88 0f c3 <8b> 4c 16 fc 8b 36 89 4c 17 fc 89 37 c3 0f 1f 00 48 8b 4c 16 f8 48
[  198.991339] mt7921e 0000:03:00.0 wlp3s0: renamed from wlan0 (while UP)
[  200.000875] iwd[2221]: segfault at c ip 00007ffb992c2c00 sp 00007ffc005a3398 error 4 in libc.so.6[a7c00,7ffb99243000+159000] likely on CPU 1 (core 1, socket 0)
[  200.000907] Code: f0 0f 11 07 0f 11 4c 17 f0 c3 83 fa 08 73 2b 83 fa 04 73 16 83 fa 01 7c 10 8a 0e 74 0a 0f b7 74 16 fe 66 89 74 17 fe 88 0f c3 <8b> 4c 16 fc 8b 36 89 4c 17 fc 89 37 c3 0f 1f 00 48 8b 4c 16 f8 48
[  200.063332] mt7921e 0000:03:00.0 wlp3s0: renamed from wlan0 (while UP)
[  201.067212] iwd[2227]: segfault at c ip 00007ff94bfb8c00 sp 00007ffe11bbd178 error 4 in libc.so.6[a7c00,7ff94bf39000+159000] likely on CPU 1 (core 1, socket 0)
[  201.067250] Code: f0 0f 11 07 0f 11 4c 17 f0 c3 83 fa 08 73 2b 83 fa 04 73 16 83 fa 01 7c 10 8a 0e 74 0a 0f b7 74 16 fe 66 89 74 17 fe 88 0f c3 <8b> 4c 16 fc 8b 36 89 4c 17 fc 89 37 c3 0f 1f 00 48 8b 4c 16 f8 48
[  201.132264] mt7921e 0000:03:00.0 wlp3s0: renamed from wlan0 (while UP)
[  202.140609] iwd[2233]: segfault at c ip 00007f910deb3c00 sp 00007ffd9a95f208 error 4 in libc.so.6[a7c00,7f910de34000+159000] likely on CPU 0 (core 0, socket 0)
[  202.140662] Code: f0 0f 11 07 0f 11 4c 17 f0 c3 83 fa 08 73 2b 83 fa 04 73 16 83 fa 01 7c 10 8a 0e 74 0a 0f b7 74 16 fe 66 89 74 17 fe 88 0f c3 <8b> 4c 16 fc 8b 36 89 4c 17 fc 89 37 c3 0f 1f 00 48 8b 4c 16 f8 48
[  202.209911] mt7921e 0000:03:00.0 wlp3s0: renamed from wlan0 (while UP)
[  203.218903] iwd[2239]: segfault at c ip 00007f7d67c7dc00 sp 00007ffe35ba7728 error 4 in libc.so.6[a7c00,7f7d67bfe000+159000] likely on CPU 1 (core 1, socket 0)
[  203.218941] Code: f0 0f 11 07 0f 11 4c 17 f0 c3 83 fa 08 73 2b 83 fa 04 73 16 83 fa 01 7c 10 8a 0e 74 0a 0f b7 74 16 fe 66 89 74 17 fe 88 0f c3 <8b> 4c 16 fc 8b 36 89 4c 17 fc 89 37 c3 0f 1f 00 48 8b 4c 16 f8 48
[  203.262493] mt7921e 0000:03:00.0 wlp3s0: renamed from wlan0
[  204.295470] iwd[2245]: segfault at c ip 00007f04bbceec00 sp 00007fff11144b38 error 4 in libc.so.6[a7c00,7f04bbc6f000+159000] likely on CPU 0 (core 0, socket 0)
[  204.295503] Code: f0 0f 11 07 0f 11 4c 17 f0 c3 83 fa 08 73 2b 83 fa 04 73 16 83 fa 01 7c 10 8a 0e 74 0a 0f b7 74 16 fe 66 89 74 17 fe 88 0f c3 <8b> 4c 16 fc 8b 36 89 4c 17 fc 89 37 c3 0f 1f 00 48 8b 4c 16 f8 48
[  204.368221] mt7921e 0000:03:00.0 wlp3s0: renamed from wlan0 (while UP)
[  205.376901] iwd[2251]: segfault at c ip 00007fbf50942c00 sp 00007ffc26599438 error 4 in libc.so.6[a7c00,7fbf508c3000+159000] likely on CPU 0 (core 0, socket 0)
[  205.376941] Code: f0 0f 11 07 0f 11 4c 17 f0 c3 83 fa 08 73 2b 83 fa 04 73 16 83 fa 01 7c 10 8a 0e 74 0a 0f b7 74 16 fe 66 89 74 17 fe 88 0f c3 <8b> 4c 16 fc 8b 36 89 4c 17 fc 89 37 c3 0f 1f 00 48 8b 4c 16 f8 48
[  205.453350] mt7921e 0000:03:00.0 wlp3s0: renamed from wlan0 (while UP)
[  206.459765] iwd[2257]: segfault at c ip 00007f64d6817c00 sp 00007ffc495b10f8 error 4 in libc.so.6[a7c00,7f64d6798000+159000] likely on CPU 1 (core 1, socket 0)
[  206.459798] Code: f0 0f 11 07 0f 11 4c 17 f0 c3 83 fa 08 73 2b 83 fa 04 73 16 83 fa 01 7c 10 8a 0e 74 0a 0f b7 74 16 fe 66 89 74 17 fe 88 0f c3 <8b> 4c 16 fc 8b 36 89 4c 17 fc 89 37 c3 0f 1f 00 48 8b 4c 16 f8 48
[  206.530178] mt7921e 0000:03:00.0 wlp3s0: renamed from wlan0 (while UP)
[  207.539094] iwd[2265]: segfault at c ip 00007f2926c23c00 sp 00007ffe5c42c818 error 4 in libc.so.6[a7c00,7f2926ba4000+159000] likely on CPU 1 (core 1, socket 0)
[  207.539132] Code: f0 0f 11 07 0f 11 4c 17 f0 c3 83 fa 08 73 2b 83 fa 04 73 16 83 fa 01 7c 10 8a 0e 74 0a 0f b7 74 16 fe 66 89 74 17 fe 88 0f c3 <8b> 4c 16 fc 8b 36 89 4c 17 fc 89 37 c3 0f 1f 00 48 8b 4c 16 f8 48
[  207.603113] mt7921e 0000:03:00.0 wlp3s0: renamed from wlan0 (while UP)
[  208.621428] iwd[2271]: segfault at c ip 00007f52d65b5c00 sp 00007fffbc284cb8 error 4 in libc.so.6[a7c00,7f52d6536000+159000] likely on CPU 1 (core 1, socket 0)
[  208.621462] Code: f0 0f 11 07 0f 11 4c 17 f0 c3 83 fa 08 73 2b 83 fa 04 73 16 83 fa 01 7c 10 8a 0e 74 0a 0f b7 74 16 fe 66 89 74 17 fe 88 0f c3 <8b> 4c 16 fc 8b 36 89 4c 17 fc 89 37 c3 0f 1f 00 48 8b 4c 16 f8 48
[  208.685796] mt7921e 0000:03:00.0 wlp3s0: renamed from wlan0 (while UP)
[  209.692081] iwd[2277]: segfault at c ip 00007f27a31e3c00 sp 00007ffd7942fb18 error 4 in libc.so.6[a7c00,7f27a3164000+159000] likely on CPU 1 (core 1, socket 0)
[  209.692119] Code: f0 0f 11 07 0f 11 4c 17 f0 c3 83 fa 08 73 2b 83 fa 04 73 16 83 fa 01 7c 10 8a 0e 74 0a 0f b7 74 16 fe 66 89 74 17 fe 88 0f c3 <8b> 4c 16 fc 8b 36 89 4c 17 fc 89 37 c3 0f 1f 00 48 8b 4c 16 f8 48
[  209.769314] mt7921e 0000:03:00.0 wlp3s0: renamed from wlan0 (while UP)
[  210.776358] iwd[2283]: segfault at c ip 00007f65c4e4cc00 sp 00007ffe40c9f3b8 error 4 in libc.so.6[a7c00,7f65c4dcd000+159000] likely on CPU 0 (core 0, socket 0)
[  210.776391] Code: f0 0f 11 07 0f 11 4c 17 f0 c3 83 fa 08 73 2b 83 fa 04 73 16 83 fa 01 7c 10 8a 0e 74 0a 0f b7 74 16 fe 66 89 74 17 fe 88 0f c3 <8b> 4c 16 fc 8b 36 89 4c 17 fc 89 37 c3 0f 1f 00 48 8b 4c 16 f8 48
[  210.839389] mt7921e 0000:03:00.0 wlp3s0: renamed from wlan0 (while UP)
[  211.850528] iwd[2289]: segfault at c ip 00007f5a4f841c00 sp 00007ffdddffc978 error 4 in libc.so.6[a7c00,7f5a4f7c2000+159000] likely on CPU 0 (core 0, socket 0)
[  211.850561] Code: f0 0f 11 07 0f 11 4c 17 f0 c3 83 fa 08 73 2b 83 fa 04 73 16 83 fa 01 7c 10 8a 0e 74 0a 0f b7 74 16 fe 66 89 74 17 fe 88 0f c3 <8b> 4c 16 fc 8b 36 89 4c 17 fc 89 37 c3 0f 1f 00 48 8b 4c 16 f8 48
[  211.918307] mt7921e 0000:03:00.0 wlp3s0: renamed from wlan0 (while UP)
[  212.922855] iwd[2295]: segfault at c ip 00007f3a99937c00 sp 00007ffdd691fda8 error 4 in libc.so.6[a7c00,7f3a998b8000+159000] likely on CPU 0 (core 0, socket 0)
[  212.922895] Code: f0 0f 11 07 0f 11 4c 17 f0 c3 83 fa 08 73 2b 83 fa 04 73 16 83 fa 01 7c 10 8a 0e 74 0a 0f b7 74 16 fe 66 89 74 17 fe 88 0f c3 <8b> 4c 16 fc 8b 36 89 4c 17 fc 89 37 c3 0f 1f 00 48 8b 4c 16 f8 48
[  212.985366] mt7921e 0000:03:00.0 wlp3s0: renamed from wlan0 (while UP)
[  213.990662] iwd[2301]: segfault at c ip 00007f3a2f7ebc00 sp 00007ffda452e9a8 error 4 in libc.so.6[a7c00,7f3a2f76c000+159000] likely on CPU 0 (core 0, socket 0)
[  213.990695] Code: f0 0f 11 07 0f 11 4c 17 f0 c3 83 fa 08 73 2b 83 fa 04 73 16 83 fa 01 7c 10 8a 0e 74 0a 0f b7 74 16 fe 66 89 74 17 fe 88 0f c3 <8b> 4c 16 fc 8b 36 89 4c 17 fc 89 37 c3 0f 1f 00 48 8b 4c 16 f8 48
[  214.070904] mt7921e 0000:03:00.0 wlp3s0: renamed from wlan0 (while UP)
[  215.092876] iwd[2309]: segfault at c ip 00007fb948ed4c00 sp 00007fff14521078 error 4 in libc.so.6[a7c00,7fb948e55000+159000] likely on CPU 1 (core 1, socket 0)
[  215.092919] Code: f0 0f 11 07 0f 11 4c 17 f0 c3 83 fa 08 73 2b 83 fa 04 73 16 83 fa 01 7c 10 8a 0e 74 0a 0f b7 74 16 fe 66 89 74 17 fe 88 0f c3 <8b> 4c 16 fc 8b 36 89 4c 17 fc 89 37 c3 0f 1f 00 48 8b 4c 16 f8 48
[  215.160798] mt7921e 0000:03:00.0 wlp3s0: renamed from wlan0 (while UP)
[  216.168260] iwd[2315]: segfault at c ip 00007f353ee77c00 sp 00007ffed63990c8 error 4 in libc.so.6[a7c00,7f353edf8000+159000] likely on CPU 1 (core 1, socket 0)
[  216.168345] Code: f0 0f 11 07 0f 11 4c 17 f0 c3 83 fa 08 73 2b 83 fa 04 73 16 83 fa 01 7c 10 8a 0e 74 0a 0f b7 74 16 fe 66 89 74 17 fe 88 0f c3 <8b> 4c 16 fc 8b 36 89 4c 17 fc 89 37 c3 0f 1f 00 48 8b 4c 16 f8 48
[  216.232021] mt7921e 0000:03:00.0 wlp3s0: renamed from wlan0 (while UP)
[  217.237777] iwd[2321]: segfault at c ip 00007f2af0b20c00 sp 00007ffe7bad6338 error 4 in libc.so.6[a7c00,7f2af0aa1000+159000] likely on CPU 0 (core 0, socket 0)
[  217.237815] Code: f0 0f 11 07 0f 11 4c 17 f0 c3 83 fa 08 73 2b 83 fa 04 73 16 83 fa 01 7c 10 8a 0e 74 0a 0f b7 74 16 fe 66 89 74 17 fe 88 0f c3 <8b> 4c 16 fc 8b 36 89 4c 17 fc 89 37 c3 0f 1f 00 48 8b 4c 16 f8 48
[  217.298959] mt7921e 0000:03:00.0 wlp3s0: renamed from wlan0 (while UP)
[  218.305086] iwd[2327]: segfault at c ip 00007f9831a6dc00 sp 00007ffc58853148 error 4 in libc.so.6[a7c00,7f98319ee000+159000] likely on CPU 0 (core 0, socket 0)
[  218.305124] Code: f0 0f 11 07 0f 11 4c 17 f0 c3 83 fa 08 73 2b 83 fa 04 73 16 83 fa 01 7c 10 8a 0e 74 0a 0f b7 74 16 fe 66 89 74 17 fe 88 0f c3 <8b> 4c 16 fc 8b 36 89 4c 17 fc 89 37 c3 0f 1f 00 48 8b 4c 16 f8 48
[  218.369018] mt7921e 0000:03:00.0 wlp3s0: renamed from wlan0 (while UP)
[  219.377819] iwd[2333]: segfault at c ip 00007fbb8bc0cc00 sp 00007ffd0df66a68 error 4 in libc.so.6[a7c00,7fbb8bb8d000+159000] likely on CPU 1 (core 1, socket 0)
[  219.377857] Code: f0 0f 11 07 0f 11 4c 17 f0 c3 83 fa 08 73 2b 83 fa 04 73 16 83 fa 01 7c 10 8a 0e 74 0a 0f b7 74 16 fe 66 89 74 17 fe 88 0f c3 <8b> 4c 16 fc 8b 36 89 4c 17 fc 89 37 c3 0f 1f 00 48 8b 4c 16 f8 48
[  219.443119] mt7921e 0000:03:00.0 wlp3s0: renamed from wlan0 (while UP)
[  220.453627] iwd[2339]: segfault at c ip 00007f40f0ce2c00 sp 00007ffd08052dc8 error 4 in libc.so.6[a7c00,7f40f0c63000+159000] likely on CPU 0 (core 0, socket 0)
[  220.453664] Code: f0 0f 11 07 0f 11 4c 17 f0 c3 83 fa 08 73 2b 83 fa 04 73 16 83 fa 01 7c 10 8a 0e 74 0a 0f b7 74 16 fe 66 89 74 17 fe 88 0f c3 <8b> 4c 16 fc 8b 36 89 4c 17 fc 89 37 c3 0f 1f 00 48 8b 4c 16 f8 48
[  220.525306] mt7921e 0000:03:00.0 wlp3s0: renamed from wlan0 (while UP)
[  221.535696] iwd[2345]: segfault at c ip 00007f79eba26c00 sp 00007ffc0be6cae8 error 4 in libc.so.6[a7c00,7f79eb9a7000+159000] likely on CPU 0 (core 0, socket 0)
[  221.535736] Code: f0 0f 11 07 0f 11 4c 17 f0 c3 83 fa 08 73 2b 83 fa 04 73 16 83 fa 01 7c 10 8a 0e 74 0a 0f b7 74 16 fe 66 89 74 17 fe 88 0f c3 <8b> 4c 16 fc 8b 36 89 4c 17 fc 89 37 c3 0f 1f 00 48 8b 4c 16 f8 48
[  221.604174] mt7921e 0000:03:00.0 wlp3s0: renamed from wlan0 (while UP)
[  222.611314] iwd[2351]: segfault at c ip 00007fc28ee7fc00 sp 00007ffeb72112a8 error 4 in libc.so.6[a7c00,7fc28ee00000+159000] likely on CPU 1 (core 1, socket 0)
[  222.611350] Code: f0 0f 11 07 0f 11 4c 17 f0 c3 83 fa 08 73 2b 83 fa 04 73 16 83 fa 01 7c 10 8a 0e 74 0a 0f b7 74 16 fe 66 89 74 17 fe 88 0f c3 <8b> 4c 16 fc 8b 36 89 4c 17 fc 89 37 c3 0f 1f 00 48 8b 4c 16 f8 48
[  222.680299] mt7921e 0000:03:00.0 wlp3s0: renamed from wlan0 (while UP)
[  223.688817] iwd[2357]: segfault at c ip 00007f336f760c00 sp 00007fff33a94378 error 4 in libc.so.6[a7c00,7f336f6e1000+159000] likely on CPU 0 (core 0, socket 0)
[  223.688854] Code: f0 0f 11 07 0f 11 4c 17 f0 c3 83 fa 08 73 2b 83 fa 04 73 16 83 fa 01 7c 10 8a 0e 74 0a 0f b7 74 16 fe 66 89 74 17 fe 88 0f c3 <8b> 4c 16 fc 8b 36 89 4c 17 fc 89 37 c3 0f 1f 00 48 8b 4c 16 f8 48
[  223.754089] mt7921e 0000:03:00.0 wlp3s0: renamed from wlan0 (while UP)
[  224.761994] iwd[2363]: segfault at c ip 00007ff57febdc00 sp 00007ffde8275078 error 4 in libc.so.6[a7c00,7ff57fe3e000+159000] likely on CPU 0 (core 0, socket 0)
[  224.762027] Code: f0 0f 11 07 0f 11 4c 17 f0 c3 83 fa 08 73 2b 83 fa 04 73 16 83 fa 01 7c 10 8a 0e 74 0a 0f b7 74 16 fe 66 89 74 17 fe 88 0f c3 <8b> 4c 16 fc 8b 36 89 4c 17 fc 89 37 c3 0f 1f 00 48 8b 4c 16 f8 48
[  224.825105] mt7921e 0000:03:00.0 wlp3s0: renamed from wlan0 (while UP)
[  225.837343] iwd[2369]: segfault at c ip 00007f92a07e8c00 sp 00007ffcc2f00fd8 error 4 in libc.so.6[a7c00,7f92a0769000+159000] likely on CPU 0 (core 0, socket 0)
[  225.837379] Code: f0 0f 11 07 0f 11 4c 17 f0 c3 83 fa 08 73 2b 83 fa 04 73 16 83 fa 01 7c 10 8a 0e 74 0a 0f b7 74 16 fe 66 89 74 17 fe 88 0f c3 <8b> 4c 16 fc 8b 36 89 4c 17 fc 89 37 c3 0f 1f 00 48 8b 4c 16 f8 48
[  225.875009] mt7921e 0000:03:00.0 wlp3s0: renamed from wlan0
[  226.908362] iwd[2375]: segfault at c ip 00007f8443c60c00 sp 00007ffe9c71d518 error 4 in libc.so.6[a7c00,7f8443be1000+159000] likely on CPU 0 (core 0, socket 0)
[  226.908394] Code: f0 0f 11 07 0f 11 4c 17 f0 c3 83 fa 08 73 2b 83 fa 04 73 16 83 fa 01 7c 10 8a 0e 74 0a 0f b7 74 16 fe 66 89 74 17 fe 88 0f c3 <8b> 4c 16 fc 8b 36 89 4c 17 fc 89 37 c3 0f 1f 00 48 8b 4c 16 f8 48
[  226.980300] mt7921e 0000:03:00.0 wlp3s0: renamed from wlan0 (while UP)
[  227.987174] iwd[2381]: segfault at c ip 00007f6928746c00 sp 00007ffc35935e58 error 4 in libc.so.6[a7c00,7f69286c7000+159000] likely on CPU 0 (core 0, socket 0)
[  227.987211] Code: f0 0f 11 07 0f 11 4c 17 f0 c3 83 fa 08 73 2b 83 fa 04 73 16 83 fa 01 7c 10 8a 0e 74 0a 0f b7 74 16 fe 66 89 74 17 fe 88 0f c3 <8b> 4c 16 fc 8b 36 89 4c 17 fc 89 37 c3 0f 1f 00 48 8b 4c 16 f8 48
[  228.048038] mt7921e 0000:03:00.0 wlp3s0: renamed from wlan0 (while UP)
[  229.054765] iwd[2387]: segfault at c ip 00007f2f638a7c00 sp 00007fff7444fd88 error 4 in libc.so.6[a7c00,7f2f63828000+159000] likely on CPU 0 (core 0, socket 0)
[  229.054803] Code: f0 0f 11 07 0f 11 4c 17 f0 c3 83 fa 08 73 2b 83 fa 04 73 16 83 fa 01 7c 10 8a 0e 74 0a 0f b7 74 16 fe 66 89 74 17 fe 88 0f c3 <8b> 4c 16 fc 8b 36 89 4c 17 fc 89 37 c3 0f 1f 00 48 8b 4c 16 f8 48
[  229.124330] mt7921e 0000:03:00.0 wlp3s0: renamed from wlan0 (while UP)
[  230.130848] iwd[2393]: segfault at c ip 00007f9a5e381c00 sp 00007ffe439be498 error 4 in libc.so.6[a7c00,7f9a5e302000+159000] likely on CPU 0 (core 0, socket 0)
[  230.130886] Code: f0 0f 11 07 0f 11 4c 17 f0 c3 83 fa 08 73 2b 83 fa 04 73 16 83 fa 01 7c 10 8a 0e 74 0a 0f b7 74 16 fe 66 89 74 17 fe 88 0f c3 <8b> 4c 16 fc 8b 36 89 4c 17 fc 89 37 c3 0f 1f 00 48 8b 4c 16 f8 48
[  230.194189] mt7921e 0000:03:00.0 wlp3s0: renamed from wlan0 (while UP)
[  231.205720] iwd[2399]: segfault at c ip 00007fb050b81c00 sp 00007ffd788fbd18 error 4 in libc.so.6[a7c00,7fb050b02000+159000] likely on CPU 0 (core 0, socket 0)
[  231.205759] Code: f0 0f 11 07 0f 11 4c 17 f0 c3 83 fa 08 73 2b 83 fa 04 73 16 83 fa 01 7c 10 8a 0e 74 0a 0f b7 74 16 fe 66 89 74 17 fe 88 0f c3 <8b> 4c 16 fc 8b 36 89 4c 17 fc 89 37 c3 0f 1f 00 48 8b 4c 16 f8 48
[  231.271215] mt7921e 0000:03:00.0 wlp3s0: renamed from wlan0 (while UP)
[  232.279315] iwd[2405]: segfault at c ip 00007fb1ae1b4c00 sp 00007ffd1da227d8 error 4 in libc.so.6[a7c00,7fb1ae135000+159000] likely on CPU 1 (core 1, socket 0)
[  232.279359] Code: f0 0f 11 07 0f 11 4c 17 f0 c3 83 fa 08 73 2b 83 fa 04 73 16 83 fa 01 7c 10 8a 0e 74 0a 0f b7 74 16 fe 66 89 74 17 fe 88 0f c3 <8b> 4c 16 fc 8b 36 89 4c 17 fc 89 37 c3 0f 1f 00 48 8b 4c 16 f8 48
[  232.345013] mt7921e 0000:03:00.0 wlp3s0: renamed from wlan0 (while UP)
[  233.351622] iwd[2411]: segfault at c ip 00007f183c503c00 sp 00007fffe7a3a138 error 4 in libc.so.6[a7c00,7f183c484000+159000] likely on CPU 0 (core 0, socket 0)
[  233.351664] Code: f0 0f 11 07 0f 11 4c 17 f0 c3 83 fa 08 73 2b 83 fa 04 73 16 83 fa 01 7c 10 8a 0e 74 0a 0f b7 74 16 fe 66 89 74 17 fe 88 0f c3 <8b> 4c 16 fc 8b 36 89 4c 17 fc 89 37 c3 0f 1f 00 48 8b 4c 16 f8 48
[  233.419066] mt7921e 0000:03:00.0 wlp3s0: renamed from wlan0 (while UP)
[  234.425725] iwd[2417]: segfault at c ip 00007f04deb0bc00 sp 00007ffd2dcd23a8 error 4 in libc.so.6[a7c00,7f04dea8c000+159000] likely on CPU 1 (core 1, socket 0)
[  234.425763] Code: f0 0f 11 07 0f 11 4c 17 f0 c3 83 fa 08 73 2b 83 fa 04 73 16 83 fa 01 7c 10 8a 0e 74 0a 0f b7 74 16 fe 66 89 74 17 fe 88 0f c3 <8b> 4c 16 fc 8b 36 89 4c 17 fc 89 37 c3 0f 1f 00 48 8b 4c 16 f8 48
[  234.488650] mt7921e 0000:03:00.0 wlp3s0: renamed from wlan0 (while UP)
[  235.496392] iwd[2423]: segfault at c ip 00007f56426cac00 sp 00007ffd503a0828 error 4 in libc.so.6[a7c00,7f564264b000+159000] likely on CPU 0 (core 0, socket 0)
[  235.496427] Code: f0 0f 11 07 0f 11 4c 17 f0 c3 83 fa 08 73 2b 83 fa 04 73 16 83 fa 01 7c 10 8a 0e 74 0a 0f b7 74 16 fe 66 89 74 17 fe 88 0f c3 <8b> 4c 16 fc 8b 36 89 4c 17 fc 89 37 c3 0f 1f 00 48 8b 4c 16 f8 48
[  235.563179] mt7921e 0000:03:00.0 wlp3s0: renamed from wlan0 (while UP)
[  236.571621] iwd[2429]: segfault at c ip 00007fb4000c5c00 sp 00007ffc7445d488 error 4 in libc.so.6[a7c00,7fb400046000+159000] likely on CPU 1 (core 1, socket 0)
[  236.571658] Code: f0 0f 11 07 0f 11 4c 17 f0 c3 83 fa 08 73 2b 83 fa 04 73 16 83 fa 01 7c 10 8a 0e 74 0a 0f b7 74 16 fe 66 89 74 17 fe 88 0f c3 <8b> 4c 16 fc 8b 36 89 4c 17 fc 89 37 c3 0f 1f 00 48 8b 4c 16 f8 48
[  236.634219] mt7921e 0000:03:00.0 wlp3s0: renamed from wlan0 (while UP)
[  237.641960] iwd[2435]: segfault at c ip 00007f752d7c2c00 sp 00007fffb7ba4068 error 4 in libc.so.6[a7c00,7f752d743000+159000] likely on CPU 0 (core 0, socket 0)
[  237.641993] Code: f0 0f 11 07 0f 11 4c 17 f0 c3 83 fa 08 73 2b 83 fa 04 73 16 83 fa 01 7c 10 8a 0e 74 0a 0f b7 74 16 fe 66 89 74 17 fe 88 0f c3 <8b> 4c 16 fc 8b 36 89 4c 17 fc 89 37 c3 0f 1f 00 48 8b 4c 16 f8 48
[  237.714198] mt7921e 0000:03:00.0 wlp3s0: renamed from wlan0 (while UP)
[  238.721860] iwd[2441]: segfault at c ip 00007fa0765a7c00 sp 00007fff7d51e928 error 4 in libc.so.6[a7c00,7fa076528000+159000] likely on CPU 1 (core 1, socket 0)
[  238.721893] Code: f0 0f 11 07 0f 11 4c 17 f0 c3 83 fa 08 73 2b 83 fa 04 73 16 83 fa 01 7c 10 8a 0e 74 0a 0f b7 74 16 fe 66 89 74 17 fe 88 0f c3 <8b> 4c 16 fc 8b 36 89 4c 17 fc 89 37 c3 0f 1f 00 48 8b 4c 16 f8 48
[  238.798312] mt7921e 0000:03:00.0 wlp3s0: renamed from wlan0 (while UP)
[  239.803189] iwd[2447]: segfault at c ip 00007fa00c973c00 sp 00007ffc76f7aa28 error 4 in libc.so.6[a7c00,7fa00c8f4000+159000] likely on CPU 1 (core 1, socket 0)
[  239.803230] Code: f0 0f 11 07 0f 11 4c 17 f0 c3 83 fa 08 73 2b 83 fa 04 73 16 83 fa 01 7c 10 8a 0e 74 0a 0f b7 74 16 fe 66 89 74 17 fe 88 0f c3 <8b> 4c 16 fc 8b 36 89 4c 17 fc 89 37 c3 0f 1f 00 48 8b 4c 16 f8 48
[  239.868109] mt7921e 0000:03:00.0 wlp3s0: renamed from wlan0 (while UP)
[  240.874269] iwd[2453]: segfault at c ip 00007f26e896cc00 sp 00007fff6a7bf598 error 4 in libc.so.6[a7c00,7f26e88ed000+159000] likely on CPU 1 (core 1, socket 0)
[  240.874336] Code: f0 0f 11 07 0f 11 4c 17 f0 c3 83 fa 08 73 2b 83 fa 04 73 16 83 fa 01 7c 10 8a 0e 74 0a 0f b7 74 16 fe 66 89 74 17 fe 88 0f c3 <8b> 4c 16 fc 8b 36 89 4c 17 fc 89 37 c3 0f 1f 00 48 8b 4c 16 f8 48
[  240.941740] mt7921e 0000:03:00.0 wlp3s0: renamed from wlan0 (while UP)
[  241.948349] iwd[2459]: segfault at c ip 00007fa0395b6c00 sp 00007ffc6cf4d148 error 4 in libc.so.6[a7c00,7fa039537000+159000] likely on CPU 1 (core 1, socket 0)
[  241.948389] Code: f0 0f 11 07 0f 11 4c 17 f0 c3 83 fa 08 73 2b 83 fa 04 73 16 83 fa 01 7c 10 8a 0e 74 0a 0f b7 74 16 fe 66 89 74 17 fe 88 0f c3 <8b> 4c 16 fc 8b 36 89 4c 17 fc 89 37 c3 0f 1f 00 48 8b 4c 16 f8 48
[  242.017306] mt7921e 0000:03:00.0 wlp3s0: renamed from wlan0 (while UP)
[  243.037144] iwd[2465]: segfault at c ip 00007f32b692ec00 sp 00007ffce6b397a8 error 4 in libc.so.6[a7c00,7f32b68af000+159000] likely on CPU 1 (core 1, socket 0)
[  243.037182] Code: f0 0f 11 07 0f 11 4c 17 f0 c3 83 fa 08 73 2b 83 fa 04 73 16 83 fa 01 7c 10 8a 0e 74 0a 0f b7 74 16 fe 66 89 74 17 fe 88 0f c3 <8b> 4c 16 fc 8b 36 89 4c 17 fc 89 37 c3 0f 1f 00 48 8b 4c 16 f8 48
[  243.101302] mt7921e 0000:03:00.0 wlp3s0: renamed from wlan0 (while UP)
[  244.103877] iwd[2471]: segfault at c ip 00007f15cf0e0c00 sp 00007ffd0f9840d8 error 4 in libc.so.6[a7c00,7f15cf061000+159000] likely on CPU 0 (core 0, socket 0)
[  244.103910] Code: f0 0f 11 07 0f 11 4c 17 f0 c3 83 fa 08 73 2b 83 fa 04 73 16 83 fa 01 7c 10 8a 0e 74 0a 0f b7 74 16 fe 66 89 74 17 fe 88 0f c3 <8b> 4c 16 fc 8b 36 89 4c 17 fc 89 37 c3 0f 1f 00 48 8b 4c 16 f8 48
[  244.169380] mt7921e 0000:03:00.0 wlp3s0: renamed from wlan0 (while UP)
[  245.177096] iwd[2479]: segfault at c ip 00007f01602b3c00 sp 00007ffc61b60b08 error 4 in libc.so.6[a7c00,7f0160234000+159000] likely on CPU 1 (core 1, socket 0)
[  245.177134] Code: f0 0f 11 07 0f 11 4c 17 f0 c3 83 fa 08 73 2b 83 fa 04 73 16 83 fa 01 7c 10 8a 0e 74 0a 0f b7 74 16 fe 66 89 74 17 fe 88 0f c3 <8b> 4c 16 fc 8b 36 89 4c 17 fc 89 37 c3 0f 1f 00 48 8b 4c 16 f8 48
[  245.244797] mt7921e 0000:03:00.0 wlp3s0: renamed from wlan0 (while UP)
[  246.257050] iwd[2485]: segfault at c ip 00007f76d9c26c00 sp 00007ffed37bbae8 error 4 in libc.so.6[a7c00,7f76d9ba7000+159000] likely on CPU 0 (core 0, socket 0)
[  246.257091] Code: f0 0f 11 07 0f 11 4c 17 f0 c3 83 fa 08 73 2b 83 fa 04 73 16 83 fa 01 7c 10 8a 0e 74 0a 0f b7 74 16 fe 66 89 74 17 fe 88 0f c3 <8b> 4c 16 fc 8b 36 89 4c 17 fc 89 37 c3 0f 1f 00 48 8b 4c 16 f8 48
[  246.331914] mt7921e 0000:03:00.0 wlp3s0: renamed from wlan0 (while UP)
[  247.338183] iwd[2491]: segfault at c ip 00007f2cb9762c00 sp 00007fff1fc4a3a8 error 4 in libc.so.6[a7c00,7f2cb96e3000+159000] likely on CPU 1 (core 1, socket 0)
[  247.338216] Code: f0 0f 11 07 0f 11 4c 17 f0 c3 83 fa 08 73 2b 83 fa 04 73 16 83 fa 01 7c 10 8a 0e 74 0a 0f b7 74 16 fe 66 89 74 17 fe 88 0f c3 <8b> 4c 16 fc 8b 36 89 4c 17 fc 89 37 c3 0f 1f 00 48 8b 4c 16 f8 48
[  247.402294] mt7921e 0000:03:00.0 wlp3s0: renamed from wlan0 (while UP)
[  248.407628] iwd[2499]: segfault at c ip 00007fe4b588ec00 sp 00007fffe92f0968 error 4 in libc.so.6[a7c00,7fe4b580f000+159000] likely on CPU 0 (core 0, socket 0)
[  248.407663] Code: f0 0f 11 07 0f 11 4c 17 f0 c3 83 fa 08 73 2b 83 fa 04 73 16 83 fa 01 7c 10 8a 0e 74 0a 0f b7 74 16 fe 66 89 74 17 fe 88 0f c3 <8b> 4c 16 fc 8b 36 89 4c 17 fc 89 37 c3 0f 1f 00 48 8b 4c 16 f8 48
[  248.477265] mt7921e 0000:03:00.0 wlp3s0: renamed from wlan0 (while UP)
[  249.488607] iwd[2505]: segfault at c ip 00007f4bb9ee2c00 sp 00007ffd55b08ee8 error 4 in libc.so.6[a7c00,7f4bb9e63000+159000] likely on CPU 1 (core 1, socket 0)
[  249.488643] Code: f0 0f 11 07 0f 11 4c 17 f0 c3 83 fa 08 73 2b 83 fa 04 73 16 83 fa 01 7c 10 8a 0e 74 0a 0f b7 74 16 fe 66 89 74 17 fe 88 0f c3 <8b> 4c 16 fc 8b 36 89 4c 17 fc 89 37 c3 0f 1f 00 48 8b 4c 16 f8 48
[  249.550771] mt7921e 0000:03:00.0 wlp3s0: renamed from wlan0 (while UP)
[  250.556892] iwd[2511]: segfault at c ip 00007efd4314fc00 sp 00007ffe268d0858 error 4 in libc.so.6[a7c00,7efd430d0000+159000] likely on CPU 1 (core 1, socket 0)
[  250.556959] Code: f0 0f 11 07 0f 11 4c 17 f0 c3 83 fa 08 73 2b 83 fa 04 73 16 83 fa 01 7c 10 8a 0e 74 0a 0f b7 74 16 fe 66 89 74 17 fe 88 0f c3 <8b> 4c 16 fc 8b 36 89 4c 17 fc 89 37 c3 0f 1f 00 48 8b 4c 16 f8 48
[  250.626842] mt7921e 0000:03:00.0 wlp3s0: renamed from wlan0 (while UP)
[  251.633485] iwd[2517]: segfault at c ip 00007f78e23bfc00 sp 00007ffe76cab3a8 error 4 in libc.so.6[a7c00,7f78e2340000+159000] likely on CPU 0 (core 0, socket 0)
[  251.633526] Code: f0 0f 11 07 0f 11 4c 17 f0 c3 83 fa 08 73 2b 83 fa 04 73 16 83 fa 01 7c 10 8a 0e 74 0a 0f b7 74 16 fe 66 89 74 17 fe 88 0f c3 <8b> 4c 16 fc 8b 36 89 4c 17 fc 89 37 c3 0f 1f 00 48 8b 4c 16 f8 48
[  251.696569] mt7921e 0000:03:00.0 wlp3s0: renamed from wlan0 (while UP)
[  252.702945] iwd[2523]: segfault at c ip 00007f3bc5a69c00 sp 00007ffc2651acf8 error 4 in libc.so.6[a7c00,7f3bc59ea000+159000] likely on CPU 0 (core 0, socket 0)
[  252.702978] Code: f0 0f 11 07 0f 11 4c 17 f0 c3 83 fa 08 73 2b 83 fa 04 73 16 83 fa 01 7c 10 8a 0e 74 0a 0f b7 74 16 fe 66 89 74 17 fe 88 0f c3 <8b> 4c 16 fc 8b 36 89 4c 17 fc 89 37 c3 0f 1f 00 48 8b 4c 16 f8 48
[  252.771349] mt7921e 0000:03:00.0 wlp3s0: renamed from wlan0 (while UP)
[  253.781527] iwd[2531]: segfault at c ip 00007f593ee33c00 sp 00007ffe7a628698 error 4 in libc.so.6[a7c00,7f593edb4000+159000] likely on CPU 1 (core 1, socket 0)
[  253.781564] Code: f0 0f 11 07 0f 11 4c 17 f0 c3 83 fa 08 73 2b 83 fa 04 73 16 83 fa 01 7c 10 8a 0e 74 0a 0f b7 74 16 fe 66 89 74 17 fe 88 0f c3 <8b> 4c 16 fc 8b 36 89 4c 17 fc 89 37 c3 0f 1f 00 48 8b 4c 16 f8 48
[  253.846091] mt7921e 0000:03:00.0 wlp3s0: renamed from wlan0 (while UP)
[  254.854267] iwd[2537]: segfault at c ip 00007fc6165d2c00 sp 00007ffced6ea9a8 error 4 in libc.so.6[a7c00,7fc616553000+159000] likely on CPU 0 (core 0, socket 0)
[  254.854353] Code: f0 0f 11 07 0f 11 4c 17 f0 c3 83 fa 08 73 2b 83 fa 04 73 16 83 fa 01 7c 10 8a 0e 74 0a 0f b7 74 16 fe 66 89 74 17 fe 88 0f c3 <8b> 4c 16 fc 8b 36 89 4c 17 fc 89 37 c3 0f 1f 00 48 8b 4c 16 f8 48
[  254.926922] mt7921e 0000:03:00.0 wlp3s0: renamed from wlan0 (while UP)
[  255.936605] iwd[2543]: segfault at c ip 00007fcb4eadbc00 sp 00007fff057965c8 error 4 in libc.so.6[a7c00,7fcb4ea5c000+159000] likely on CPU 0 (core 0, socket 0)
[  255.936646] Code: f0 0f 11 07 0f 11 4c 17 f0 c3 83 fa 08 73 2b 83 fa 04 73 16 83 fa 01 7c 10 8a 0e 74 0a 0f b7 74 16 fe 66 89 74 17 fe 88 0f c3 <8b> 4c 16 fc 8b 36 89 4c 17 fc 89 37 c3 0f 1f 00 48 8b 4c 16 f8 48
[  256.005332] mt7921e 0000:03:00.0 wlp3s0: renamed from wlan0 (while UP)
[  257.013375] iwd[2549]: segfault at c ip 00007f37dcfb8c00 sp 00007fff5b8c6ad8 error 4 in libc.so.6[a7c00,7f37dcf39000+159000] likely on CPU 0 (core 0, socket 0)
[  257.013408] Code: f0 0f 11 07 0f 11 4c 17 f0 c3 83 fa 08 73 2b 83 fa 04 73 16 83 fa 01 7c 10 8a 0e 74 0a 0f b7 74 16 fe 66 89 74 17 fe 88 0f c3 <8b> 4c 16 fc 8b 36 89 4c 17 fc 89 37 c3 0f 1f 00 48 8b 4c 16 f8 48
[  257.082101] mt7921e 0000:03:00.0 wlp3s0: renamed from wlan0 (while UP)
[  258.099600] iwd[2557]: segfault at c ip 00007f2291871c00 sp 00007ffcdeb74608 error 4 in libc.so.6[a7c00,7f22917f2000+159000] likely on CPU 0 (core 0, socket 0)
[  258.099637] Code: f0 0f 11 07 0f 11 4c 17 f0 c3 83 fa 08 73 2b 83 fa 04 73 16 83 fa 01 7c 10 8a 0e 74 0a 0f b7 74 16 fe 66 89 74 17 fe 88 0f c3 <8b> 4c 16 fc 8b 36 89 4c 17 fc 89 37 c3 0f 1f 00 48 8b 4c 16 f8 48
[  258.162057] mt7921e 0000:03:00.0 wlp3s0: renamed from wlan0 (while UP)
[  259.168353] iwd[2563]: segfault at c ip 00007f14ea1b3c00 sp 00007fff79193848 error 4 in libc.so.6[a7c00,7f14ea134000+159000] likely on CPU 0 (core 0, socket 0)
[  259.168393] Code: f0 0f 11 07 0f 11 4c 17 f0 c3 83 fa 08 73 2b 83 fa 04 73 16 83 fa 01 7c 10 8a 0e 74 0a 0f b7 74 16 fe 66 89 74 17 fe 88 0f c3 <8b> 4c 16 fc 8b 36 89 4c 17 fc 89 37 c3 0f 1f 00 48 8b 4c 16 f8 48
[  259.247293] mt7921e 0000:03:00.0 wlp3s0: renamed from wlan0 (while UP)
[  260.256483] iwd[2569]: segfault at c ip 00007fe928c99c00 sp 00007ffe9e01d5b8 error 4 in libc.so.6[a7c00,7fe928c1a000+159000] likely on CPU 0 (core 0, socket 0)
[  260.256516] Code: f0 0f 11 07 0f 11 4c 17 f0 c3 83 fa 08 73 2b 83 fa 04 73 16 83 fa 01 7c 10 8a 0e 74 0a 0f b7 74 16 fe 66 89 74 17 fe 88 0f c3 <8b> 4c 16 fc 8b 36 89 4c 17 fc 89 37 c3 0f 1f 00 48 8b 4c 16 f8 48
[  260.323868] mt7921e 0000:03:00.0 wlp3s0: renamed from wlan0 (while UP)
[  261.337000] iwd[2577]: segfault at c ip 00007f9d80e8bc00 sp 00007ffca05f8d58 error 4 in libc.so.6[a7c00,7f9d80e0c000+159000] likely on CPU 1 (core 1, socket 0)
[  261.337034] Code: f0 0f 11 07 0f 11 4c 17 f0 c3 83 fa 08 73 2b 83 fa 04 73 16 83 fa 01 7c 10 8a 0e 74 0a 0f b7 74 16 fe 66 89 74 17 fe 88 0f c3 <8b> 4c 16 fc 8b 36 89 4c 17 fc 89 37 c3 0f 1f 00 48 8b 4c 16 f8 48
[  261.411583] mt7921e 0000:03:00.0 wlp3s0: renamed from wlan0 (while UP)
[  262.420253] iwd[2583]: segfault at c ip 00007f5b3d123c00 sp 00007ffd7bc9cfe8 error 4 in libc.so.6[a7c00,7f5b3d0a4000+159000] likely on CPU 0 (core 0, socket 0)
[  262.420339] Code: f0 0f 11 07 0f 11 4c 17 f0 c3 83 fa 08 73 2b 83 fa 04 73 16 83 fa 01 7c 10 8a 0e 74 0a 0f b7 74 16 fe 66 89 74 17 fe 88 0f c3 <8b> 4c 16 fc 8b 36 89 4c 17 fc 89 37 c3 0f 1f 00 48 8b 4c 16 f8 48
[  262.493304] mt7921e 0000:03:00.0 wlp3s0: renamed from wlan0 (while UP)
[  263.500655] iwd[2589]: segfault at c ip 00007f92c14cdc00 sp 00007ffdca9a06e8 error 4 in libc.so.6[a7c00,7f92c144e000+159000] likely on CPU 0 (core 0, socket 0)
[  263.500686] Code: f0 0f 11 07 0f 11 4c 17 f0 c3 83 fa 08 73 2b 83 fa 04 73 16 83 fa 01 7c 10 8a 0e 74 0a 0f b7 74 16 fe 66 89 74 17 fe 88 0f c3 <8b> 4c 16 fc 8b 36 89 4c 17 fc 89 37 c3 0f 1f 00 48 8b 4c 16 f8 48
[  263.543585] mt7921e 0000:03:00.0 wlp3s0: renamed from wlan0
[  264.583898] iwd[2595]: segfault at c ip 00007fc0d3889c00 sp 00007ffd66823b98 error 4 in libc.so.6[a7c00,7fc0d380a000+159000] likely on CPU 0 (core 0, socket 0)
[  264.583940] Code: f0 0f 11 07 0f 11 4c 17 f0 c3 83 fa 08 73 2b 83 fa 04 73 16 83 fa 01 7c 10 8a 0e 74 0a 0f b7 74 16 fe 66 89 74 17 fe 88 0f c3 <8b> 4c 16 fc 8b 36 89 4c 17 fc 89 37 c3 0f 1f 00 48 8b 4c 16 f8 48
[  264.658103] mt7921e 0000:03:00.0 wlp3s0: renamed from wlan0 (while UP)
[  265.663473] iwd[2601]: segfault at c ip 00007fab436dac00 sp 00007fff496ad568 error 4 in libc.so.6[a7c00,7fab4365b000+159000] likely on CPU 0 (core 0, socket 0)
[  265.663506] Code: f0 0f 11 07 0f 11 4c 17 f0 c3 83 fa 08 73 2b 83 fa 04 73 16 83 fa 01 7c 10 8a 0e 74 0a 0f b7 74 16 fe 66 89 74 17 fe 88 0f c3 <8b> 4c 16 fc 8b 36 89 4c 17 fc 89 37 c3 0f 1f 00 48 8b 4c 16 f8 48
[  265.727910] mt7921e 0000:03:00.0 wlp3s0: renamed from wlan0 (while UP)
[  266.742859] iwd[2609]: segfault at c ip 00007f6cb7361c00 sp 00007ffff023b568 error 4 in libc.so.6[a7c00,7f6cb72e2000+159000] likely on CPU 1 (core 1, socket 0)
[  266.742896] Code: f0 0f 11 07 0f 11 4c 17 f0 c3 83 fa 08 73 2b 83 fa 04 73 16 83 fa 01 7c 10 8a 0e 74 0a 0f b7 74 16 fe 66 89 74 17 fe 88 0f c3 <8b> 4c 16 fc 8b 36 89 4c 17 fc 89 37 c3 0f 1f 00 48 8b 4c 16 f8 48
[  266.814266] mt7921e 0000:03:00.0 wlp3s0: renamed from wlan0 (while UP)
[  267.820353] iwd[2615]: segfault at c ip 00007f5783febc00 sp 00007fff84253368 error 4 in libc.so.6[a7c00,7f5783f6c000+159000] likely on CPU 1 (core 1, socket 0)
[  267.820390] Code: f0 0f 11 07 0f 11 4c 17 f0 c3 83 fa 08 73 2b 83 fa 04 73 16 83 fa 01 7c 10 8a 0e 74 0a 0f b7 74 16 fe 66 89 74 17 fe 88 0f c3 <8b> 4c 16 fc 8b 36 89 4c 17 fc 89 37 c3 0f 1f 00 48 8b 4c 16 f8 48
[  267.884904] mt7921e 0000:03:00.0 wlp3s0: renamed from wlan0 (while UP)
[  268.891060] iwd[2621]: segfault at c ip 00007fb637c08c00 sp 00007ffe5bf91338 error 4 in libc.so.6[a7c00,7fb637b89000+159000] likely on CPU 1 (core 1, socket 0)
[  268.891105] Code: f0 0f 11 07 0f 11 4c 17 f0 c3 83 fa 08 73 2b 83 fa 04 73 16 83 fa 01 7c 10 8a 0e 74 0a 0f b7 74 16 fe 66 89 74 17 fe 88 0f c3 <8b> 4c 16 fc 8b 36 89 4c 17 fc 89 37 c3 0f 1f 00 48 8b 4c 16 f8 48
[  268.951221] mt7921e 0000:03:00.0 wlp3s0: renamed from wlan0 (while UP)
[  269.957074] iwd[2627]: segfault at c ip 00007f3736807c00 sp 00007ffd6e9921a8 error 4 in libc.so.6[a7c00,7f3736788000+159000] likely on CPU 1 (core 1, socket 0)
[  269.957106] Code: f0 0f 11 07 0f 11 4c 17 f0 c3 83 fa 08 73 2b 83 fa 04 73 16 83 fa 01 7c 10 8a 0e 74 0a 0f b7 74 16 fe 66 89 74 17 fe 88 0f c3 <8b> 4c 16 fc 8b 36 89 4c 17 fc 89 37 c3 0f 1f 00 48 8b 4c 16 f8 48
[  270.030735] mt7921e 0000:03:00.0 wlp3s0: renamed from wlan0 (while UP)
[  271.038338] iwd[2633]: segfault at c ip 00007fdd7528ac00 sp 00007ffcacd00aa8 error 4 in libc.so.6[a7c00,7fdd7520b000+159000] likely on CPU 0 (core 0, socket 0)
[  271.038378] Code: f0 0f 11 07 0f 11 4c 17 f0 c3 83 fa 08 73 2b 83 fa 04 73 16 83 fa 01 7c 10 8a 0e 74 0a 0f b7 74 16 fe 66 89 74 17 fe 88 0f c3 <8b> 4c 16 fc 8b 36 89 4c 17 fc 89 37 c3 0f 1f 00 48 8b 4c 16 f8 48
[  271.097904] mt7921e 0000:03:00.0 wlp3s0: renamed from wlan0 (while UP)
[  272.105686] iwd[2639]: segfault at c ip 00007f4ccd60cc00 sp 00007ffe0125aad8 error 4 in libc.so.6[a7c00,7f4ccd58d000+159000] likely on CPU 1 (core 1, socket 0)
[  272.105724] Code: f0 0f 11 07 0f 11 4c 17 f0 c3 83 fa 08 73 2b 83 fa 04 73 16 83 fa 01 7c 10 8a 0e 74 0a 0f b7 74 16 fe 66 89 74 17 fe 88 0f c3 <8b> 4c 16 fc 8b 36 89 4c 17 fc 89 37 c3 0f 1f 00 48 8b 4c 16 f8 48
[  272.175528] mt7921e 0000:03:00.0 wlp3s0: renamed from wlan0 (while UP)
[  273.188619] iwd[2645]: segfault at c ip 00007f9174badc00 sp 00007ffcae2a5788 error 4 in libc.so.6[a7c00,7f9174b2e000+159000] likely on CPU 1 (core 1, socket 0)
[  273.188652] Code: f0 0f 11 07 0f 11 4c 17 f0 c3 83 fa 08 73 2b 83 fa 04 73 16 83 fa 01 7c 10 8a 0e 74 0a 0f b7 74 16 fe 66 89 74 17 fe 88 0f c3 <8b> 4c 16 fc 8b 36 89 4c 17 fc 89 37 c3 0f 1f 00 48 8b 4c 16 f8 48
[  273.260389] mt7921e 0000:03:00.0 wlp3s0: renamed from wlan0 (while UP)
[  274.262731] iwd[2651]: segfault at c ip 00007f9626b2cc00 sp 00007ffc557ccb78 error 4 in libc.so.6[a7c00,7f9626aad000+159000] likely on CPU 1 (core 1, socket 0)
[  274.262762] Code: f0 0f 11 07 0f 11 4c 17 f0 c3 83 fa 08 73 2b 83 fa 04 73 16 83 fa 01 7c 10 8a 0e 74 0a 0f b7 74 16 fe 66 89 74 17 fe 88 0f c3 <8b> 4c 16 fc 8b 36 89 4c 17 fc 89 37 c3 0f 1f 00 48 8b 4c 16 f8 48
[  274.300072] mt7921e 0000:03:00.0 wlp3s0: renamed from wlan0
[  275.339748] iwd[2659]: segfault at c ip 00007f1a5bc36c00 sp 00007fffd4a30e88 error 4 in libc.so.6[a7c00,7f1a5bbb7000+159000] likely on CPU 0 (core 0, socket 0)
[  275.339781] Code: f0 0f 11 07 0f 11 4c 17 f0 c3 83 fa 08 73 2b 83 fa 04 73 16 83 fa 01 7c 10 8a 0e 74 0a 0f b7 74 16 fe 66 89 74 17 fe 88 0f c3 <8b> 4c 16 fc 8b 36 89 4c 17 fc 89 37 c3 0f 1f 00 48 8b 4c 16 f8 48
[  275.402982] mt7921e 0000:03:00.0 wlp3s0: renamed from wlan0 (while UP)
[  276.408614] iwd[2665]: segfault at c ip 00007f285b550c00 sp 00007ffff863e2e8 error 4 in libc.so.6[a7c00,7f285b4d1000+159000] likely on CPU 0 (core 0, socket 0)
[  276.408649] Code: f0 0f 11 07 0f 11 4c 17 f0 c3 83 fa 08 73 2b 83 fa 04 73 16 83 fa 01 7c 10 8a 0e 74 0a 0f b7 74 16 fe 66 89 74 17 fe 88 0f c3 <8b> 4c 16 fc 8b 36 89 4c 17 fc 89 37 c3 0f 1f 00 48 8b 4c 16 f8 48
[  276.475179] mt7921e 0000:03:00.0 wlp3s0: renamed from wlan0 (while UP)
[  277.483528] iwd[2671]: segfault at c ip 00007fc94311dc00 sp 00007ffd8425e2d8 error 4 in libc.so.6[a7c00,7fc94309e000+159000] likely on CPU 0 (core 0, socket 0)
[  277.483560] Code: f0 0f 11 07 0f 11 4c 17 f0 c3 83 fa 08 73 2b 83 fa 04 73 16 83 fa 01 7c 10 8a 0e 74 0a 0f b7 74 16 fe 66 89 74 17 fe 88 0f c3 <8b> 4c 16 fc 8b 36 89 4c 17 fc 89 37 c3 0f 1f 00 48 8b 4c 16 f8 48
[  277.545852] mt7921e 0000:03:00.0 wlp3s0: renamed from wlan0 (while UP)
[  278.551499] iwd[2679]: segfault at c ip 00007fbda704ac00 sp 00007ffda06b3228 error 4 in libc.so.6[a7c00,7fbda6fcb000+159000] likely on CPU 0 (core 0, socket 0)
[  278.551532] Code: f0 0f 11 07 0f 11 4c 17 f0 c3 83 fa 08 73 2b 83 fa 04 73 16 83 fa 01 7c 10 8a 0e 74 0a 0f b7 74 16 fe 66 89 74 17 fe 88 0f c3 <8b> 4c 16 fc 8b 36 89 4c 17 fc 89 37 c3 0f 1f 00 48 8b 4c 16 f8 48
[  278.609083] mt7921e 0000:03:00.0 wlp3s0: renamed from wlan0 (while UP)
[  279.615307] iwd[2685]: segfault at c ip 00007fb69bd01c00 sp 00007fff5c52c148 error 4 in libc.so.6[a7c00,7fb69bc82000+159000] likely on CPU 0 (core 0, socket 0)
[  279.615364] Code: f0 0f 11 07 0f 11 4c 17 f0 c3 83 fa 08 73 2b 83 fa 04 73 16 83 fa 01 7c 10 8a 0e 74 0a 0f b7 74 16 fe 66 89 74 17 fe 88 0f c3 <8b> 4c 16 fc 8b 36 89 4c 17 fc 89 37 c3 0f 1f 00 48 8b 4c 16 f8 48
[  279.681309] mt7921e 0000:03:00.0 wlp3s0: renamed from wlan0 (while UP)
[  280.685360] iwd[2691]: segfault at c ip 00007f2480fdec00 sp 00007ffe61d66e28 error 4 in libc.so.6[a7c00,7f2480f5f000+159000] likely on CPU 0 (core 0, socket 0)
[  280.685397] Code: f0 0f 11 07 0f 11 4c 17 f0 c3 83 fa 08 73 2b 83 fa 04 73 16 83 fa 01 7c 10 8a 0e 74 0a 0f b7 74 16 fe 66 89 74 17 fe 88 0f c3 <8b> 4c 16 fc 8b 36 89 4c 17 fc 89 37 c3 0f 1f 00 48 8b 4c 16 f8 48
[  280.750623] mt7921e 0000:03:00.0 wlp3s0: renamed from wlan0 (while UP)
[  281.768659] iwd[2697]: segfault at c ip 00007f89940bfc00 sp 00007ffe53fb3ad8 error 4 in libc.so.6[a7c00,7f8994040000+159000] likely on CPU 0 (core 0, socket 0)
[  281.768697] Code: f0 0f 11 07 0f 11 4c 17 f0 c3 83 fa 08 73 2b 83 fa 04 73 16 83 fa 01 7c 10 8a 0e 74 0a 0f b7 74 16 fe 66 89 74 17 fe 88 0f c3 <8b> 4c 16 fc 8b 36 89 4c 17 fc 89 37 c3 0f 1f 00 48 8b 4c 16 f8 48
[  281.841241] mt7921e 0000:03:00.0 wlp3s0: renamed from wlan0 (while UP)
[  282.845864] iwd[2703]: segfault at c ip 00007fa26d68dc00 sp 00007ffdf28a8a18 error 4 in libc.so.6[a7c00,7fa26d60e000+159000] likely on CPU 1 (core 1, socket 0)
[  282.845897] Code: f0 0f 11 07 0f 11 4c 17 f0 c3 83 fa 08 73 2b 83 fa 04 73 16 83 fa 01 7c 10 8a 0e 74 0a 0f b7 74 16 fe 66 89 74 17 fe 88 0f c3 <8b> 4c 16 fc 8b 36 89 4c 17 fc 89 37 c3 0f 1f 00 48 8b 4c 16 f8 48
[  282.916352] mt7921e 0000:03:00.0 wlp3s0: renamed from wlan0 (while UP)
[  283.920488] iwd[2711]: segfault at c ip 00007f22c2de5c00 sp 00007ffefed54e58 error 4 in libc.so.6[a7c00,7f22c2d66000+159000] likely on CPU 1 (core 1, socket 0)
[  283.920519] Code: f0 0f 11 07 0f 11 4c 17 f0 c3 83 fa 08 73 2b 83 fa 04 73 16 83 fa 01 7c 10 8a 0e 74 0a 0f b7 74 16 fe 66 89 74 17 fe 88 0f c3 <8b> 4c 16 fc 8b 36 89 4c 17 fc 89 37 c3 0f 1f 00 48 8b 4c 16 f8 48
[  283.989301] mt7921e 0000:03:00.0 wlp3s0: renamed from wlan0 (while UP)
[  284.996071] iwd[2719]: segfault at c ip 00007f661345dc00 sp 00007ffd41e1f108 error 4 in libc.so.6[a7c00,7f66133de000+159000] likely on CPU 1 (core 1, socket 0)
[  284.996112] Code: f0 0f 11 07 0f 11 4c 17 f0 c3 83 fa 08 73 2b 83 fa 04 73 16 83 fa 01 7c 10 8a 0e 74 0a 0f b7 74 16 fe 66 89 74 17 fe 88 0f c3 <8b> 4c 16 fc 8b 36 89 4c 17 fc 89 37 c3 0f 1f 00 48 8b 4c 16 f8 48
[  285.069755] mt7921e 0000:03:00.0 wlp3s0: renamed from wlan0 (while UP)
[  286.078705] iwd[2725]: segfault at c ip 00007f6539019c00 sp 00007ffc47cac088 error 4 in libc.so.6[a7c00,7f6538f9a000+159000] likely on CPU 0 (core 0, socket 0)
[  286.078736] Code: f0 0f 11 07 0f 11 4c 17 f0 c3 83 fa 08 73 2b 83 fa 04 73 16 83 fa 01 7c 10 8a 0e 74 0a 0f b7 74 16 fe 66 89 74 17 fe 88 0f c3 <8b> 4c 16 fc 8b 36 89 4c 17 fc 89 37 c3 0f 1f 00 48 8b 4c 16 f8 48
[  286.142299] mt7921e 0000:03:00.0 wlp3s0: renamed from wlan0 (while UP)
[  287.145160] iwd[2731]: segfault at c ip 00007fd10232ac00 sp 00007ffd1ff38c58 error 4 in libc.so.6[a7c00,7fd1022ab000+159000] likely on CPU 1 (core 1, socket 0)
[  287.145193] Code: f0 0f 11 07 0f 11 4c 17 f0 c3 83 fa 08 73 2b 83 fa 04 73 16 83 fa 01 7c 10 8a 0e 74 0a 0f b7 74 16 fe 66 89 74 17 fe 88 0f c3 <8b> 4c 16 fc 8b 36 89 4c 17 fc 89 37 c3 0f 1f 00 48 8b 4c 16 f8 48
[  287.206822] mt7921e 0000:03:00.0 wlp3s0: renamed from wlan0 (while UP)
[  288.212446] iwd[2739]: segfault at c ip 00007fac23328c00 sp 00007ffd03f63fe8 error 4 in libc.so.6[a7c00,7fac232a9000+159000] likely on CPU 0 (core 0, socket 0)
[  288.212478] Code: f0 0f 11 07 0f 11 4c 17 f0 c3 83 fa 08 73 2b 83 fa 04 73 16 83 fa 01 7c 10 8a 0e 74 0a 0f b7 74 16 fe 66 89 74 17 fe 88 0f c3 <8b> 4c 16 fc 8b 36 89 4c 17 fc 89 37 c3 0f 1f 00 48 8b 4c 16 f8 48
[  288.275091] mt7921e 0000:03:00.0 wlp3s0: renamed from wlan0 (while UP)
[  289.289304] iwd[2745]: segfault at c ip 00007f85eb204c00 sp 00007fff84421f38 error 4 in libc.so.6[a7c00,7f85eb185000+159000] likely on CPU 0 (core 0, socket 0)
[  289.289361] Code: f0 0f 11 07 0f 11 4c 17 f0 c3 83 fa 08 73 2b 83 fa 04 73 16 83 fa 01 7c 10 8a 0e 74 0a 0f b7 74 16 fe 66 89 74 17 fe 88 0f c3 <8b> 4c 16 fc 8b 36 89 4c 17 fc 89 37 c3 0f 1f 00 48 8b 4c 16 f8 48
[  289.352946] mt7921e 0000:03:00.0 wlp3s0: renamed from wlan0 (while UP)
[  290.366962] iwd[2751]: segfault at c ip 00007ff61965fc00 sp 00007fff7cea6398 error 4 in libc.so.6[a7c00,7ff6195e0000+159000] likely on CPU 0 (core 0, socket 0)
[  290.366998] Code: f0 0f 11 07 0f 11 4c 17 f0 c3 83 fa 08 73 2b 83 fa 04 73 16 83 fa 01 7c 10 8a 0e 74 0a 0f b7 74 16 fe 66 89 74 17 fe 88 0f c3 <8b> 4c 16 fc 8b 36 89 4c 17 fc 89 37 c3 0f 1f 00 48 8b 4c 16 f8 48
[  290.404058] mt7921e 0000:03:00.0 wlp3s0: renamed from wlan0
[  291.450442] iwd[2757]: segfault at c ip 00007fb6ff756c00 sp 00007ffc4c13fca8 error 4 in libc.so.6[a7c00,7fb6ff6d7000+159000] likely on CPU 0 (core 0, socket 0)
[  291.450475] Code: f0 0f 11 07 0f 11 4c 17 f0 c3 83 fa 08 73 2b 83 fa 04 73 16 83 fa 01 7c 10 8a 0e 74 0a 0f b7 74 16 fe 66 89 74 17 fe 88 0f c3 <8b> 4c 16 fc 8b 36 89 4c 17 fc 89 37 c3 0f 1f 00 48 8b 4c 16 f8 48
[  291.507976] mt7921e 0000:03:00.0 wlp3s0: renamed from wlan0 (while UP)
[  292.518437] iwd[2763]: segfault at c ip 00007f8fbdbddc00 sp 00007ffeb98cf488 error 4 in libc.so.6[a7c00,7f8fbdb5e000+159000] likely on CPU 0 (core 0, socket 0)
[  292.518470] Code: f0 0f 11 07 0f 11 4c 17 f0 c3 83 fa 08 73 2b 83 fa 04 73 16 83 fa 01 7c 10 8a 0e 74 0a 0f b7 74 16 fe 66 89 74 17 fe 88 0f c3 <8b> 4c 16 fc 8b 36 89 4c 17 fc 89 37 c3 0f 1f 00 48 8b 4c 16 f8 48
[  292.585537] mt7921e 0000:03:00.0 wlp3s0: renamed from wlan0 (while UP)
[  293.596989] iwd[2771]: segfault at c ip 00007fd842812c00 sp 00007fffe552d2a8 error 4 in libc.so.6[a7c00,7fd842793000+159000] likely on CPU 0 (core 0, socket 0)
[  293.597027] Code: f0 0f 11 07 0f 11 4c 17 f0 c3 83 fa 08 73 2b 83 fa 04 73 16 83 fa 01 7c 10 8a 0e 74 0a 0f b7 74 16 fe 66 89 74 17 fe 88 0f c3 <8b> 4c 16 fc 8b 36 89 4c 17 fc 89 37 c3 0f 1f 00 48 8b 4c 16 f8 48
[  293.662883] mt7921e 0000:03:00.0 wlp3s0: renamed from wlan0 (while UP)
[  294.669959] iwd[2777]: segfault at c ip 00007f5f95bf5c00 sp 00007ffcb7a87a78 error 4 in libc.so.6[a7c00,7f5f95b76000+159000] likely on CPU 0 (core 0, socket 0)
[  294.670000] Code: f0 0f 11 07 0f 11 4c 17 f0 c3 83 fa 08 73 2b 83 fa 04 73 16 83 fa 01 7c 10 8a 0e 74 0a 0f b7 74 16 fe 66 89 74 17 fe 88 0f c3 <8b> 4c 16 fc 8b 36 89 4c 17 fc 89 37 c3 0f 1f 00 48 8b 4c 16 f8 48
[  294.737912] mt7921e 0000:03:00.0 wlp3s0: renamed from wlan0 (while UP)
[  295.746753] iwd[2783]: segfault at c ip 00007ff2ac937c00 sp 00007ffec9de7458 error 4 in libc.so.6[a7c00,7ff2ac8b8000+159000] likely on CPU 0 (core 0, socket 0)
[  295.746787] Code: f0 0f 11 07 0f 11 4c 17 f0 c3 83 fa 08 73 2b 83 fa 04 73 16 83 fa 01 7c 10 8a 0e 74 0a 0f b7 74 16 fe 66 89 74 17 fe 88 0f c3 <8b> 4c 16 fc 8b 36 89 4c 17 fc 89 37 c3 0f 1f 00 48 8b 4c 16 f8 48
[  295.811324] mt7921e 0000:03:00.0 wlp3s0: renamed from wlan0 (while UP)
[  296.822830] iwd[2789]: segfault at c ip 00007f718a73fc00 sp 00007ffe7593e468 error 4 in libc.so.6[a7c00,7f718a6c0000+159000] likely on CPU 0 (core 0, socket 0)
[  296.822865] Code: f0 0f 11 07 0f 11 4c 17 f0 c3 83 fa 08 73 2b 83 fa 04 73 16 83 fa 01 7c 10 8a 0e 74 0a 0f b7 74 16 fe 66 89 74 17 fe 88 0f c3 <8b> 4c 16 fc 8b 36 89 4c 17 fc 89 37 c3 0f 1f 00 48 8b 4c 16 f8 48
[  296.885932] mt7921e 0000:03:00.0 wlp3s0: renamed from wlan0 (while UP)
[  297.894690] iwd[2795]: segfault at c ip 00007f0b2e80ac00 sp 00007fffaafa9e88 error 4 in libc.so.6[a7c00,7f0b2e78b000+159000] likely on CPU 0 (core 0, socket 0)
[  297.894727] Code: f0 0f 11 07 0f 11 4c 17 f0 c3 83 fa 08 73 2b 83 fa 04 73 16 83 fa 01 7c 10 8a 0e 74 0a 0f b7 74 16 fe 66 89 74 17 fe 88 0f c3 <8b> 4c 16 fc 8b 36 89 4c 17 fc 89 37 c3 0f 1f 00 48 8b 4c 16 f8 48
[  297.964309] mt7921e 0000:03:00.0 wlp3s0: renamed from wlan0 (while UP)
[  298.969415] iwd[2801]: segfault at c ip 00007f71d1716c00 sp 00007ffd42babc08 error 4 in libc.so.6[a7c00,7f71d1697000+159000] likely on CPU 1 (core 1, socket 0)
[  298.969448] Code: f0 0f 11 07 0f 11 4c 17 f0 c3 83 fa 08 73 2b 83 fa 04 73 16 83 fa 01 7c 10 8a 0e 74 0a 0f b7 74 16 fe 66 89 74 17 fe 88 0f c3 <8b> 4c 16 fc 8b 36 89 4c 17 fc 89 37 c3 0f 1f 00 48 8b 4c 16 f8 48
[  299.033087] mt7921e 0000:03:00.0 wlp3s0: renamed from wlan0 (while UP)
[  300.039194] iwd[2809]: segfault at c ip 00007fab16d57c00 sp 00007fffa99c30e8 error 4 in libc.so.6[a7c00,7fab16cd8000+159000] likely on CPU 0 (core 0, socket 0)
[  300.039231] Code: f0 0f 11 07 0f 11 4c 17 f0 c3 83 fa 08 73 2b 83 fa 04 73 16 83 fa 01 7c 10 8a 0e 74 0a 0f b7 74 16 fe 66 89 74 17 fe 88 0f c3 <8b> 4c 16 fc 8b 36 89 4c 17 fc 89 37 c3 0f 1f 00 48 8b 4c 16 f8 48
[  300.074324] mt7921e 0000:03:00.0 wlp3s0: renamed from wlan0
[  301.110500] iwd[2815]: segfault at c ip 00007f4a5d0bfc00 sp 00007ffcf9183668 error 4 in libc.so.6[a7c00,7f4a5d040000+159000] likely on CPU 1 (core 1, socket 0)
[  301.110532] Code: f0 0f 11 07 0f 11 4c 17 f0 c3 83 fa 08 73 2b 83 fa 04 73 16 83 fa 01 7c 10 8a 0e 74 0a 0f b7 74 16 fe 66 89 74 17 fe 88 0f c3 <8b> 4c 16 fc 8b 36 89 4c 17 fc 89 37 c3 0f 1f 00 48 8b 4c 16 f8 48
[  301.178973] mt7921e 0000:03:00.0 wlp3s0: renamed from wlan0 (while UP)
[  302.186342] iwd[2821]: segfault at c ip 00007f76da985c00 sp 00007ffdf9f9b488 error 4 in libc.so.6[a7c00,7f76da906000+159000] likely on CPU 0 (core 0, socket 0)
[  302.186379] Code: f0 0f 11 07 0f 11 4c 17 f0 c3 83 fa 08 73 2b 83 fa 04 73 16 83 fa 01 7c 10 8a 0e 74 0a 0f b7 74 16 fe 66 89 74 17 fe 88 0f c3 <8b> 4c 16 fc 8b 36 89 4c 17 fc 89 37 c3 0f 1f 00 48 8b 4c 16 f8 48
[  302.246871] mt7921e 0000:03:00.0 wlp3s0: renamed from wlan0 (while UP)
[  303.253033] iwd[2827]: segfault at c ip 00007fabc5584c00 sp 00007ffd7b4a3bf8 error 4 in libc.so.6[a7c00,7fabc5505000+159000] likely on CPU 1 (core 1, socket 0)
[  303.253071] Code: f0 0f 11 07 0f 11 4c 17 f0 c3 83 fa 08 73 2b 83 fa 04 73 16 83 fa 01 7c 10 8a 0e 74 0a 0f b7 74 16 fe 66 89 74 17 fe 88 0f c3 <8b> 4c 16 fc 8b 36 89 4c 17 fc 89 37 c3 0f 1f 00 48 8b 4c 16 f8 48
[  303.320029] mt7921e 0000:03:00.0 wlp3s0: renamed from wlan0 (while UP)
[  304.329403] iwd[2833]: segfault at c ip 00007f46d8979c00 sp 00007fff6e3ebd88 error 4 in libc.so.6[a7c00,7f46d88fa000+159000] likely on CPU 1 (core 1, socket 0)
[  304.329443] Code: f0 0f 11 07 0f 11 4c 17 f0 c3 83 fa 08 73 2b 83 fa 04 73 16 83 fa 01 7c 10 8a 0e 74 0a 0f b7 74 16 fe 66 89 74 17 fe 88 0f c3 <8b> 4c 16 fc 8b 36 89 4c 17 fc 89 37 c3 0f 1f 00 48 8b 4c 16 f8 48
[  304.396253] mt7921e 0000:03:00.0 wlp3s0: renamed from wlan0 (while UP)
[  305.401133] iwd[2839]: segfault at c ip 00007f1668453c00 sp 00007ffc7ddb3e38 error 4 in libc.so.6[a7c00,7f16683d4000+159000] likely on CPU 1 (core 1, socket 0)
[  305.401165] Code: f0 0f 11 07 0f 11 4c 17 f0 c3 83 fa 08 73 2b 83 fa 04 73 16 83 fa 01 7c 10 8a 0e 74 0a 0f b7 74 16 fe 66 89 74 17 fe 88 0f c3 <8b> 4c 16 fc 8b 36 89 4c 17 fc 89 37 c3 0f 1f 00 48 8b 4c 16 f8 48
[  305.465301] mt7921e 0000:03:00.0 wlp3s0: renamed from wlan0 (while UP)
[  306.470570] iwd[2845]: segfault at c ip 00007f303b9f7c00 sp 00007ffc1a08ee28 error 4 in libc.so.6[a7c00,7f303b978000+159000] likely on CPU 1 (core 1, socket 0)
[  306.470603] Code: f0 0f 11 07 0f 11 4c 17 f0 c3 83 fa 08 73 2b 83 fa 04 73 16 83 fa 01 7c 10 8a 0e 74 0a 0f b7 74 16 fe 66 89 74 17 fe 88 0f c3 <8b> 4c 16 fc 8b 36 89 4c 17 fc 89 37 c3 0f 1f 00 48 8b 4c 16 f8 48
[  306.535528] mt7921e 0000:03:00.0 wlp3s0: renamed from wlan0 (while UP)
[  307.545322] iwd[2851]: segfault at c ip 00007f61293fbc00 sp 00007ffc144db128 error 4 in libc.so.6[a7c00,7f612937c000+159000] likely on CPU 1 (core 1, socket 0)
[  307.545362] Code: f0 0f 11 07 0f 11 4c 17 f0 c3 83 fa 08 73 2b 83 fa 04 73 16 83 fa 01 7c 10 8a 0e 74 0a 0f b7 74 16 fe 66 89 74 17 fe 88 0f c3 <8b> 4c 16 fc 8b 36 89 4c 17 fc 89 37 c3 0f 1f 00 48 8b 4c 16 f8 48
[  307.577584] mt7921e 0000:03:00.0 wlp3s0: renamed from wlan0
[  308.613878] iwd[2857]: segfault at c ip 00007f009e143c00 sp 00007ffee0b65cc8 error 4 in libc.so.6[a7c00,7f009e0c4000+159000] likely on CPU 1 (core 1, socket 0)
[  308.613909] Code: f0 0f 11 07 0f 11 4c 17 f0 c3 83 fa 08 73 2b 83 fa 04 73 16 83 fa 01 7c 10 8a 0e 74 0a 0f b7 74 16 fe 66 89 74 17 fe 88 0f c3 <8b> 4c 16 fc 8b 36 89 4c 17 fc 89 37 c3 0f 1f 00 48 8b 4c 16 f8 48
[  308.678884] mt7921e 0000:03:00.0 wlp3s0: renamed from wlan0 (while UP)
[  309.685205] iwd[2863]: segfault at c ip 00007fe33aafbc00 sp 00007fffc2a801a8 error 4 in libc.so.6[a7c00,7fe33aa7c000+159000] likely on CPU 1 (core 1, socket 0)
[  309.685239] Code: f0 0f 11 07 0f 11 4c 17 f0 c3 83 fa 08 73 2b 83 fa 04 73 16 83 fa 01 7c 10 8a 0e 74 0a 0f b7 74 16 fe 66 89 74 17 fe 88 0f c3 <8b> 4c 16 fc 8b 36 89 4c 17 fc 89 37 c3 0f 1f 00 48 8b 4c 16 f8 48
[  309.746574] mt7921e 0000:03:00.0 wlp3s0: renamed from wlan0 (while UP)
[  310.752597] iwd[2869]: segfault at c ip 00007f994bee3c00 sp 00007ffea8e22618 error 4 in libc.so.6[a7c00,7f994be64000+159000] likely on CPU 0 (core 0, socket 0)
[  310.752634] Code: f0 0f 11 07 0f 11 4c 17 f0 c3 83 fa 08 73 2b 83 fa 04 73 16 83 fa 01 7c 10 8a 0e 74 0a 0f b7 74 16 fe 66 89 74 17 fe 88 0f c3 <8b> 4c 16 fc 8b 36 89 4c 17 fc 89 37 c3 0f 1f 00 48 8b 4c 16 f8 48
[  310.816949] mt7921e 0000:03:00.0 wlp3s0: renamed from wlan0 (while UP)
[  311.828593] iwd[2875]: segfault at c ip 00007f15eadfdc00 sp 00007ffd2c9c8a78 error 4 in libc.so.6[a7c00,7f15ead7e000+159000] likely on CPU 0 (core 0, socket 0)
[  311.828634] Code: f0 0f 11 07 0f 11 4c 17 f0 c3 83 fa 08 73 2b 83 fa 04 73 16 83 fa 01 7c 10 8a 0e 74 0a 0f b7 74 16 fe 66 89 74 17 fe 88 0f c3 <8b> 4c 16 fc 8b 36 89 4c 17 fc 89 37 c3 0f 1f 00 48 8b 4c 16 f8 48
[  311.897891] mt7921e 0000:03:00.0 wlp3s0: renamed from wlan0 (while UP)
[  312.906725] iwd[2881]: segfault at c ip 00007fa486876c00 sp 00007ffe904ab8e8 error 4 in libc.so.6[a7c00,7fa4867f7000+159000] likely on CPU 1 (core 1, socket 0)
[  312.906762] Code: f0 0f 11 07 0f 11 4c 17 f0 c3 83 fa 08 73 2b 83 fa 04 73 16 83 fa 01 7c 10 8a 0e 74 0a 0f b7 74 16 fe 66 89 74 17 fe 88 0f c3 <8b> 4c 16 fc 8b 36 89 4c 17 fc 89 37 c3 0f 1f 00 48 8b 4c 16 f8 48
[  312.969701] mt7921e 0000:03:00.0 wlp3s0: renamed from wlan0 (while UP)
[  313.984928] iwd[2887]: segfault at c ip 00007fa67321bc00 sp 00007ffcafab5148 error 4 in libc.so.6[a7c00,7fa67319c000+159000] likely on CPU 0 (core 0, socket 0)
[  313.984949] Code: f0 0f 11 07 0f 11 4c 17 f0 c3 83 fa 08 73 2b 83 fa 04 73 16 83 fa 01 7c 10 8a 0e 74 0a 0f b7 74 16 fe 66 89 74 17 fe 88 0f c3 <8b> 4c 16 fc 8b 36 89 4c 17 fc 89 37 c3 0f 1f 00 48 8b 4c 16 f8 48
[  314.046230] mt7921e 0000:03:00.0 wlp3s0: renamed from wlan0 (while UP)
[  315.052066] iwd[2893]: segfault at c ip 00007f9b4238cc00 sp 00007ffd3dc8a608 error 4 in libc.so.6[a7c00,7f9b4230d000+159000] likely on CPU 1 (core 1, socket 0)
[  315.052087] Code: f0 0f 11 07 0f 11 4c 17 f0 c3 83 fa 08 73 2b 83 fa 04 73 16 83 fa 01 7c 10 8a 0e 74 0a 0f b7 74 16 fe 66 89 74 17 fe 88 0f c3 <8b> 4c 16 fc 8b 36 89 4c 17 fc 89 37 c3 0f 1f 00 48 8b 4c 16 f8 48
[  315.121339] mt7921e 0000:03:00.0 wlp3s0: renamed from wlan0 (while UP)
[  316.129256] iwd[2899]: segfault at c ip 00007ffad8161c00 sp 00007ffd83522aa8 error 4 in libc.so.6[a7c00,7ffad80e2000+159000] likely on CPU 1 (core 1, socket 0)
[  316.129339] Code: f0 0f 11 07 0f 11 4c 17 f0 c3 83 fa 08 73 2b 83 fa 04 73 16 83 fa 01 7c 10 8a 0e 74 0a 0f b7 74 16 fe 66 89 74 17 fe 88 0f c3 <8b> 4c 16 fc 8b 36 89 4c 17 fc 89 37 c3 0f 1f 00 48 8b 4c 16 f8 48
[  316.200037] mt7921e 0000:03:00.0 wlp3s0: renamed from wlan0 (while UP)
[  317.207465] iwd[2905]: segfault at c ip 00007f7be4ce2c00 sp 00007ffcfa3b15a8 error 4 in libc.so.6[a7c00,7f7be4c63000+159000] likely on CPU 0 (core 0, socket 0)
[  317.207503] Code: f0 0f 11 07 0f 11 4c 17 f0 c3 83 fa 08 73 2b 83 fa 04 73 16 83 fa 01 7c 10 8a 0e 74 0a 0f b7 74 16 fe 66 89 74 17 fe 88 0f c3 <8b> 4c 16 fc 8b 36 89 4c 17 fc 89 37 c3 0f 1f 00 48 8b 4c 16 f8 48
[  317.275307] mt7921e 0000:03:00.0 wlp3s0: renamed from wlan0 (while UP)
[  318.279117] iwd[2911]: segfault at c ip 00007f283f4d1c00 sp 00007fff8f2b92c8 error 4 in libc.so.6[a7c00,7f283f452000+159000] likely on CPU 1 (core 1, socket 0)
[  318.279159] Code: f0 0f 11 07 0f 11 4c 17 f0 c3 83 fa 08 73 2b 83 fa 04 73 16 83 fa 01 7c 10 8a 0e 74 0a 0f b7 74 16 fe 66 89 74 17 fe 88 0f c3 <8b> 4c 16 fc 8b 36 89 4c 17 fc 89 37 c3 0f 1f 00 48 8b 4c 16 f8 48
[  318.341057] mt7921e 0000:03:00.0 wlp3s0: renamed from wlan0 (while UP)
[  319.361577] iwd[2917]: segfault at c ip 00007f0d84b82c00 sp 00007fffb2f717b8 error 4 in libc.so.6[a7c00,7f0d84b03000+159000] likely on CPU 1 (core 1, socket 0)
[  319.361611] Code: f0 0f 11 07 0f 11 4c 17 f0 c3 83 fa 08 73 2b 83 fa 04 73 16 83 fa 01 7c 10 8a 0e 74 0a 0f b7 74 16 fe 66 89 74 17 fe 88 0f c3 <8b> 4c 16 fc 8b 36 89 4c 17 fc 89 37 c3 0f 1f 00 48 8b 4c 16 f8 48
[  319.424891] mt7921e 0000:03:00.0 wlp3s0: renamed from wlan0 (while UP)
[  320.431844] iwd[2923]: segfault at c ip 00007f1fc15b5c00 sp 00007ffcec72ad78 error 4 in libc.so.6[a7c00,7f1fc1536000+159000] likely on CPU 0 (core 0, socket 0)
[  320.431876] Code: f0 0f 11 07 0f 11 4c 17 f0 c3 83 fa 08 73 2b 83 fa 04 73 16 83 fa 01 7c 10 8a 0e 74 0a 0f b7 74 16 fe 66 89 74 17 fe 88 0f c3 <8b> 4c 16 fc 8b 36 89 4c 17 fc 89 37 c3 0f 1f 00 48 8b 4c 16 f8 48
[  320.495361] mt7921e 0000:03:00.0 wlp3s0: renamed from wlan0 (while UP)
[  321.499650] iwd[2929]: segfault at c ip 00007ff84df10c00 sp 00007fff3d74fb78 error 4 in libc.so.6[a7c00,7ff84de91000+159000] likely on CPU 1 (core 1, socket 0)
[  321.499684] Code: f0 0f 11 07 0f 11 4c 17 f0 c3 83 fa 08 73 2b 83 fa 04 73 16 83 fa 01 7c 10 8a 0e 74 0a 0f b7 74 16 fe 66 89 74 17 fe 88 0f c3 <8b> 4c 16 fc 8b 36 89 4c 17 fc 89 37 c3 0f 1f 00 48 8b 4c 16 f8 48
[  321.560338] mt7921e 0000:03:00.0 wlp3s0: renamed from wlan0 (while UP)
[  322.565730] iwd[2935]: segfault at c ip 00007f76b2fdbc00 sp 00007ffc9942efe8 error 4 in libc.so.6[a7c00,7f76b2f5c000+159000] likely on CPU 0 (core 0, socket 0)
[  322.565765] Code: f0 0f 11 07 0f 11 4c 17 f0 c3 83 fa 08 73 2b 83 fa 04 73 16 83 fa 01 7c 10 8a 0e 74 0a 0f b7 74 16 fe 66 89 74 17 fe 88 0f c3 <8b> 4c 16 fc 8b 36 89 4c 17 fc 89 37 c3 0f 1f 00 48 8b 4c 16 f8 48
[  322.629318] mt7921e 0000:03:00.0 wlp3s0: renamed from wlan0 (while UP)
[  323.631446] iwd[2941]: segfault at c ip 00007f8a76420c00 sp 00007ffcd573b968 error 4 in libc.so.6[a7c00,7f8a763a1000+159000] likely on CPU 1 (core 1, socket 0)
[  323.631478] Code: f0 0f 11 07 0f 11 4c 17 f0 c3 83 fa 08 73 2b 83 fa 04 73 16 83 fa 01 7c 10 8a 0e 74 0a 0f b7 74 16 fe 66 89 74 17 fe 88 0f c3 <8b> 4c 16 fc 8b 36 89 4c 17 fc 89 37 c3 0f 1f 00 48 8b 4c 16 f8 48
[  323.697107] mt7921e 0000:03:00.0 wlp3s0: renamed from wlan0 (while UP)
[  324.711673] iwd[2947]: segfault at c ip 00007f5ce6cb1c00 sp 00007ffcb4e71da8 error 4 in libc.so.6[a7c00,7f5ce6c32000+159000] likely on CPU 0 (core 0, socket 0)
[  324.711711] Code: f0 0f 11 07 0f 11 4c 17 f0 c3 83 fa 08 73 2b 83 fa 04 73 16 83 fa 01 7c 10 8a 0e 74 0a 0f b7 74 16 fe 66 89 74 17 fe 88 0f c3 <8b> 4c 16 fc 8b 36 89 4c 17 fc 89 37 c3 0f 1f 00 48 8b 4c 16 f8 48
[  324.781311] mt7921e 0000:03:00.0 wlp3s0: renamed from wlan0 (while UP)
[  325.785671] iwd[2953]: segfault at c ip 00007fe43443fc00 sp 00007ffc889e8ac8 error 4 in libc.so.6[a7c00,7fe4343c0000+159000] likely on CPU 0 (core 0, socket 0)
[  325.785708] Code: f0 0f 11 07 0f 11 4c 17 f0 c3 83 fa 08 73 2b 83 fa 04 73 16 83 fa 01 7c 10 8a 0e 74 0a 0f b7 74 16 fe 66 89 74 17 fe 88 0f c3 <8b> 4c 16 fc 8b 36 89 4c 17 fc 89 37 c3 0f 1f 00 48 8b 4c 16 f8 48
[  325.846303] mt7921e 0000:03:00.0 wlp3s0: renamed from wlan0 (while UP)
[  326.851898] iwd[2959]: segfault at c ip 00007f39c1412c00 sp 00007fff11e73738 error 4 in libc.so.6[a7c00,7f39c1393000+159000] likely on CPU 0 (core 0, socket 0)
[  326.851936] Code: f0 0f 11 07 0f 11 4c 17 f0 c3 83 fa 08 73 2b 83 fa 04 73 16 83 fa 01 7c 10 8a 0e 74 0a 0f b7 74 16 fe 66 89 74 17 fe 88 0f c3 <8b> 4c 16 fc 8b 36 89 4c 17 fc 89 37 c3 0f 1f 00 48 8b 4c 16 f8 48
[  326.914591] mt7921e 0000:03:00.0 wlp3s0: renamed from wlan0 (while UP)
[  327.920338] iwd[2965]: segfault at c ip 00007fdf0c2a9c00 sp 00007fff287a68d8 error 4 in libc.so.6[a7c00,7fdf0c22a000+159000] likely on CPU 0 (core 0, socket 0)
[  327.920375] Code: f0 0f 11 07 0f 11 4c 17 f0 c3 83 fa 08 73 2b 83 fa 04 73 16 83 fa 01 7c 10 8a 0e 74 0a 0f b7 74 16 fe 66 89 74 17 fe 88 0f c3 <8b> 4c 16 fc 8b 36 89 4c 17 fc 89 37 c3 0f 1f 00 48 8b 4c 16 f8 48
[  327.989301] mt7921e 0000:03:00.0 wlp3s0: renamed from wlan0 (while UP)
[  329.004257] iwd[2971]: segfault at c ip 00007f15b08aec00 sp 00007ffd25d72f78 error 4 in libc.so.6[a7c00,7f15b082f000+159000] likely on CPU 0 (core 0, socket 0)
[  329.004323] Code: f0 0f 11 07 0f 11 4c 17 f0 c3 83 fa 08 73 2b 83 fa 04 73 16 83 fa 01 7c 10 8a 0e 74 0a 0f b7 74 16 fe 66 89 74 17 fe 88 0f c3 <8b> 4c 16 fc 8b 36 89 4c 17 fc 89 37 c3 0f 1f 00 48 8b 4c 16 f8 48
[  329.070833] mt7921e 0000:03:00.0 wlp3s0: renamed from wlan0 (while UP)
[  330.079622] iwd[2977]: segfault at c ip 00007f3399573c00 sp 00007ffcfa093478 error 4 in libc.so.6[a7c00,7f33994f4000+159000] likely on CPU 0 (core 0, socket 0)
[  330.079654] Code: f0 0f 11 07 0f 11 4c 17 f0 c3 83 fa 08 73 2b 83 fa 04 73 16 83 fa 01 7c 10 8a 0e 74 0a 0f b7 74 16 fe 66 89 74 17 fe 88 0f c3 <8b> 4c 16 fc 8b 36 89 4c 17 fc 89 37 c3 0f 1f 00 48 8b 4c 16 f8 48
[  330.142154] mt7921e 0000:03:00.0 wlp3s0: renamed from wlan0 (while UP)
[  331.151207] iwd[2985]: segfault at c ip 00007f77e7823c00 sp 00007ffd17e2fc78 error 4 in libc.so.6[a7c00,7f77e77a4000+159000] likely on CPU 0 (core 0, socket 0)
[  331.151248] Code: f0 0f 11 07 0f 11 4c 17 f0 c3 83 fa 08 73 2b 83 fa 04 73 16 83 fa 01 7c 10 8a 0e 74 0a 0f b7 74 16 fe 66 89 74 17 fe 88 0f c3 <8b> 4c 16 fc 8b 36 89 4c 17 fc 89 37 c3 0f 1f 00 48 8b 4c 16 f8 48
[  331.219013] mt7921e 0000:03:00.0 wlp3s0: renamed from wlan0 (while UP)
[  332.226422] iwd[2991]: segfault at c ip 00007fc571791c00 sp 00007ffd4233edf8 error 4 in libc.so.6[a7c00,7fc571712000+159000] likely on CPU 0 (core 0, socket 0)
[  332.226463] Code: f0 0f 11 07 0f 11 4c 17 f0 c3 83 fa 08 73 2b 83 fa 04 73 16 83 fa 01 7c 10 8a 0e 74 0a 0f b7 74 16 fe 66 89 74 17 fe 88 0f c3 <8b> 4c 16 fc 8b 36 89 4c 17 fc 89 37 c3 0f 1f 00 48 8b 4c 16 f8 48
[  332.286019] mt7921e 0000:03:00.0 wlp3s0: renamed from wlan0 (while UP)
[  333.291629] iwd[2997]: segfault at c ip 00007f728f993c00 sp 00007fff13240308 error 4 in libc.so.6[a7c00,7f728f914000+159000] likely on CPU 1 (core 1, socket 0)
[  333.291667] Code: f0 0f 11 07 0f 11 4c 17 f0 c3 83 fa 08 73 2b 83 fa 04 73 16 83 fa 01 7c 10 8a 0e 74 0a 0f b7 74 16 fe 66 89 74 17 fe 88 0f c3 <8b> 4c 16 fc 8b 36 89 4c 17 fc 89 37 c3 0f 1f 00 48 8b 4c 16 f8 48
[  333.325922] mt7921e 0000:03:00.0 wlp3s0: renamed from wlan0
[  334.360727] iwd[3003]: segfault at c ip 00007f4681004c00 sp 00007ffc43f90b18 error 4 in libc.so.6[a7c00,7f4680f85000+159000] likely on CPU 1 (core 1, socket 0)
[  334.360759] Code: f0 0f 11 07 0f 11 4c 17 f0 c3 83 fa 08 73 2b 83 fa 04 73 16 83 fa 01 7c 10 8a 0e 74 0a 0f b7 74 16 fe 66 89 74 17 fe 88 0f c3 <8b> 4c 16 fc 8b 36 89 4c 17 fc 89 37 c3 0f 1f 00 48 8b 4c 16 f8 48
[  334.431717] mt7921e 0000:03:00.0 wlp3s0: renamed from wlan0 (while UP)
[  335.435238] iwd[3009]: segfault at c ip 00007fdf9ffdac00 sp 00007ffd66f55a88 error 4 in libc.so.6[a7c00,7fdf9ff5b000+159000] likely on CPU 0 (core 0, socket 0)
[  335.435270] Code: f0 0f 11 07 0f 11 4c 17 f0 c3 83 fa 08 73 2b 83 fa 04 73 16 83 fa 01 7c 10 8a 0e 74 0a 0f b7 74 16 fe 66 89 74 17 fe 88 0f c3 <8b> 4c 16 fc 8b 36 89 4c 17 fc 89 37 c3 0f 1f 00 48 8b 4c 16 f8 48
[  335.502131] mt7921e 0000:03:00.0 wlp3s0: renamed from wlan0 (while UP)
[  336.513374] iwd[3017]: segfault at c ip 00007fbdb906fc00 sp 00007ffcb46372c8 error 4 in libc.so.6[a7c00,7fbdb8ff0000+159000] likely on CPU 0 (core 0, socket 0)
[  336.513415] Code: f0 0f 11 07 0f 11 4c 17 f0 c3 83 fa 08 73 2b 83 fa 04 73 16 83 fa 01 7c 10 8a 0e 74 0a 0f b7 74 16 fe 66 89 74 17 fe 88 0f c3 <8b> 4c 16 fc 8b 36 89 4c 17 fc 89 37 c3 0f 1f 00 48 8b 4c 16 f8 48
[  336.578707] mt7921e 0000:03:00.0 wlp3s0: renamed from wlan0 (while UP)
[  337.586354] iwd[3023]: segfault at c ip 00007f44a8942c00 sp 00007ffd58bf8818 error 4 in libc.so.6[a7c00,7f44a88c3000+159000] likely on CPU 1 (core 1, socket 0)
[  337.586388] Code: f0 0f 11 07 0f 11 4c 17 f0 c3 83 fa 08 73 2b 83 fa 04 73 16 83 fa 01 7c 10 8a 0e 74 0a 0f b7 74 16 fe 66 89 74 17 fe 88 0f c3 <8b> 4c 16 fc 8b 36 89 4c 17 fc 89 37 c3 0f 1f 00 48 8b 4c 16 f8 48
[  337.656492] mt7921e 0000:03:00.0 wlp3s0: renamed from wlan0 (while UP)
[  338.662978] iwd[3029]: segfault at c ip 00007fca52353c00 sp 00007ffee648f758 error 4 in libc.so.6[a7c00,7fca522d4000+159000] likely on CPU 1 (core 1, socket 0)
[  338.663022] Code: f0 0f 11 07 0f 11 4c 17 f0 c3 83 fa 08 73 2b 83 fa 04 73 16 83 fa 01 7c 10 8a 0e 74 0a 0f b7 74 16 fe 66 89 74 17 fe 88 0f c3 <8b> 4c 16 fc 8b 36 89 4c 17 fc 89 37 c3 0f 1f 00 48 8b 4c 16 f8 48
[  338.728164] mt7921e 0000:03:00.0 wlp3s0: renamed from wlan0 (while UP)
[  339.734967] iwd[3035]: segfault at c ip 00007f5ae1eb9c00 sp 00007ffeb5a10d28 error 4 in libc.so.6[a7c00,7f5ae1e3a000+159000] likely on CPU 0 (core 0, socket 0)
[  339.735004] Code: f0 0f 11 07 0f 11 4c 17 f0 c3 83 fa 08 73 2b 83 fa 04 73 16 83 fa 01 7c 10 8a 0e 74 0a 0f b7 74 16 fe 66 89 74 17 fe 88 0f c3 <8b> 4c 16 fc 8b 36 89 4c 17 fc 89 37 c3 0f 1f 00 48 8b 4c 16 f8 48
[  339.775811] mt7921e 0000:03:00.0 wlp3s0: renamed from wlan0
[  340.813608] iwd[3041]: segfault at c ip 00007f4ba6118c00 sp 00007fff5cd09628 error 4 in libc.so.6[a7c00,7f4ba6099000+159000] likely on CPU 0 (core 0, socket 0)
[  340.813640] Code: f0 0f 11 07 0f 11 4c 17 f0 c3 83 fa 08 73 2b 83 fa 04 73 16 83 fa 01 7c 10 8a 0e 74 0a 0f b7 74 16 fe 66 89 74 17 fe 88 0f c3 <8b> 4c 16 fc 8b 36 89 4c 17 fc 89 37 c3 0f 1f 00 48 8b 4c 16 f8 48
[  340.886964] mt7921e 0000:03:00.0 wlp3s0: renamed from wlan0 (while UP)
[  341.902405] iwd[3047]: segfault at c ip 00007f3ecb74fc00 sp 00007ffe7789d9c8 error 4 in libc.so.6[a7c00,7f3ecb6d0000+159000] likely on CPU 1 (core 1, socket 0)
[  341.902446] Code: f0 0f 11 07 0f 11 4c 17 f0 c3 83 fa 08 73 2b 83 fa 04 73 16 83 fa 01 7c 10 8a 0e 74 0a 0f b7 74 16 fe 66 89 74 17 fe 88 0f c3 <8b> 4c 16 fc 8b 36 89 4c 17 fc 89 37 c3 0f 1f 00 48 8b 4c 16 f8 48
[  341.966083] mt7921e 0000:03:00.0 wlp3s0: renamed from wlan0 (while UP)
[  342.973943] iwd[3053]: segfault at c ip 00007f49a7a1ac00 sp 00007ffe6cf61488 error 4 in libc.so.6[a7c00,7f49a799b000+159000] likely on CPU 0 (core 0, socket 0)
[  342.973977] Code: f0 0f 11 07 0f 11 4c 17 f0 c3 83 fa 08 73 2b 83 fa 04 73 16 83 fa 01 7c 10 8a 0e 74 0a 0f b7 74 16 fe 66 89 74 17 fe 88 0f c3 <8b> 4c 16 fc 8b 36 89 4c 17 fc 89 37 c3 0f 1f 00 48 8b 4c 16 f8 48
[  343.035655] mt7921e 0000:03:00.0 wlp3s0: renamed from wlan0 (while UP)
[  344.047117] iwd[3059]: segfault at c ip 00007f788efa3c00 sp 00007ffdeb81bca8 error 4 in libc.so.6[a7c00,7f788ef24000+159000] likely on CPU 1 (core 1, socket 0)
[  344.047155] Code: f0 0f 11 07 0f 11 4c 17 f0 c3 83 fa 08 73 2b 83 fa 04 73 16 83 fa 01 7c 10 8a 0e 74 0a 0f b7 74 16 fe 66 89 74 17 fe 88 0f c3 <8b> 4c 16 fc 8b 36 89 4c 17 fc 89 37 c3 0f 1f 00 48 8b 4c 16 f8 48
[  344.115500] mt7921e 0000:03:00.0 wlp3s0: renamed from wlan0 (while UP)
[  345.124507] iwd[3065]: segfault at c ip 00007f097756ac00 sp 00007ffea3928c88 error 4 in libc.so.6[a7c00,7f09774eb000+159000] likely on CPU 1 (core 1, socket 0)
[  345.124549] Code: f0 0f 11 07 0f 11 4c 17 f0 c3 83 fa 08 73 2b 83 fa 04 73 16 83 fa 01 7c 10 8a 0e 74 0a 0f b7 74 16 fe 66 89 74 17 fe 88 0f c3 <8b> 4c 16 fc 8b 36 89 4c 17 fc 89 37 c3 0f 1f 00 48 8b 4c 16 f8 48
[  345.195643] mt7921e 0000:03:00.0 wlp3s0: renamed from wlan0 (while UP)
[  346.206572] iwd[3071]: segfault at c ip 00007f03fc4c5c00 sp 00007ffe3d060e88 error 4 in libc.so.6[a7c00,7f03fc446000+159000] likely on CPU 1 (core 1, socket 0)
[  346.206604] Code: f0 0f 11 07 0f 11 4c 17 f0 c3 83 fa 08 73 2b 83 fa 04 73 16 83 fa 01 7c 10 8a 0e 74 0a 0f b7 74 16 fe 66 89 74 17 fe 88 0f c3 <8b> 4c 16 fc 8b 36 89 4c 17 fc 89 37 c3 0f 1f 00 48 8b 4c 16 f8 48
[  346.266886] mt7921e 0000:03:00.0 wlp3s0: renamed from wlan0 (while UP)
[  347.273267] iwd[3077]: segfault at c ip 00007f5fdbf48c00 sp 00007fff56106498 error 4 in libc.so.6[a7c00,7f5fdbec9000+159000] likely on CPU 1 (core 1, socket 0)
[  347.273375] Code: f0 0f 11 07 0f 11 4c 17 f0 c3 83 fa 08 73 2b 83 fa 04 73 16 83 fa 01 7c 10 8a 0e 74 0a 0f b7 74 16 fe 66 89 74 17 fe 88 0f c3 <8b> 4c 16 fc 8b 36 89 4c 17 fc 89 37 c3 0f 1f 00 48 8b 4c 16 f8 48
[  347.333975] mt7921e 0000:03:00.0 wlp3s0: renamed from wlan0 (while UP)
[  348.339862] iwd[3083]: segfault at c ip 00007f7cf1cbcc00 sp 00007ffe1fa6b7f8 error 4 in libc.so.6[a7c00,7f7cf1c3d000+159000] likely on CPU 1 (core 1, socket 0)
[  348.339896] Code: f0 0f 11 07 0f 11 4c 17 f0 c3 83 fa 08 73 2b 83 fa 04 73 16 83 fa 01 7c 10 8a 0e 74 0a 0f b7 74 16 fe 66 89 74 17 fe 88 0f c3 <8b> 4c 16 fc 8b 36 89 4c 17 fc 89 37 c3 0f 1f 00 48 8b 4c 16 f8 48
[  348.405771] mt7921e 0000:03:00.0 wlp3s0: renamed from wlan0 (while UP)
[  349.412613] iwd[3089]: segfault at c ip 00007f589ddf6c00 sp 00007ffdede21e98 error 4 in libc.so.6[a7c00,7f589dd77000+159000] likely on CPU 1 (core 1, socket 0)
[  349.412651] Code: f0 0f 11 07 0f 11 4c 17 f0 c3 83 fa 08 73 2b 83 fa 04 73 16 83 fa 01 7c 10 8a 0e 74 0a 0f b7 74 16 fe 66 89 74 17 fe 88 0f c3 <8b> 4c 16 fc 8b 36 89 4c 17 fc 89 37 c3 0f 1f 00 48 8b 4c 16 f8 48
[  349.476110] mt7921e 0000:03:00.0 wlp3s0: renamed from wlan0 (while UP)
[  350.481689] iwd[3096]: segfault at c ip 00007f7170c65c00 sp 00007ffe85231028 error 4 in libc.so.6[a7c00,7f7170be6000+159000] likely on CPU 0 (core 0, socket 0)
[  350.481721] Code: f0 0f 11 07 0f 11 4c 17 f0 c3 83 fa 08 73 2b 83 fa 04 73 16 83 fa 01 7c 10 8a 0e 74 0a 0f b7 74 16 fe 66 89 74 17 fe 88 0f c3 <8b> 4c 16 fc 8b 36 89 4c 17 fc 89 37 c3 0f 1f 00 48 8b 4c 16 f8 48
[  350.542353] mt7921e 0000:03:00.0 wlp3s0: renamed from wlan0 (while UP)
[  351.551884] iwd[3102]: segfault at c ip 00007f57b8808c00 sp 00007ffc3bf837e8 error 4 in libc.so.6[a7c00,7f57b8789000+159000] likely on CPU 1 (core 1, socket 0)
[  351.551918] Code: f0 0f 11 07 0f 11 4c 17 f0 c3 83 fa 08 73 2b 83 fa 04 73 16 83 fa 01 7c 10 8a 0e 74 0a 0f b7 74 16 fe 66 89 74 17 fe 88 0f c3 <8b> 4c 16 fc 8b 36 89 4c 17 fc 89 37 c3 0f 1f 00 48 8b 4c 16 f8 48
[  351.617213] mt7921e 0000:03:00.0 wlp3s0: renamed from wlan0 (while UP)
[  352.621965] iwd[3108]: segfault at c ip 00007fd2b7c78c00 sp 00007ffccd7830e8 error 4 in libc.so.6[a7c00,7fd2b7bf9000+159000] likely on CPU 0 (core 0, socket 0)
[  352.621998] Code: f0 0f 11 07 0f 11 4c 17 f0 c3 83 fa 08 73 2b 83 fa 04 73 16 83 fa 01 7c 10 8a 0e 74 0a 0f b7 74 16 fe 66 89 74 17 fe 88 0f c3 <8b> 4c 16 fc 8b 36 89 4c 17 fc 89 37 c3 0f 1f 00 48 8b 4c 16 f8 48
[  352.686567] mt7921e 0000:03:00.0 wlp3s0: renamed from wlan0 (while UP)
[  353.693562] iwd[3116]: segfault at c ip 00007fe291a62c00 sp 00007ffe540c08f8 error 4 in libc.so.6[a7c00,7fe2919e3000+159000] likely on CPU 1 (core 1, socket 0)
[  353.693603] Code: f0 0f 11 07 0f 11 4c 17 f0 c3 83 fa 08 73 2b 83 fa 04 73 16 83 fa 01 7c 10 8a 0e 74 0a 0f b7 74 16 fe 66 89 74 17 fe 88 0f c3 <8b> 4c 16 fc 8b 36 89 4c 17 fc 89 37 c3 0f 1f 00 48 8b 4c 16 f8 48
[  353.756570] mt7921e 0000:03:00.0 wlp3s0: renamed from wlan0 (while UP)
[  354.763529] iwd[3122]: segfault at c ip 00007f4e63e73c00 sp 00007ffef4f39008 error 4 in libc.so.6[a7c00,7f4e63df4000+159000] likely on CPU 1 (core 1, socket 0)
[  354.763569] Code: f0 0f 11 07 0f 11 4c 17 f0 c3 83 fa 08 73 2b 83 fa 04 73 16 83 fa 01 7c 10 8a 0e 74 0a 0f b7 74 16 fe 66 89 74 17 fe 88 0f c3 <8b> 4c 16 fc 8b 36 89 4c 17 fc 89 37 c3 0f 1f 00 48 8b 4c 16 f8 48
[  354.843848] mt7921e 0000:03:00.0 wlp3s0: renamed from wlan0 (while UP)
[  355.851232] iwd[3128]: segfault at c ip 00007fece3b0fc00 sp 00007ffef5636848 error 4 in libc.so.6[a7c00,7fece3a90000+159000] likely on CPU 1 (core 1, socket 0)
[  355.851326] Code: f0 0f 11 07 0f 11 4c 17 f0 c3 83 fa 08 73 2b 83 fa 04 73 16 83 fa 01 7c 10 8a 0e 74 0a 0f b7 74 16 fe 66 89 74 17 fe 88 0f c3 <8b> 4c 16 fc 8b 36 89 4c 17 fc 89 37 c3 0f 1f 00 48 8b 4c 16 f8 48
[  355.894389] mt7921e 0000:03:00.0 wlp3s0: renamed from wlan0
[  356.929531] iwd[3134]: segfault at c ip 00007fe942292c00 sp 00007ffee09f14e8 error 4 in libc.so.6[a7c00,7fe942213000+159000] likely on CPU 0 (core 0, socket 0)
[  356.929564] Code: f0 0f 11 07 0f 11 4c 17 f0 c3 83 fa 08 73 2b 83 fa 04 73 16 83 fa 01 7c 10 8a 0e 74 0a 0f b7 74 16 fe 66 89 74 17 fe 88 0f c3 <8b> 4c 16 fc 8b 36 89 4c 17 fc 89 37 c3 0f 1f 00 48 8b 4c 16 f8 48
[  356.996335] mt7921e 0000:03:00.0 wlp3s0: renamed from wlan0 (while UP)
[  357.999057] iwd[3140]: segfault at c ip 00007fc652fc9c00 sp 00007fff718ead58 error 4 in libc.so.6[a7c00,7fc652f4a000+159000] likely on CPU 1 (core 1, socket 0)
[  357.999088] Code: f0 0f 11 07 0f 11 4c 17 f0 c3 83 fa 08 73 2b 83 fa 04 73 16 83 fa 01 7c 10 8a 0e 74 0a 0f b7 74 16 fe 66 89 74 17 fe 88 0f c3 <8b> 4c 16 fc 8b 36 89 4c 17 fc 89 37 c3 0f 1f 00 48 8b 4c 16 f8 48
[  358.074305] mt7921e 0000:03:00.0 wlp3s0: renamed from wlan0 (while UP)
[  359.080154] iwd[3146]: segfault at c ip 00007f8989d2cc00 sp 00007ffd42551f48 error 4 in libc.so.6[a7c00,7f8989cad000+159000] likely on CPU 0 (core 0, socket 0)
[  359.080186] Code: f0 0f 11 07 0f 11 4c 17 f0 c3 83 fa 08 73 2b 83 fa 04 73 16 83 fa 01 7c 10 8a 0e 74 0a 0f b7 74 16 fe 66 89 74 17 fe 88 0f c3 <8b> 4c 16 fc 8b 36 89 4c 17 fc 89 37 c3 0f 1f 00 48 8b 4c 16 f8 48
[  359.155327] mt7921e 0000:03:00.0 wlp3s0: renamed from wlan0 (while UP)
[  360.162501] iwd[3152]: segfault at c ip 00007fad3c25fc00 sp 00007ffe4cabf6b8 error 4 in libc.so.6[a7c00,7fad3c1e0000+159000] likely on CPU 0 (core 0, socket 0)
[  360.162539] Code: f0 0f 11 07 0f 11 4c 17 f0 c3 83 fa 08 73 2b 83 fa 04 73 16 83 fa 01 7c 10 8a 0e 74 0a 0f b7 74 16 fe 66 89 74 17 fe 88 0f c3 <8b> 4c 16 fc 8b 36 89 4c 17 fc 89 37 c3 0f 1f 00 48 8b 4c 16 f8 48
[  360.233153] mt7921e 0000:03:00.0 wlp3s0: renamed from wlan0 (while UP)
[  361.239380] iwd[3158]: segfault at c ip 00007f8dda7dfc00 sp 00007ffe39f60f18 error 4 in libc.so.6[a7c00,7f8dda760000+159000] likely on CPU 1 (core 1, socket 0)
[  361.239418] Code: f0 0f 11 07 0f 11 4c 17 f0 c3 83 fa 08 73 2b 83 fa 04 73 16 83 fa 01 7c 10 8a 0e 74 0a 0f b7 74 16 fe 66 89 74 17 fe 88 0f c3 <8b> 4c 16 fc 8b 36 89 4c 17 fc 89 37 c3 0f 1f 00 48 8b 4c 16 f8 48
[  361.301135] mt7921e 0000:03:00.0 wlp3s0: renamed from wlan0 (while UP)
[  362.305390] iwd[3164]: segfault at c ip 00007f8c5c8b5c00 sp 00007fff6c8d4ef8 error 4 in libc.so.6[a7c00,7f8c5c836000+159000] likely on CPU 1 (core 1, socket 0)
[  362.305422] Code: f0 0f 11 07 0f 11 4c 17 f0 c3 83 fa 08 73 2b 83 fa 04 73 16 83 fa 01 7c 10 8a 0e 74 0a 0f b7 74 16 fe 66 89 74 17 fe 88 0f c3 <8b> 4c 16 fc 8b 36 89 4c 17 fc 89 37 c3 0f 1f 00 48 8b 4c 16 f8 48
[  362.370625] mt7921e 0000:03:00.0 wlp3s0: renamed from wlan0 (while UP)
[  363.380498] iwd[3172]: segfault at c ip 00007fb73c60bc00 sp 00007fffcb9db7e8 error 4 in libc.so.6[a7c00,7fb73c58c000+159000] likely on CPU 0 (core 0, socket 0)
[  363.380538] Code: f0 0f 11 07 0f 11 4c 17 f0 c3 83 fa 08 73 2b 83 fa 04 73 16 83 fa 01 7c 10 8a 0e 74 0a 0f b7 74 16 fe 66 89 74 17 fe 88 0f c3 <8b> 4c 16 fc 8b 36 89 4c 17 fc 89 37 c3 0f 1f 00 48 8b 4c 16 f8 48
[  363.446151] mt7921e 0000:03:00.0 wlp3s0: renamed from wlan0 (while UP)
[  364.452164] iwd[3178]: segfault at c ip 00007fed41fdac00 sp 00007fff44c8a208 error 4 in libc.so.6[a7c00,7fed41f5b000+159000] likely on CPU 1 (core 1, socket 0)
[  364.452195] Code: f0 0f 11 07 0f 11 4c 17 f0 c3 83 fa 08 73 2b 83 fa 04 73 16 83 fa 01 7c 10 8a 0e 74 0a 0f b7 74 16 fe 66 89 74 17 fe 88 0f c3 <8b> 4c 16 fc 8b 36 89 4c 17 fc 89 37 c3 0f 1f 00 48 8b 4c 16 f8 48
[  364.513184] mt7921e 0000:03:00.0 wlp3s0: renamed from wlan0 (while UP)
[  365.522817] iwd[3186]: segfault at c ip 00007fa0ff339c00 sp 00007ffd799d2598 error 4 in libc.so.6[a7c00,7fa0ff2ba000+159000] likely on CPU 1 (core 1, socket 0)
[  365.522855] Code: f0 0f 11 07 0f 11 4c 17 f0 c3 83 fa 08 73 2b 83 fa 04 73 16 83 fa 01 7c 10 8a 0e 74 0a 0f b7 74 16 fe 66 89 74 17 fe 88 0f c3 <8b> 4c 16 fc 8b 36 89 4c 17 fc 89 37 c3 0f 1f 00 48 8b 4c 16 f8 48
[  365.587344] mt7921e 0000:03:00.0 wlp3s0: renamed from wlan0 (while UP)
[  366.591551] iwd[3192]: segfault at c ip 00007f86d0e3cc00 sp 00007fffa587dd48 error 4 in libc.so.6[a7c00,7f86d0dbd000+159000] likely on CPU 0 (core 0, socket 0)
[  366.591583] Code: f0 0f 11 07 0f 11 4c 17 f0 c3 83 fa 08 73 2b 83 fa 04 73 16 83 fa 01 7c 10 8a 0e 74 0a 0f b7 74 16 fe 66 89 74 17 fe 88 0f c3 <8b> 4c 16 fc 8b 36 89 4c 17 fc 89 37 c3 0f 1f 00 48 8b 4c 16 f8 48
[  366.658879] mt7921e 0000:03:00.0 wlp3s0: renamed from wlan0 (while UP)
[  367.665348] iwd[3198]: segfault at c ip 00007f2666521c00 sp 00007fff5a62b278 error 4 in libc.so.6[a7c00,7f26664a2000+159000] likely on CPU 1 (core 1, socket 0)
[  367.665385] Code: f0 0f 11 07 0f 11 4c 17 f0 c3 83 fa 08 73 2b 83 fa 04 73 16 83 fa 01 7c 10 8a 0e 74 0a 0f b7 74 16 fe 66 89 74 17 fe 88 0f c3 <8b> 4c 16 fc 8b 36 89 4c 17 fc 89 37 c3 0f 1f 00 48 8b 4c 16 f8 48
[  367.728425] mt7921e 0000:03:00.0 wlp3s0: renamed from wlan0 (while UP)
[  368.734778] iwd[3204]: segfault at c ip 00007f82470bbc00 sp 00007ffc76c87328 error 4 in libc.so.6[a7c00,7f824703c000+159000] likely on CPU 1 (core 1, socket 0)
[  368.734813] Code: f0 0f 11 07 0f 11 4c 17 f0 c3 83 fa 08 73 2b 83 fa 04 73 16 83 fa 01 7c 10 8a 0e 74 0a 0f b7 74 16 fe 66 89 74 17 fe 88 0f c3 <8b> 4c 16 fc 8b 36 89 4c 17 fc 89 37 c3 0f 1f 00 48 8b 4c 16 f8 48
[  368.804356] mt7921e 0000:03:00.0 wlp3s0: renamed from wlan0 (while UP)
[  369.810361] iwd[3210]: segfault at c ip 00007f683cfd8c00 sp 00007fffdc4c82b8 error 4 in libc.so.6[a7c00,7f683cf59000+159000] likely on CPU 0 (core 0, socket 0)
[  369.810402] Code: f0 0f 11 07 0f 11 4c 17 f0 c3 83 fa 08 73 2b 83 fa 04 73 16 83 fa 01 7c 10 8a 0e 74 0a 0f b7 74 16 fe 66 89 74 17 fe 88 0f c3 <8b> 4c 16 fc 8b 36 89 4c 17 fc 89 37 c3 0f 1f 00 48 8b 4c 16 f8 48
[  369.873632] mt7921e 0000:03:00.0 wlp3s0: renamed from wlan0 (while UP)
[  370.880111] iwd[3216]: segfault at c ip 00007fcad35b3c00 sp 00007fffeecd6d88 error 4 in libc.so.6[a7c00,7fcad3534000+159000] likely on CPU 1 (core 1, socket 0)
[  370.880146] Code: f0 0f 11 07 0f 11 4c 17 f0 c3 83 fa 08 73 2b 83 fa 04 73 16 83 fa 01 7c 10 8a 0e 74 0a 0f b7 74 16 fe 66 89 74 17 fe 88 0f c3 <8b> 4c 16 fc 8b 36 89 4c 17 fc 89 37 c3 0f 1f 00 48 8b 4c 16 f8 48
[  370.928661] mt7921e 0000:03:00.0 wlp3s0: renamed from wlan0 (while UP)
[  371.933100] iwd[3222]: segfault at c ip 00007f68c427ec00 sp 00007ffe9d755a18 error 4 in libc.so.6[a7c00,7f68c41ff000+159000] likely on CPU 0 (core 0, socket 0)
[  371.933135] Code: f0 0f 11 07 0f 11 4c 17 f0 c3 83 fa 08 73 2b 83 fa 04 73 16 83 fa 01 7c 10 8a 0e 74 0a 0f b7 74 16 fe 66 89 74 17 fe 88 0f c3 <8b> 4c 16 fc 8b 36 89 4c 17 fc 89 37 c3 0f 1f 00 48 8b 4c 16 f8 48
[  372.002331] mt7921e 0000:03:00.0 wlp3s0: renamed from wlan0 (while UP)
[  373.005449] iwd[3228]: segfault at c ip 00007f1bd4011c00 sp 00007ffcf94b2548 error 4 in libc.so.6[a7c00,7f1bd3f92000+159000] likely on CPU 1 (core 1, socket 0)
[  373.005482] Code: f0 0f 11 07 0f 11 4c 17 f0 c3 83 fa 08 73 2b 83 fa 04 73 16 83 fa 01 7c 10 8a 0e 74 0a 0f b7 74 16 fe 66 89 74 17 fe 88 0f c3 <8b> 4c 16 fc 8b 36 89 4c 17 fc 89 37 c3 0f 1f 00 48 8b 4c 16 f8 48
[  373.073726] mt7921e 0000:03:00.0 wlp3s0: renamed from wlan0 (while UP)
[  374.086116] iwd[3234]: segfault at c ip 00007ff7c1d06c00 sp 00007ffdc1535bd8 error 4 in libc.so.6[a7c00,7ff7c1c87000+159000] likely on CPU 1 (core 1, socket 0)
[  374.086156] Code: f0 0f 11 07 0f 11 4c 17 f0 c3 83 fa 08 73 2b 83 fa 04 73 16 83 fa 01 7c 10 8a 0e 74 0a 0f b7 74 16 fe 66 89 74 17 fe 88 0f c3 <8b> 4c 16 fc 8b 36 89 4c 17 fc 89 37 c3 0f 1f 00 48 8b 4c 16 f8 48
[  374.148714] mt7921e 0000:03:00.0 wlp3s0: renamed from wlan0 (while UP)
[  375.153511] iwd[3240]: segfault at c ip 00007fe663cd7c00 sp 00007ffc62b60438 error 4 in libc.so.6[a7c00,7fe663c58000+159000] likely on CPU 0 (core 0, socket 0)
[  375.153547] Code: f0 0f 11 07 0f 11 4c 17 f0 c3 83 fa 08 73 2b 83 fa 04 73 16 83 fa 01 7c 10 8a 0e 74 0a 0f b7 74 16 fe 66 89 74 17 fe 88 0f c3 <8b> 4c 16 fc 8b 36 89 4c 17 fc 89 37 c3 0f 1f 00 48 8b 4c 16 f8 48
[  375.215594] mt7921e 0000:03:00.0 wlp3s0: renamed from wlan0 (while UP)
[  376.221799] iwd[3246]: segfault at c ip 00007f6cf25acc00 sp 00007ffecc5a2498 error 4 in libc.so.6[a7c00,7f6cf252d000+159000] likely on CPU 1 (core 1, socket 0)
[  376.221831] Code: f0 0f 11 07 0f 11 4c 17 f0 c3 83 fa 08 73 2b 83 fa 04 73 16 83 fa 01 7c 10 8a 0e 74 0a 0f b7 74 16 fe 66 89 74 17 fe 88 0f c3 <8b> 4c 16 fc 8b 36 89 4c 17 fc 89 37 c3 0f 1f 00 48 8b 4c 16 f8 48
[  376.284464] mt7921e 0000:03:00.0 wlp3s0: renamed from wlan0 (while UP)
[  377.293401] iwd[3252]: segfault at c ip 00007f435a08cc00 sp 00007fffad34d5b8 error 4 in libc.so.6[a7c00,7f435a00d000+159000] likely on CPU 1 (core 1, socket 0)
[  377.293433] Code: f0 0f 11 07 0f 11 4c 17 f0 c3 83 fa 08 73 2b 83 fa 04 73 16 83 fa 01 7c 10 8a 0e 74 0a 0f b7 74 16 fe 66 89 74 17 fe 88 0f c3 <8b> 4c 16 fc 8b 36 89 4c 17 fc 89 37 c3 0f 1f 00 48 8b 4c 16 f8 48
[  377.360086] mt7921e 0000:03:00.0 wlp3s0: renamed from wlan0 (while UP)
[  378.371851] iwd[3258]: segfault at c ip 00007fb20e195c00 sp 00007ffcac3f71e8 error 4 in libc.so.6[a7c00,7fb20e116000+159000] likely on CPU 0 (core 0, socket 0)
[  378.371883] Code: f0 0f 11 07 0f 11 4c 17 f0 c3 83 fa 08 73 2b 83 fa 04 73 16 83 fa 01 7c 10 8a 0e 74 0a 0f b7 74 16 fe 66 89 74 17 fe 88 0f c3 <8b> 4c 16 fc 8b 36 89 4c 17 fc 89 37 c3 0f 1f 00 48 8b 4c 16 f8 48
[  378.437830] mt7921e 0000:03:00.0 wlp3s0: renamed from wlan0 (while UP)
[  379.450923] iwd[3266]: segfault at c ip 00007f90f726cc00 sp 00007ffdf19adf18 error 4 in libc.so.6[a7c00,7f90f71ed000+159000] likely on CPU 1 (core 1, socket 0)
[  379.450962] Code: f0 0f 11 07 0f 11 4c 17 f0 c3 83 fa 08 73 2b 83 fa 04 73 16 83 fa 01 7c 10 8a 0e 74 0a 0f b7 74 16 fe 66 89 74 17 fe 88 0f c3 <8b> 4c 16 fc 8b 36 89 4c 17 fc 89 37 c3 0f 1f 00 48 8b 4c 16 f8 48
[  379.525327] mt7921e 0000:03:00.0 wlp3s0: renamed from wlan0 (while UP)
[  380.530456] iwd[3272]: segfault at c ip 00007f5f32b1cc00 sp 00007ffc38d7a998 error 4 in libc.so.6[a7c00,7f5f32a9d000+159000] likely on CPU 1 (core 1, socket 0)
[  380.530489] Code: f0 0f 11 07 0f 11 4c 17 f0 c3 83 fa 08 73 2b 83 fa 04 73 16 83 fa 01 7c 10 8a 0e 74 0a 0f b7 74 16 fe 66 89 74 17 fe 88 0f c3 <8b> 4c 16 fc 8b 36 89 4c 17 fc 89 37 c3 0f 1f 00 48 8b 4c 16 f8 48
[  380.572177] mt7921e 0000:03:00.0 wlp3s0: renamed from wlan0
[  381.607138] iwd[3278]: segfault at c ip 00007f7791da8c00 sp 00007ffc1b6fea58 error 4 in libc.so.6[a7c00,7f7791d29000+159000] likely on CPU 1 (core 1, socket 0)
[  381.607170] Code: f0 0f 11 07 0f 11 4c 17 f0 c3 83 fa 08 73 2b 83 fa 04 73 16 83 fa 01 7c 10 8a 0e 74 0a 0f b7 74 16 fe 66 89 74 17 fe 88 0f c3 <8b> 4c 16 fc 8b 36 89 4c 17 fc 89 37 c3 0f 1f 00 48 8b 4c 16 f8 48
[  381.678810] mt7921e 0000:03:00.0 wlp3s0: renamed from wlan0 (while UP)
[  382.683195] iwd[3284]: segfault at c ip 00007fcb497ddc00 sp 00007fff416eb9a8 error 4 in libc.so.6[a7c00,7fcb4975e000+159000] likely on CPU 1 (core 1, socket 0)
[  382.683251] Code: f0 0f 11 07 0f 11 4c 17 f0 c3 83 fa 08 73 2b 83 fa 04 73 16 83 fa 01 7c 10 8a 0e 74 0a 0f b7 74 16 fe 66 89 74 17 fe 88 0f c3 <8b> 4c 16 fc 8b 36 89 4c 17 fc 89 37 c3 0f 1f 00 48 8b 4c 16 f8 48
[  382.727576] mt7921e 0000:03:00.0 wlp3s0: renamed from wlan0
[  383.761377] iwd[3292]: segfault at c ip 00007fb6a2157c00 sp 00007ffe3701ee18 error 4 in libc.so.6[a7c00,7fb6a20d8000+159000] likely on CPU 0 (core 0, socket 0)
[  383.761414] Code: f0 0f 11 07 0f 11 4c 17 f0 c3 83 fa 08 73 2b 83 fa 04 73 16 83 fa 01 7c 10 8a 0e 74 0a 0f b7 74 16 fe 66 89 74 17 fe 88 0f c3 <8b> 4c 16 fc 8b 36 89 4c 17 fc 89 37 c3 0f 1f 00 48 8b 4c 16 f8 48
[  383.825358] mt7921e 0000:03:00.0 wlp3s0: renamed from wlan0 (while UP)
[  384.844919] iwd[3298]: segfault at c ip 00007f10181e2c00 sp 00007ffe6b303068 error 4 in libc.so.6[a7c00,7f1018163000+159000] likely on CPU 1 (core 1, socket 0)
[  384.844954] Code: f0 0f 11 07 0f 11 4c 17 f0 c3 83 fa 08 73 2b 83 fa 04 73 16 83 fa 01 7c 10 8a 0e 74 0a 0f b7 74 16 fe 66 89 74 17 fe 88 0f c3 <8b> 4c 16 fc 8b 36 89 4c 17 fc 89 37 c3 0f 1f 00 48 8b 4c 16 f8 48
[  384.919367] mt7921e 0000:03:00.0 wlp3s0: renamed from wlan0 (while UP)
[  385.925465] iwd[3304]: segfault at c ip 00007f25b742fc00 sp 00007fff5cac03d8 error 4 in libc.so.6[a7c00,7f25b73b0000+159000] likely on CPU 0 (core 0, socket 0)
[  385.925506] Code: f0 0f 11 07 0f 11 4c 17 f0 c3 83 fa 08 73 2b 83 fa 04 73 16 83 fa 01 7c 10 8a 0e 74 0a 0f b7 74 16 fe 66 89 74 17 fe 88 0f c3 <8b> 4c 16 fc 8b 36 89 4c 17 fc 89 37 c3 0f 1f 00 48 8b 4c 16 f8 48
[  385.987611] mt7921e 0000:03:00.0 wlp3s0: renamed from wlan0 (while UP)
[  386.998452] iwd[3310]: segfault at c ip 00007f7891f2cc00 sp 00007fff02169c28 error 4 in libc.so.6[a7c00,7f7891ead000+159000] likely on CPU 0 (core 0, socket 0)
[  386.998490] Code: f0 0f 11 07 0f 11 4c 17 f0 c3 83 fa 08 73 2b 83 fa 04 73 16 83 fa 01 7c 10 8a 0e 74 0a 0f b7 74 16 fe 66 89 74 17 fe 88 0f c3 <8b> 4c 16 fc 8b 36 89 4c 17 fc 89 37 c3 0f 1f 00 48 8b 4c 16 f8 48
[  387.058330] mt7921e 0000:03:00.0 wlp3s0: renamed from wlan0 (while UP)
[  388.064652] iwd[3316]: segfault at c ip 00007f5501811c00 sp 00007fff0de5b838 error 4 in libc.so.6[a7c00,7f5501792000+159000] likely on CPU 1 (core 1, socket 0)
[  388.064689] Code: f0 0f 11 07 0f 11 4c 17 f0 c3 83 fa 08 73 2b 83 fa 04 73 16 83 fa 01 7c 10 8a 0e 74 0a 0f b7 74 16 fe 66 89 74 17 fe 88 0f c3 <8b> 4c 16 fc 8b 36 89 4c 17 fc 89 37 c3 0f 1f 00 48 8b 4c 16 f8 48
[  388.128505] mt7921e 0000:03:00.0 wlp3s0: renamed from wlan0 (while UP)
[  389.134592] iwd[3322]: segfault at c ip 00007f42f665ec00 sp 00007fff995418b8 error 4 in libc.so.6[a7c00,7f42f65df000+159000] likely on CPU 1 (core 1, socket 0)
[  389.134629] Code: f0 0f 11 07 0f 11 4c 17 f0 c3 83 fa 08 73 2b 83 fa 04 73 16 83 fa 01 7c 10 8a 0e 74 0a 0f b7 74 16 fe 66 89 74 17 fe 88 0f c3 <8b> 4c 16 fc 8b 36 89 4c 17 fc 89 37 c3 0f 1f 00 48 8b 4c 16 f8 48
[  389.172973] mt7921e 0000:03:00.0 wlp3s0: renamed from wlan0
[  390.208454] iwd[3328]: segfault at c ip 00007f6b3479dc00 sp 00007ffcba06eb08 error 4 in libc.so.6[a7c00,7f6b3471e000+159000] likely on CPU 0 (core 0, socket 0)
[  390.208486] Code: f0 0f 11 07 0f 11 4c 17 f0 c3 83 fa 08 73 2b 83 fa 04 73 16 83 fa 01 7c 10 8a 0e 74 0a 0f b7 74 16 fe 66 89 74 17 fe 88 0f c3 <8b> 4c 16 fc 8b 36 89 4c 17 fc 89 37 c3 0f 1f 00 48 8b 4c 16 f8 48
[  390.271332] mt7921e 0000:03:00.0 wlp3s0: renamed from wlan0 (while UP)
[  391.280456] iwd[3334]: segfault at c ip 00007f41babbac00 sp 00007ffca913fa28 error 4 in libc.so.6[a7c00,7f41bab3b000+159000] likely on CPU 1 (core 1, socket 0)
[  391.280494] Code: f0 0f 11 07 0f 11 4c 17 f0 c3 83 fa 08 73 2b 83 fa 04 73 16 83 fa 01 7c 10 8a 0e 74 0a 0f b7 74 16 fe 66 89 74 17 fe 88 0f c3 <8b> 4c 16 fc 8b 36 89 4c 17 fc 89 37 c3 0f 1f 00 48 8b 4c 16 f8 48
[  391.337609] mt7921e 0000:03:00.0 wlp3s0: renamed from wlan0 (while UP)
[  392.356210] iwd[3340]: segfault at c ip 00007f087e551c00 sp 00007ffe7f2562c8 error 4 in libc.so.6[a7c00,7f087e4d2000+159000] likely on CPU 1 (core 1, socket 0)
[  392.356245] Code: f0 0f 11 07 0f 11 4c 17 f0 c3 83 fa 08 73 2b 83 fa 04 73 16 83 fa 01 7c 10 8a 0e 74 0a 0f b7 74 16 fe 66 89 74 17 fe 88 0f c3 <8b> 4c 16 fc 8b 36 89 4c 17 fc 89 37 c3 0f 1f 00 48 8b 4c 16 f8 48
[  392.425071] mt7921e 0000:03:00.0 wlp3s0: renamed from wlan0 (while UP)
[  393.432059] iwd[3346]: segfault at c ip 00007f89ba425c00 sp 00007fff58906808 error 4 in libc.so.6[a7c00,7f89ba3a6000+159000] likely on CPU 1 (core 1, socket 0)
[  393.432099] Code: f0 0f 11 07 0f 11 4c 17 f0 c3 83 fa 08 73 2b 83 fa 04 73 16 83 fa 01 7c 10 8a 0e 74 0a 0f b7 74 16 fe 66 89 74 17 fe 88 0f c3 <8b> 4c 16 fc 8b 36 89 4c 17 fc 89 37 c3 0f 1f 00 48 8b 4c 16 f8 48
[  393.496869] mt7921e 0000:03:00.0 wlp3s0: renamed from wlan0 (while UP)
[  394.503163] iwd[3352]: segfault at c ip 00007f39af713c00 sp 00007ffcfef68838 error 4 in libc.so.6[a7c00,7f39af694000+159000] likely on CPU 0 (core 0, socket 0)
[  394.503196] Code: f0 0f 11 07 0f 11 4c 17 f0 c3 83 fa 08 73 2b 83 fa 04 73 16 83 fa 01 7c 10 8a 0e 74 0a 0f b7 74 16 fe 66 89 74 17 fe 88 0f c3 <8b> 4c 16 fc 8b 36 89 4c 17 fc 89 37 c3 0f 1f 00 48 8b 4c 16 f8 48
[  394.566311] mt7921e 0000:03:00.0 wlp3s0: renamed from wlan0 (while UP)
[  395.570685] iwd[3360]: segfault at c ip 00007fc5f9a09c00 sp 00007ffe613948c8 error 4 in libc.so.6[a7c00,7fc5f998a000+159000] likely on CPU 0 (core 0, socket 0)
[  395.570722] Code: f0 0f 11 07 0f 11 4c 17 f0 c3 83 fa 08 73 2b 83 fa 04 73 16 83 fa 01 7c 10 8a 0e 74 0a 0f b7 74 16 fe 66 89 74 17 fe 88 0f c3 <8b> 4c 16 fc 8b 36 89 4c 17 fc 89 37 c3 0f 1f 00 48 8b 4c 16 f8 48
[  395.633117] mt7921e 0000:03:00.0 wlp3s0: renamed from wlan0 (while UP)
[  396.639062] iwd[3366]: segfault at c ip 00007f7bd4fbfc00 sp 00007ffd0787c708 error 4 in libc.so.6[a7c00,7f7bd4f40000+159000] likely on CPU 0 (core 0, socket 0)
[  396.639103] Code: f0 0f 11 07 0f 11 4c 17 f0 c3 83 fa 08 73 2b 83 fa 04 73 16 83 fa 01 7c 10 8a 0e 74 0a 0f b7 74 16 fe 66 89 74 17 fe 88 0f c3 <8b> 4c 16 fc 8b 36 89 4c 17 fc 89 37 c3 0f 1f 00 48 8b 4c 16 f8 48
[  396.703003] mt7921e 0000:03:00.0 wlp3s0: renamed from wlan0 (while UP)
[  397.713950] iwd[3372]: segfault at c ip 00007f51625fdc00 sp 00007fffcbb09118 error 4 in libc.so.6[a7c00,7f516257e000+159000] likely on CPU 1 (core 1, socket 0)
[  397.713987] Code: f0 0f 11 07 0f 11 4c 17 f0 c3 83 fa 08 73 2b 83 fa 04 73 16 83 fa 01 7c 10 8a 0e 74 0a 0f b7 74 16 fe 66 89 74 17 fe 88 0f c3 <8b> 4c 16 fc 8b 36 89 4c 17 fc 89 37 c3 0f 1f 00 48 8b 4c 16 f8 48
[  397.779951] mt7921e 0000:03:00.0 wlp3s0: renamed from wlan0 (while UP)
[  398.790187] iwd[3378]: segfault at c ip 00007f6fcc0a2c00 sp 00007fff16327cf8 error 4 in libc.so.6[a7c00,7f6fcc023000+159000] likely on CPU 0 (core 0, socket 0)
[  398.790224] Code: f0 0f 11 07 0f 11 4c 17 f0 c3 83 fa 08 73 2b 83 fa 04 73 16 83 fa 01 7c 10 8a 0e 74 0a 0f b7 74 16 fe 66 89 74 17 fe 88 0f c3 <8b> 4c 16 fc 8b 36 89 4c 17 fc 89 37 c3 0f 1f 00 48 8b 4c 16 f8 48
[  398.828460] mt7921e 0000:03:00.0 wlp3s0: renamed from wlan0
[  399.861662] iwd[3384]: segfault at c ip 00007f496541ac00 sp 00007ffc54d45758 error 4 in libc.so.6[a7c00,7f496539b000+159000] likely on CPU 1 (core 1, socket 0)
[  399.861695] Code: f0 0f 11 07 0f 11 4c 17 f0 c3 83 fa 08 73 2b 83 fa 04 73 16 83 fa 01 7c 10 8a 0e 74 0a 0f b7 74 16 fe 66 89 74 17 fe 88 0f c3 <8b> 4c 16 fc 8b 36 89 4c 17 fc 89 37 c3 0f 1f 00 48 8b 4c 16 f8 48
[  399.936719] mt7921e 0000:03:00.0 wlp3s0: renamed from wlan0 (while UP)
[  400.940880] iwd[3390]: segfault at c ip 00007f7587221c00 sp 00007ffdc9ff0768 error 4 in libc.so.6[a7c00,7f75871a2000+159000] likely on CPU 1 (core 1, socket 0)
[  400.940913] Code: f0 0f 11 07 0f 11 4c 17 f0 c3 83 fa 08 73 2b 83 fa 04 73 16 83 fa 01 7c 10 8a 0e 74 0a 0f b7 74 16 fe 66 89 74 17 fe 88 0f c3 <8b> 4c 16 fc 8b 36 89 4c 17 fc 89 37 c3 0f 1f 00 48 8b 4c 16 f8 48
[  400.987776] mt7921e 0000:03:00.0 wlp3s0: renamed from wlan0 (while UP)
[  401.993410] iwd[3396]: segfault at c ip 00007fc52350dc00 sp 00007ffc7c2166c8 error 4 in libc.so.6[a7c00,7fc52348e000+159000] likely on CPU 1 (core 1, socket 0)
[  401.993444] Code: f0 0f 11 07 0f 11 4c 17 f0 c3 83 fa 08 73 2b 83 fa 04 73 16 83 fa 01 7c 10 8a 0e 74 0a 0f b7 74 16 fe 66 89 74 17 fe 88 0f c3 <8b> 4c 16 fc 8b 36 89 4c 17 fc 89 37 c3 0f 1f 00 48 8b 4c 16 f8 48
[  402.052643] mt7921e 0000:03:00.0 wlp3s0: renamed from wlan0 (while UP)
[  403.057696] iwd[3402]: segfault at c ip 00007f8d0fd3dc00 sp 00007ffe8b7d61b8 error 4 in libc.so.6[a7c00,7f8d0fcbe000+159000] likely on CPU 0 (core 0, socket 0)
[  403.057730] Code: f0 0f 11 07 0f 11 4c 17 f0 c3 83 fa 08 73 2b 83 fa 04 73 16 83 fa 01 7c 10 8a 0e 74 0a 0f b7 74 16 fe 66 89 74 17 fe 88 0f c3 <8b> 4c 16 fc 8b 36 89 4c 17 fc 89 37 c3 0f 1f 00 48 8b 4c 16 f8 48
[  403.121927] mt7921e 0000:03:00.0 wlp3s0: renamed from wlan0 (while UP)
[  404.130373] iwd[3408]: segfault at c ip 00007fd922d66c00 sp 00007ffcd6503d38 error 4 in libc.so.6[a7c00,7fd922ce7000+159000] likely on CPU 1 (core 1, socket 0)
[  404.130411] Code: f0 0f 11 07 0f 11 4c 17 f0 c3 83 fa 08 73 2b 83 fa 04 73 16 83 fa 01 7c 10 8a 0e 74 0a 0f b7 74 16 fe 66 89 74 17 fe 88 0f c3 <8b> 4c 16 fc 8b 36 89 4c 17 fc 89 37 c3 0f 1f 00 48 8b 4c 16 f8 48
[  404.193022] mt7921e 0000:03:00.0 wlp3s0: renamed from wlan0 (while UP)
[  405.198773] iwd[3414]: segfault at c ip 00007f515dea7c00 sp 00007ffd8424dc88 error 4 in libc.so.6[a7c00,7f515de28000+159000] likely on CPU 1 (core 1, socket 0)
[  405.198817] Code: f0 0f 11 07 0f 11 4c 17 f0 c3 83 fa 08 73 2b 83 fa 04 73 16 83 fa 01 7c 10 8a 0e 74 0a 0f b7 74 16 fe 66 89 74 17 fe 88 0f c3 <8b> 4c 16 fc 8b 36 89 4c 17 fc 89 37 c3 0f 1f 00 48 8b 4c 16 f8 48
[  405.261472] mt7921e 0000:03:00.0 wlp3s0: renamed from wlan0 (while UP)
[  406.271100] iwd[3420]: segfault at c ip 00007f82cdfd4c00 sp 00007ffccbdcc618 error 4 in libc.so.6[a7c00,7f82cdf55000+159000] likely on CPU 1 (core 1, socket 0)
[  406.271132] Code: f0 0f 11 07 0f 11 4c 17 f0 c3 83 fa 08 73 2b 83 fa 04 73 16 83 fa 01 7c 10 8a 0e 74 0a 0f b7 74 16 fe 66 89 74 17 fe 88 0f c3 <8b> 4c 16 fc 8b 36 89 4c 17 fc 89 37 c3 0f 1f 00 48 8b 4c 16 f8 48
[  406.339180] mt7921e 0000:03:00.0 wlp3s0: renamed from wlan0 (while UP)
[  407.352089] iwd[3428]: segfault at c ip 00007fb6468c5c00 sp 00007ffeeea3a418 error 4 in libc.so.6[a7c00,7fb646846000+159000] likely on CPU 0 (core 0, socket 0)
[  407.352126] Code: f0 0f 11 07 0f 11 4c 17 f0 c3 83 fa 08 73 2b 83 fa 04 73 16 83 fa 01 7c 10 8a 0e 74 0a 0f b7 74 16 fe 66 89 74 17 fe 88 0f c3 <8b> 4c 16 fc 8b 36 89 4c 17 fc 89 37 c3 0f 1f 00 48 8b 4c 16 f8 48
[  407.415645] mt7921e 0000:03:00.0 wlp3s0: renamed from wlan0 (while UP)
[  408.428025] iwd[3434]: segfault at c ip 00007f4ca2843c00 sp 00007fff89ea0ef8 error 4 in libc.so.6[a7c00,7f4ca27c4000+159000] likely on CPU 1 (core 1, socket 0)
[  408.428062] Code: f0 0f 11 07 0f 11 4c 17 f0 c3 83 fa 08 73 2b 83 fa 04 73 16 83 fa 01 7c 10 8a 0e 74 0a 0f b7 74 16 fe 66 89 74 17 fe 88 0f c3 <8b> 4c 16 fc 8b 36 89 4c 17 fc 89 37 c3 0f 1f 00 48 8b 4c 16 f8 48
[  408.491479] mt7921e 0000:03:00.0 wlp3s0: renamed from wlan0 (while UP)
[  409.501589] iwd[3440]: segfault at c ip 00007f2bc8a30c00 sp 00007ffefb90e818 error 4 in libc.so.6[a7c00,7f2bc89b1000+159000] likely on CPU 0 (core 0, socket 0)
[  409.501627] Code: f0 0f 11 07 0f 11 4c 17 f0 c3 83 fa 08 73 2b 83 fa 04 73 16 83 fa 01 7c 10 8a 0e 74 0a 0f b7 74 16 fe 66 89 74 17 fe 88 0f c3 <8b> 4c 16 fc 8b 36 89 4c 17 fc 89 37 c3 0f 1f 00 48 8b 4c 16 f8 48
[  409.564413] mt7921e 0000:03:00.0 wlp3s0: renamed from wlan0 (while UP)
[  410.571359] iwd[3446]: segfault at c ip 00007fe3083a9c00 sp 00007ffc076ca168 error 4 in libc.so.6[a7c00,7fe30832a000+159000] likely on CPU 1 (core 1, socket 0)
[  410.571396] Code: f0 0f 11 07 0f 11 4c 17 f0 c3 83 fa 08 73 2b 83 fa 04 73 16 83 fa 01 7c 10 8a 0e 74 0a 0f b7 74 16 fe 66 89 74 17 fe 88 0f c3 <8b> 4c 16 fc 8b 36 89 4c 17 fc 89 37 c3 0f 1f 00 48 8b 4c 16 f8 48
[  410.638186] mt7921e 0000:03:00.0 wlp3s0: renamed from wlan0 (while UP)
[  411.649152] iwd[3452]: segfault at c ip 00007f257e7b0c00 sp 00007ffe6795c708 error 4 in libc.so.6[a7c00,7f257e731000+159000] likely on CPU 0 (core 0, socket 0)
[  411.649189] Code: f0 0f 11 07 0f 11 4c 17 f0 c3 83 fa 08 73 2b 83 fa 04 73 16 83 fa 01 7c 10 8a 0e 74 0a 0f b7 74 16 fe 66 89 74 17 fe 88 0f c3 <8b> 4c 16 fc 8b 36 89 4c 17 fc 89 37 c3 0f 1f 00 48 8b 4c 16 f8 48
[  411.715417] mt7921e 0000:03:00.0 wlp3s0: renamed from wlan0 (while UP)
[  412.721170] iwd[3458]: segfault at c ip 00007f6a6fba4c00 sp 00007fff32f55f68 error 4 in libc.so.6[a7c00,7f6a6fb25000+159000] likely on CPU 1 (core 1, socket 0)
[  412.721205] Code: f0 0f 11 07 0f 11 4c 17 f0 c3 83 fa 08 73 2b 83 fa 04 73 16 83 fa 01 7c 10 8a 0e 74 0a 0f b7 74 16 fe 66 89 74 17 fe 88 0f c3 <8b> 4c 16 fc 8b 36 89 4c 17 fc 89 37 c3 0f 1f 00 48 8b 4c 16 f8 48
[  412.783894] mt7921e 0000:03:00.0 wlp3s0: renamed from wlan0 (while UP)
[  413.790407] iwd[3464]: segfault at c ip 00007f0a1390ac00 sp 00007ffeb7b87fe8 error 4 in libc.so.6[a7c00,7f0a1388b000+159000] likely on CPU 1 (core 1, socket 0)
[  413.790443] Code: f0 0f 11 07 0f 11 4c 17 f0 c3 83 fa 08 73 2b 83 fa 04 73 16 83 fa 01 7c 10 8a 0e 74 0a 0f b7 74 16 fe 66 89 74 17 fe 88 0f c3 <8b> 4c 16 fc 8b 36 89 4c 17 fc 89 37 c3 0f 1f 00 48 8b 4c 16 f8 48
[  413.866258] mt7921e 0000:03:00.0 wlp3s0: renamed from wlan0 (while UP)
[  414.873433] iwd[3470]: segfault at c ip 00007f71f2543c00 sp 00007fffa5ebed98 error 4 in libc.so.6[a7c00,7f71f24c4000+159000] likely on CPU 1 (core 1, socket 0)
[  414.873473] Code: f0 0f 11 07 0f 11 4c 17 f0 c3 83 fa 08 73 2b 83 fa 04 73 16 83 fa 01 7c 10 8a 0e 74 0a 0f b7 74 16 fe 66 89 74 17 fe 88 0f c3 <8b> 4c 16 fc 8b 36 89 4c 17 fc 89 37 c3 0f 1f 00 48 8b 4c 16 f8 48
[  414.939670] mt7921e 0000:03:00.0 wlp3s0: renamed from wlan0 (while UP)
[  415.945551] iwd[3476]: segfault at c ip 00007fc697eafc00 sp 00007ffcc0475a38 error 4 in libc.so.6[a7c00,7fc697e30000+159000] likely on CPU 1 (core 1, socket 0)
[  415.945583] Code: f0 0f 11 07 0f 11 4c 17 f0 c3 83 fa 08 73 2b 83 fa 04 73 16 83 fa 01 7c 10 8a 0e 74 0a 0f b7 74 16 fe 66 89 74 17 fe 88 0f c3 <8b> 4c 16 fc 8b 36 89 4c 17 fc 89 37 c3 0f 1f 00 48 8b 4c 16 f8 48
[  416.002784] mt7921e 0000:03:00.0 wlp3s0: renamed from wlan0 (while UP)
[  417.012059] iwd[3482]: segfault at c ip 00007f32b4f06c00 sp 00007fff109f6118 error 4 in libc.so.6[a7c00,7f32b4e87000+159000] likely on CPU 0 (core 0, socket 0)
[  417.012093] Code: f0 0f 11 07 0f 11 4c 17 f0 c3 83 fa 08 73 2b 83 fa 04 73 16 83 fa 01 7c 10 8a 0e 74 0a 0f b7 74 16 fe 66 89 74 17 fe 88 0f c3 <8b> 4c 16 fc 8b 36 89 4c 17 fc 89 37 c3 0f 1f 00 48 8b 4c 16 f8 48
[  417.079140] mt7921e 0000:03:00.0 wlp3s0: renamed from wlan0 (while UP)
[  418.084966] iwd[3488]: segfault at c ip 00007f3ba5f13c00 sp 00007fff57a270f8 error 4 in libc.so.6[a7c00,7f3ba5e94000+159000] likely on CPU 1 (core 1, socket 0)
[  418.085004] Code: f0 0f 11 07 0f 11 4c 17 f0 c3 83 fa 08 73 2b 83 fa 04 73 16 83 fa 01 7c 10 8a 0e 74 0a 0f b7 74 16 fe 66 89 74 17 fe 88 0f c3 <8b> 4c 16 fc 8b 36 89 4c 17 fc 89 37 c3 0f 1f 00 48 8b 4c 16 f8 48
[  418.122703] mt7921e 0000:03:00.0 wlp3s0: renamed from wlan0
[  419.156047] iwd[3494]: segfault at c ip 00007ff8ec65ec00 sp 00007ffcc29c7ef8 error 4 in libc.so.6[a7c00,7ff8ec5df000+159000] likely on CPU 0 (core 0, socket 0)
[  419.156079] Code: f0 0f 11 07 0f 11 4c 17 f0 c3 83 fa 08 73 2b 83 fa 04 73 16 83 fa 01 7c 10 8a 0e 74 0a 0f b7 74 16 fe 66 89 74 17 fe 88 0f c3 <8b> 4c 16 fc 8b 36 89 4c 17 fc 89 37 c3 0f 1f 00 48 8b 4c 16 f8 48
[  419.220676] mt7921e 0000:03:00.0 wlp3s0: renamed from wlan0 (while UP)
[  420.239335] iwd[3500]: segfault at c ip 00007facade5fc00 sp 00007ffe658e4de8 error 4 in libc.so.6[a7c00,7facadde0000+159000] likely on CPU 0 (core 0, socket 0)
[  420.239374] Code: f0 0f 11 07 0f 11 4c 17 f0 c3 83 fa 08 73 2b 83 fa 04 73 16 83 fa 01 7c 10 8a 0e 74 0a 0f b7 74 16 fe 66 89 74 17 fe 88 0f c3 <8b> 4c 16 fc 8b 36 89 4c 17 fc 89 37 c3 0f 1f 00 48 8b 4c 16 f8 48
[  420.303053] mt7921e 0000:03:00.0 wlp3s0: renamed from wlan0 (while UP)
[  421.316124] iwd[3506]: segfault at c ip 00007f3b66fb0c00 sp 00007ffe0f49a678 error 4 in libc.so.6[a7c00,7f3b66f31000+159000] likely on CPU 0 (core 0, socket 0)
[  421.316162] Code: f0 0f 11 07 0f 11 4c 17 f0 c3 83 fa 08 73 2b 83 fa 04 73 16 83 fa 01 7c 10 8a 0e 74 0a 0f b7 74 16 fe 66 89 74 17 fe 88 0f c3 <8b> 4c 16 fc 8b 36 89 4c 17 fc 89 37 c3 0f 1f 00 48 8b 4c 16 f8 48
[  421.382440] mt7921e 0000:03:00.0 wlp3s0: renamed from wlan0 (while UP)
[  422.397398] iwd[3512]: segfault at c ip 00007fb869c28c00 sp 00007ffd25741818 error 4 in libc.so.6[a7c00,7fb869ba9000+159000] likely on CPU 1 (core 1, socket 0)
[  422.397437] Code: f0 0f 11 07 0f 11 4c 17 f0 c3 83 fa 08 73 2b 83 fa 04 73 16 83 fa 01 7c 10 8a 0e 74 0a 0f b7 74 16 fe 66 89 74 17 fe 88 0f c3 <8b> 4c 16 fc 8b 36 89 4c 17 fc 89 37 c3 0f 1f 00 48 8b 4c 16 f8 48
[  422.458305] mt7921e 0000:03:00.0 wlp3s0: renamed from wlan0 (while UP)
[  423.461990] iwd[3518]: segfault at c ip 00007fa04360ec00 sp 00007ffe670ff908 error 4 in libc.so.6[a7c00,7fa04358f000+159000] likely on CPU 0 (core 0, socket 0)
[  423.462025] Code: f0 0f 11 07 0f 11 4c 17 f0 c3 83 fa 08 73 2b 83 fa 04 73 16 83 fa 01 7c 10 8a 0e 74 0a 0f b7 74 16 fe 66 89 74 17 fe 88 0f c3 <8b> 4c 16 fc 8b 36 89 4c 17 fc 89 37 c3 0f 1f 00 48 8b 4c 16 f8 48
[  423.504244] mt7921e 0000:03:00.0 wlp3s0: renamed from wlan0
[  424.542819] iwd[3524]: segfault at c ip 00007f5e526eac00 sp 00007ffd7d0fcef8 error 4 in libc.so.6[a7c00,7f5e5266b000+159000] likely on CPU 0 (core 0, socket 0)
[  424.542854] Code: f0 0f 11 07 0f 11 4c 17 f0 c3 83 fa 08 73 2b 83 fa 04 73 16 83 fa 01 7c 10 8a 0e 74 0a 0f b7 74 16 fe 66 89 74 17 fe 88 0f c3 <8b> 4c 16 fc 8b 36 89 4c 17 fc 89 37 c3 0f 1f 00 48 8b 4c 16 f8 48
[  424.607369] mt7921e 0000:03:00.0 wlp3s0: renamed from wlan0 (while UP)
[  425.613790] iwd[3530]: segfault at c ip 00007f984d6c1c00 sp 00007ffc2c29e788 error 4 in libc.so.6[a7c00,7f984d642000+159000] likely on CPU 0 (core 0, socket 0)
[  425.613824] Code: f0 0f 11 07 0f 11 4c 17 f0 c3 83 fa 08 73 2b 83 fa 04 73 16 83 fa 01 7c 10 8a 0e 74 0a 0f b7 74 16 fe 66 89 74 17 fe 88 0f c3 <8b> 4c 16 fc 8b 36 89 4c 17 fc 89 37 c3 0f 1f 00 48 8b 4c 16 f8 48
[  425.695830] mt7921e 0000:03:00.0 wlp3s0: renamed from wlan0 (while UP)
[  426.704106] iwd[3536]: segfault at c ip 00007f6debb85c00 sp 00007ffe51ed13f8 error 4 in libc.so.6[a7c00,7f6debb06000+159000] likely on CPU 0 (core 0, socket 0)
[  426.704139] Code: f0 0f 11 07 0f 11 4c 17 f0 c3 83 fa 08 73 2b 83 fa 04 73 16 83 fa 01 7c 10 8a 0e 74 0a 0f b7 74 16 fe 66 89 74 17 fe 88 0f c3 <8b> 4c 16 fc 8b 36 89 4c 17 fc 89 37 c3 0f 1f 00 48 8b 4c 16 f8 48
[  426.764989] mt7921e 0000:03:00.0 wlp3s0: renamed from wlan0 (while UP)
[  427.771355] iwd[3544]: segfault at c ip 00007fab16a64c00 sp 00007ffd235440a8 error 4 in libc.so.6[a7c00,7fab169e5000+159000] likely on CPU 1 (core 1, socket 0)
[  427.771392] Code: f0 0f 11 07 0f 11 4c 17 f0 c3 83 fa 08 73 2b 83 fa 04 73 16 83 fa 01 7c 10 8a 0e 74 0a 0f b7 74 16 fe 66 89 74 17 fe 88 0f c3 <8b> 4c 16 fc 8b 36 89 4c 17 fc 89 37 c3 0f 1f 00 48 8b 4c 16 f8 48
[  427.835331] mt7921e 0000:03:00.0 wlp3s0: renamed from wlan0 (while UP)
[  428.846575] iwd[3550]: segfault at c ip 00007fced346ec00 sp 00007ffd5c660798 error 4 in libc.so.6[a7c00,7fced33ef000+159000] likely on CPU 0 (core 0, socket 0)
[  428.846627] Code: f0 0f 11 07 0f 11 4c 17 f0 c3 83 fa 08 73 2b 83 fa 04 73 16 83 fa 01 7c 10 8a 0e 74 0a 0f b7 74 16 fe 66 89 74 17 fe 88 0f c3 <8b> 4c 16 fc 8b 36 89 4c 17 fc 89 37 c3 0f 1f 00 48 8b 4c 16 f8 48
[  428.913219] mt7921e 0000:03:00.0 wlp3s0: renamed from wlan0 (while UP)
[  429.923796] iwd[3556]: segfault at c ip 00007f6f7a63cc00 sp 00007fffc3327198 error 4 in libc.so.6[a7c00,7f6f7a5bd000+159000] likely on CPU 0 (core 0, socket 0)
[  429.923837] Code: f0 0f 11 07 0f 11 4c 17 f0 c3 83 fa 08 73 2b 83 fa 04 73 16 83 fa 01 7c 10 8a 0e 74 0a 0f b7 74 16 fe 66 89 74 17 fe 88 0f c3 <8b> 4c 16 fc 8b 36 89 4c 17 fc 89 37 c3 0f 1f 00 48 8b 4c 16 f8 48
[  429.994149] mt7921e 0000:03:00.0 wlp3s0: renamed from wlan0 (while UP)
[  430.997555] iwd[3562]: segfault at c ip 00007fadf6c8fc00 sp 00007ffc25144ba8 error 4 in libc.so.6[a7c00,7fadf6c10000+159000] likely on CPU 1 (core 1, socket 0)
[  430.997592] Code: f0 0f 11 07 0f 11 4c 17 f0 c3 83 fa 08 73 2b 83 fa 04 73 16 83 fa 01 7c 10 8a 0e 74 0a 0f b7 74 16 fe 66 89 74 17 fe 88 0f c3 <8b> 4c 16 fc 8b 36 89 4c 17 fc 89 37 c3 0f 1f 00 48 8b 4c 16 f8 48
[  431.068188] mt7921e 0000:03:00.0 wlp3s0: renamed from wlan0 (while UP)
[  432.076639] iwd[3568]: segfault at c ip 00007fbe0a2fcc00 sp 00007ffc8b9e9c78 error 4 in libc.so.6[a7c00,7fbe0a27d000+159000] likely on CPU 0 (core 0, socket 0)
[  432.076680] Code: f0 0f 11 07 0f 11 4c 17 f0 c3 83 fa 08 73 2b 83 fa 04 73 16 83 fa 01 7c 10 8a 0e 74 0a 0f b7 74 16 fe 66 89 74 17 fe 88 0f c3 <8b> 4c 16 fc 8b 36 89 4c 17 fc 89 37 c3 0f 1f 00 48 8b 4c 16 f8 48
[  432.138101] mt7921e 0000:03:00.0 wlp3s0: renamed from wlan0 (while UP)
[  433.145837] iwd[3574]: segfault at c ip 00007f584d126c00 sp 00007ffd53b31ae8 error 4 in libc.so.6[a7c00,7f584d0a7000+159000] likely on CPU 1 (core 1, socket 0)
[  433.145871] Code: f0 0f 11 07 0f 11 4c 17 f0 c3 83 fa 08 73 2b 83 fa 04 73 16 83 fa 01 7c 10 8a 0e 74 0a 0f b7 74 16 fe 66 89 74 17 fe 88 0f c3 <8b> 4c 16 fc 8b 36 89 4c 17 fc 89 37 c3 0f 1f 00 48 8b 4c 16 f8 48
[  433.179710] mt7921e 0000:03:00.0 wlp3s0: renamed from wlan0
[  434.215480] iwd[3580]: segfault at c ip 00007f3cc9c0fc00 sp 00007ffdb00cd7e8 error 4 in libc.so.6[a7c00,7f3cc9b90000+159000] likely on CPU 0 (core 0, socket 0)
[  434.215518] Code: f0 0f 11 07 0f 11 4c 17 f0 c3 83 fa 08 73 2b 83 fa 04 73 16 83 fa 01 7c 10 8a 0e 74 0a 0f b7 74 16 fe 66 89 74 17 fe 88 0f c3 <8b> 4c 16 fc 8b 36 89 4c 17 fc 89 37 c3 0f 1f 00 48 8b 4c 16 f8 48
[  434.279912] mt7921e 0000:03:00.0 wlp3s0: renamed from wlan0 (while UP)
[  435.286532] iwd[3586]: segfault at c ip 00007fc7203a9c00 sp 00007ffe9b940d68 error 4 in libc.so.6[a7c00,7fc72032a000+159000] likely on CPU 1 (core 1, socket 0)
[  435.286564] Code: f0 0f 11 07 0f 11 4c 17 f0 c3 83 fa 08 73 2b 83 fa 04 73 16 83 fa 01 7c 10 8a 0e 74 0a 0f b7 74 16 fe 66 89 74 17 fe 88 0f c3 <8b> 4c 16 fc 8b 36 89 4c 17 fc 89 37 c3 0f 1f 00 48 8b 4c 16 f8 48
[  435.323458] mt7921e 0000:03:00.0 wlp3s0: renamed from wlan0
[  436.362139] iwd[3592]: segfault at c ip 00007f32d897ec00 sp 00007ffc07c2d628 error 4 in libc.so.6[a7c00,7f32d88ff000+159000] likely on CPU 0 (core 0, socket 0)
[  436.362171] Code: f0 0f 11 07 0f 11 4c 17 f0 c3 83 fa 08 73 2b 83 fa 04 73 16 83 fa 01 7c 10 8a 0e 74 0a 0f b7 74 16 fe 66 89 74 17 fe 88 0f c3 <8b> 4c 16 fc 8b 36 89 4c 17 fc 89 37 c3 0f 1f 00 48 8b 4c 16 f8 48
[  436.423045] mt7921e 0000:03:00.0 wlp3s0: renamed from wlan0 (while UP)
[  437.429375] iwd[3598]: segfault at c ip 00007fd82e2bbc00 sp 00007ffcc5756a58 error 4 in libc.so.6[a7c00,7fd82e23c000+159000] likely on CPU 0 (core 0, socket 0)
[  437.429416] Code: f0 0f 11 07 0f 11 4c 17 f0 c3 83 fa 08 73 2b 83 fa 04 73 16 83 fa 01 7c 10 8a 0e 74 0a 0f b7 74 16 fe 66 89 74 17 fe 88 0f c3 <8b> 4c 16 fc 8b 36 89 4c 17 fc 89 37 c3 0f 1f 00 48 8b 4c 16 f8 48
[  437.494406] mt7921e 0000:03:00.0 wlp3s0: renamed from wlan0 (while UP)
[  438.505639] iwd[3604]: segfault at c ip 00007f73c15fec00 sp 00007fffca415808 error 4 in libc.so.6[a7c00,7f73c157f000+159000] likely on CPU 1 (core 1, socket 0)
[  438.505680] Code: f0 0f 11 07 0f 11 4c 17 f0 c3 83 fa 08 73 2b 83 fa 04 73 16 83 fa 01 7c 10 8a 0e 74 0a 0f b7 74 16 fe 66 89 74 17 fe 88 0f c3 <8b> 4c 16 fc 8b 36 89 4c 17 fc 89 37 c3 0f 1f 00 48 8b 4c 16 f8 48
[  438.568699] mt7921e 0000:03:00.0 wlp3s0: renamed from wlan0 (while UP)
[  439.577127] iwd[3610]: segfault at c ip 00007fcf92914c00 sp 00007ffd324467d8 error 4 in libc.so.6[a7c00,7fcf92895000+159000] likely on CPU 0 (core 0, socket 0)
[  439.577164] Code: f0 0f 11 07 0f 11 4c 17 f0 c3 83 fa 08 73 2b 83 fa 04 73 16 83 fa 01 7c 10 8a 0e 74 0a 0f b7 74 16 fe 66 89 74 17 fe 88 0f c3 <8b> 4c 16 fc 8b 36 89 4c 17 fc 89 37 c3 0f 1f 00 48 8b 4c 16 f8 48
[  439.640048] mt7921e 0000:03:00.0 wlp3s0: renamed from wlan0 (while UP)
[  440.646139] iwd[3616]: segfault at c ip 00007f2fcf553c00 sp 00007ffe5cdd5268 error 4 in libc.so.6[a7c00,7f2fcf4d4000+159000] likely on CPU 0 (core 0, socket 0)
[  440.646177] Code: f0 0f 11 07 0f 11 4c 17 f0 c3 83 fa 08 73 2b 83 fa 04 73 16 83 fa 01 7c 10 8a 0e 74 0a 0f b7 74 16 fe 66 89 74 17 fe 88 0f c3 <8b> 4c 16 fc 8b 36 89 4c 17 fc 89 37 c3 0f 1f 00 48 8b 4c 16 f8 48
[  440.717030] mt7921e 0000:03:00.0 wlp3s0: renamed from wlan0 (while UP)
[  441.723199] iwd[3622]: segfault at c ip 00007fb0629b4c00 sp 00007fffddfd7108 error 4 in libc.so.6[a7c00,7fb062935000+159000] likely on CPU 0 (core 0, socket 0)
[  441.723236] Code: f0 0f 11 07 0f 11 4c 17 f0 c3 83 fa 08 73 2b 83 fa 04 73 16 83 fa 01 7c 10 8a 0e 74 0a 0f b7 74 16 fe 66 89 74 17 fe 88 0f c3 <8b> 4c 16 fc 8b 36 89 4c 17 fc 89 37 c3 0f 1f 00 48 8b 4c 16 f8 48
[  441.788128] mt7921e 0000:03:00.0 wlp3s0: renamed from wlan0 (while UP)
[  442.793791] iwd[3628]: segfault at c ip 00007f151bc53c00 sp 00007ffd828b7938 error 4 in libc.so.6[a7c00,7f151bbd4000+159000] likely on CPU 0 (core 0, socket 0)
[  442.793824] Code: f0 0f 11 07 0f 11 4c 17 f0 c3 83 fa 08 73 2b 83 fa 04 73 16 83 fa 01 7c 10 8a 0e 74 0a 0f b7 74 16 fe 66 89 74 17 fe 88 0f c3 <8b> 4c 16 fc 8b 36 89 4c 17 fc 89 37 c3 0f 1f 00 48 8b 4c 16 f8 48
[  442.832736] mt7921e 0000:03:00.0 wlp3s0: renamed from wlan0
[  443.876811] iwd[3636]: segfault at c ip 00007fcf2ea7cc00 sp 00007ffe9a5edf88 error 4 in libc.so.6[a7c00,7fcf2e9fd000+159000] likely on CPU 0 (core 0, socket 0)
[  443.876848] Code: f0 0f 11 07 0f 11 4c 17 f0 c3 83 fa 08 73 2b 83 fa 04 73 16 83 fa 01 7c 10 8a 0e 74 0a 0f b7 74 16 fe 66 89 74 17 fe 88 0f c3 <8b> 4c 16 fc 8b 36 89 4c 17 fc 89 37 c3 0f 1f 00 48 8b 4c 16 f8 48
[  443.911721] mt7921e 0000:03:00.0 wlp3s0: renamed from wlan0
[  444.949975] iwd[3642]: segfault at c ip 00007fe794ad4c00 sp 00007ffc9a272718 error 4 in libc.so.6[a7c00,7fe794a55000+159000] likely on CPU 0 (core 0, socket 0)
[  444.950007] Code: f0 0f 11 07 0f 11 4c 17 f0 c3 83 fa 08 73 2b 83 fa 04 73 16 83 fa 01 7c 10 8a 0e 74 0a 0f b7 74 16 fe 66 89 74 17 fe 88 0f c3 <8b> 4c 16 fc 8b 36 89 4c 17 fc 89 37 c3 0f 1f 00 48 8b 4c 16 f8 48
[  445.023166] mt7921e 0000:03:00.0 wlp3s0: renamed from wlan0 (while UP)
[  446.033585] iwd[3648]: segfault at c ip 00007f0b1c89ac00 sp 00007fff85774fd8 error 4 in libc.so.6[a7c00,7f0b1c81b000+159000] likely on CPU 1 (core 1, socket 0)
[  446.033621] Code: f0 0f 11 07 0f 11 4c 17 f0 c3 83 fa 08 73 2b 83 fa 04 73 16 83 fa 01 7c 10 8a 0e 74 0a 0f b7 74 16 fe 66 89 74 17 fe 88 0f c3 <8b> 4c 16 fc 8b 36 89 4c 17 fc 89 37 c3 0f 1f 00 48 8b 4c 16 f8 48
[  446.098663] mt7921e 0000:03:00.0 wlp3s0: renamed from wlan0 (while UP)
[  447.110170] iwd[3654]: segfault at c ip 00007fa2cc09fc00 sp 00007ffdf8b096f8 error 4 in libc.so.6[a7c00,7fa2cc020000+159000] likely on CPU 1 (core 1, socket 0)
[  447.110202] Code: f0 0f 11 07 0f 11 4c 17 f0 c3 83 fa 08 73 2b 83 fa 04 73 16 83 fa 01 7c 10 8a 0e 74 0a 0f b7 74 16 fe 66 89 74 17 fe 88 0f c3 <8b> 4c 16 fc 8b 36 89 4c 17 fc 89 37 c3 0f 1f 00 48 8b 4c 16 f8 48
[  447.174228] mt7921e 0000:03:00.0 wlp3s0: renamed from wlan0 (while UP)
[  448.180317] iwd[3662]: segfault at c ip 00007f036f173c00 sp 00007ffdf1308ce8 error 4 in libc.so.6[a7c00,7f036f0f4000+159000] likely on CPU 0 (core 0, socket 0)
[  448.180375] Code: f0 0f 11 07 0f 11 4c 17 f0 c3 83 fa 08 73 2b 83 fa 04 73 16 83 fa 01 7c 10 8a 0e 74 0a 0f b7 74 16 fe 66 89 74 17 fe 88 0f c3 <8b> 4c 16 fc 8b 36 89 4c 17 fc 89 37 c3 0f 1f 00 48 8b 4c 16 f8 48
[  448.240827] mt7921e 0000:03:00.0 wlp3s0: renamed from wlan0 (while UP)
[  449.253504] iwd[3668]: segfault at c ip 00007f8212816c00 sp 00007ffcf0963e08 error 4 in libc.so.6[a7c00,7f8212797000+159000] likely on CPU 1 (core 1, socket 0)
[  449.253539] Code: f0 0f 11 07 0f 11 4c 17 f0 c3 83 fa 08 73 2b 83 fa 04 73 16 83 fa 01 7c 10 8a 0e 74 0a 0f b7 74 16 fe 66 89 74 17 fe 88 0f c3 <8b> 4c 16 fc 8b 36 89 4c 17 fc 89 37 c3 0f 1f 00 48 8b 4c 16 f8 48
[  449.314970] mt7921e 0000:03:00.0 wlp3s0: renamed from wlan0 (while UP)
[  450.323603] iwd[3674]: segfault at c ip 00007f5f2654cc00 sp 00007ffe8ad551d8 error 4 in libc.so.6[a7c00,7f5f264cd000+159000] likely on CPU 0 (core 0, socket 0)
[  450.323641] Code: f0 0f 11 07 0f 11 4c 17 f0 c3 83 fa 08 73 2b 83 fa 04 73 16 83 fa 01 7c 10 8a 0e 74 0a 0f b7 74 16 fe 66 89 74 17 fe 88 0f c3 <8b> 4c 16 fc 8b 36 89 4c 17 fc 89 37 c3 0f 1f 00 48 8b 4c 16 f8 48
[  450.389841] mt7921e 0000:03:00.0 wlp3s0: renamed from wlan0 (while UP)
[  451.398376] iwd[3680]: segfault at c ip 00007fef294e5c00 sp 00007fff418063c8 error 4 in libc.so.6[a7c00,7fef29466000+159000] likely on CPU 0 (core 0, socket 0)
[  451.398409] Code: f0 0f 11 07 0f 11 4c 17 f0 c3 83 fa 08 73 2b 83 fa 04 73 16 83 fa 01 7c 10 8a 0e 74 0a 0f b7 74 16 fe 66 89 74 17 fe 88 0f c3 <8b> 4c 16 fc 8b 36 89 4c 17 fc 89 37 c3 0f 1f 00 48 8b 4c 16 f8 48
[  451.450996] mt7921e 0000:03:00.0 wlp3s0: renamed from wlan0
[  452.487502] iwd[3686]: segfault at c ip 00007f958c3c8c00 sp 00007fffb3892da8 error 4 in libc.so.6[a7c00,7f958c349000+159000] likely on CPU 0 (core 0, socket 0)
[  452.487534] Code: f0 0f 11 07 0f 11 4c 17 f0 c3 83 fa 08 73 2b 83 fa 04 73 16 83 fa 01 7c 10 8a 0e 74 0a 0f b7 74 16 fe 66 89 74 17 fe 88 0f c3 <8b> 4c 16 fc 8b 36 89 4c 17 fc 89 37 c3 0f 1f 00 48 8b 4c 16 f8 48
[  452.528234] mt7921e 0000:03:00.0 wlp3s0: renamed from wlan0
[  453.563706] iwd[3692]: segfault at c ip 00007f968354cc00 sp 00007ffdf238bd68 error 4 in libc.so.6[a7c00,7f96834cd000+159000] likely on CPU 0 (core 0, socket 0)
[  453.563741] Code: f0 0f 11 07 0f 11 4c 17 f0 c3 83 fa 08 73 2b 83 fa 04 73 16 83 fa 01 7c 10 8a 0e 74 0a 0f b7 74 16 fe 66 89 74 17 fe 88 0f c3 <8b> 4c 16 fc 8b 36 89 4c 17 fc 89 37 c3 0f 1f 00 48 8b 4c 16 f8 48
[  453.628816] mt7921e 0000:03:00.0 wlp3s0: renamed from wlan0 (while UP)
[  454.639549] iwd[3698]: segfault at c ip 00007f7595392c00 sp 00007ffd5557f7f8 error 4 in libc.so.6[a7c00,7f7595313000+159000] likely on CPU 0 (core 0, socket 0)
[  454.639586] Code: f0 0f 11 07 0f 11 4c 17 f0 c3 83 fa 08 73 2b 83 fa 04 73 16 83 fa 01 7c 10 8a 0e 74 0a 0f b7 74 16 fe 66 89 74 17 fe 88 0f c3 <8b> 4c 16 fc 8b 36 89 4c 17 fc 89 37 c3 0f 1f 00 48 8b 4c 16 f8 48
[  454.701477] mt7921e 0000:03:00.0 wlp3s0: renamed from wlan0 (while UP)
[  455.707373] iwd[3704]: segfault at c ip 00007fb150fc4c00 sp 00007ffea2037008 error 4 in libc.so.6[a7c00,7fb150f45000+159000] likely on CPU 1 (core 1, socket 0)
[  455.707428] Code: f0 0f 11 07 0f 11 4c 17 f0 c3 83 fa 08 73 2b 83 fa 04 73 16 83 fa 01 7c 10 8a 0e 74 0a 0f b7 74 16 fe 66 89 74 17 fe 88 0f c3 <8b> 4c 16 fc 8b 36 89 4c 17 fc 89 37 c3 0f 1f 00 48 8b 4c 16 f8 48
[  455.768926] mt7921e 0000:03:00.0 wlp3s0: renamed from wlan0 (while UP)
[  456.777379] iwd[3710]: segfault at c ip 00007f916db13c00 sp 00007fff468d6038 error 4 in libc.so.6[a7c00,7f916da94000+159000] likely on CPU 1 (core 1, socket 0)
[  456.777417] Code: f0 0f 11 07 0f 11 4c 17 f0 c3 83 fa 08 73 2b 83 fa 04 73 16 83 fa 01 7c 10 8a 0e 74 0a 0f b7 74 16 fe 66 89 74 17 fe 88 0f c3 <8b> 4c 16 fc 8b 36 89 4c 17 fc 89 37 c3 0f 1f 00 48 8b 4c 16 f8 48
[  456.837617] mt7921e 0000:03:00.0 wlp3s0: renamed from wlan0 (while UP)
[  457.844241] iwd[3716]: segfault at c ip 00007f7876c0ac00 sp 00007fff06cfd688 error 4 in libc.so.6[a7c00,7f7876b8b000+159000] likely on CPU 1 (core 1, socket 0)
[  457.844314] Code: f0 0f 11 07 0f 11 4c 17 f0 c3 83 fa 08 73 2b 83 fa 04 73 16 83 fa 01 7c 10 8a 0e 74 0a 0f b7 74 16 fe 66 89 74 17 fe 88 0f c3 <8b> 4c 16 fc 8b 36 89 4c 17 fc 89 37 c3 0f 1f 00 48 8b 4c 16 f8 48
[  457.906434] mt7921e 0000:03:00.0 wlp3s0: renamed from wlan0 (while UP)
[  458.914244] iwd[3722]: segfault at c ip 00007f9c021e6c00 sp 00007ffe5fc6a6c8 error 4 in libc.so.6[a7c00,7f9c02167000+159000] likely on CPU 0 (core 0, socket 0)
[  458.914342] Code: f0 0f 11 07 0f 11 4c 17 f0 c3 83 fa 08 73 2b 83 fa 04 73 16 83 fa 01 7c 10 8a 0e 74 0a 0f b7 74 16 fe 66 89 74 17 fe 88 0f c3 <8b> 4c 16 fc 8b 36 89 4c 17 fc 89 37 c3 0f 1f 00 48 8b 4c 16 f8 48
[  458.992353] mt7921e 0000:03:00.0 wlp3s0: renamed from wlan0 (while UP)
[  459.999488] iwd[3728]: segfault at c ip 00007fb42c0e9c00 sp 00007ffdfd1e4db8 error 4 in libc.so.6[a7c00,7fb42c06a000+159000] likely on CPU 0 (core 0, socket 0)
[  459.999529] Code: f0 0f 11 07 0f 11 4c 17 f0 c3 83 fa 08 73 2b 83 fa 04 73 16 83 fa 01 7c 10 8a 0e 74 0a 0f b7 74 16 fe 66 89 74 17 fe 88 0f c3 <8b> 4c 16 fc 8b 36 89 4c 17 fc 89 37 c3 0f 1f 00 48 8b 4c 16 f8 48
[  460.059931] mt7921e 0000:03:00.0 wlp3s0: renamed from wlan0 (while UP)
[  461.070720] iwd[3734]: segfault at c ip 00007feb9b87ac00 sp 00007ffeb193cde8 error 4 in libc.so.6[a7c00,7feb9b7fb000+159000] likely on CPU 1 (core 1, socket 0)
[  461.070754] Code: f0 0f 11 07 0f 11 4c 17 f0 c3 83 fa 08 73 2b 83 fa 04 73 16 83 fa 01 7c 10 8a 0e 74 0a 0f b7 74 16 fe 66 89 74 17 fe 88 0f c3 <8b> 4c 16 fc 8b 36 89 4c 17 fc 89 37 c3 0f 1f 00 48 8b 4c 16 f8 48
[  461.141023] mt7921e 0000:03:00.0 wlp3s0: renamed from wlan0 (while UP)
[  462.145237] iwd[3740]: segfault at c ip 00007f81f3458c00 sp 00007ffc9f6fa968 error 4 in libc.so.6[a7c00,7f81f33d9000+159000] likely on CPU 0 (core 0, socket 0)
[  462.145269] Code: f0 0f 11 07 0f 11 4c 17 f0 c3 83 fa 08 73 2b 83 fa 04 73 16 83 fa 01 7c 10 8a 0e 74 0a 0f b7 74 16 fe 66 89 74 17 fe 88 0f c3 <8b> 4c 16 fc 8b 36 89 4c 17 fc 89 37 c3 0f 1f 00 48 8b 4c 16 f8 48
[  462.203960] mt7921e 0000:03:00.0 wlp3s0: renamed from wlan0 (while UP)
[  463.211758] iwd[3748]: segfault at c ip 00007f334affbc00 sp 00007ffef189b238 error 4 in libc.so.6[a7c00,7f334af7c000+159000] likely on CPU 0 (core 0, socket 0)
[  463.211793] Code: f0 0f 11 07 0f 11 4c 17 f0 c3 83 fa 08 73 2b 83 fa 04 73 16 83 fa 01 7c 10 8a 0e 74 0a 0f b7 74 16 fe 66 89 74 17 fe 88 0f c3 <8b> 4c 16 fc 8b 36 89 4c 17 fc 89 37 c3 0f 1f 00 48 8b 4c 16 f8 48
[  463.276908] mt7921e 0000:03:00.0 wlp3s0: renamed from wlan0 (while UP)
[  464.283481] iwd[3754]: segfault at c ip 00007f1cdb1cfc00 sp 00007fff89252a28 error 4 in libc.so.6[a7c00,7f1cdb150000+159000] likely on CPU 0 (core 0, socket 0)
[  464.283513] Code: f0 0f 11 07 0f 11 4c 17 f0 c3 83 fa 08 73 2b 83 fa 04 73 16 83 fa 01 7c 10 8a 0e 74 0a 0f b7 74 16 fe 66 89 74 17 fe 88 0f c3 <8b> 4c 16 fc 8b 36 89 4c 17 fc 89 37 c3 0f 1f 00 48 8b 4c 16 f8 48
[  464.342023] mt7921e 0000:03:00.0 wlp3s0: renamed from wlan0 (while UP)
[  465.360697] iwd[3760]: segfault at c ip 00007f7a568b7c00 sp 00007ffd6ec4d278 error 4 in libc.so.6[a7c00,7f7a56838000+159000] likely on CPU 0 (core 0, socket 0)
[  465.360732] Code: f0 0f 11 07 0f 11 4c 17 f0 c3 83 fa 08 73 2b 83 fa 04 73 16 83 fa 01 7c 10 8a 0e 74 0a 0f b7 74 16 fe 66 89 74 17 fe 88 0f c3 <8b> 4c 16 fc 8b 36 89 4c 17 fc 89 37 c3 0f 1f 00 48 8b 4c 16 f8 48
[  465.426323] mt7921e 0000:03:00.0 wlp3s0: renamed from wlan0 (while UP)
[  466.435447] iwd[3766]: segfault at c ip 00007fb80b8ffc00 sp 00007ffda1837d28 error 4 in libc.so.6[a7c00,7fb80b880000+159000] likely on CPU 0 (core 0, socket 0)
[  466.435481] Code: f0 0f 11 07 0f 11 4c 17 f0 c3 83 fa 08 73 2b 83 fa 04 73 16 83 fa 01 7c 10 8a 0e 74 0a 0f b7 74 16 fe 66 89 74 17 fe 88 0f c3 <8b> 4c 16 fc 8b 36 89 4c 17 fc 89 37 c3 0f 1f 00 48 8b 4c 16 f8 48
[  466.503159] mt7921e 0000:03:00.0 wlp3s0: renamed from wlan0 (while UP)
[  467.508763] iwd[3772]: segfault at c ip 00007f3ef6205c00 sp 00007ffc031a49c8 error 4 in libc.so.6[a7c00,7f3ef6186000+159000] likely on CPU 0 (core 0, socket 0)
[  467.508800] Code: f0 0f 11 07 0f 11 4c 17 f0 c3 83 fa 08 73 2b 83 fa 04 73 16 83 fa 01 7c 10 8a 0e 74 0a 0f b7 74 16 fe 66 89 74 17 fe 88 0f c3 <8b> 4c 16 fc 8b 36 89 4c 17 fc 89 37 c3 0f 1f 00 48 8b 4c 16 f8 48
[  467.574417] mt7921e 0000:03:00.0 wlp3s0: renamed from wlan0 (while UP)
[  468.582657] iwd[3778]: segfault at c ip 00007f45a7408c00 sp 00007ffeeb75a068 error 4 in libc.so.6[a7c00,7f45a7389000+159000] likely on CPU 0 (core 0, socket 0)
[  468.582691] Code: f0 0f 11 07 0f 11 4c 17 f0 c3 83 fa 08 73 2b 83 fa 04 73 16 83 fa 01 7c 10 8a 0e 74 0a 0f b7 74 16 fe 66 89 74 17 fe 88 0f c3 <8b> 4c 16 fc 8b 36 89 4c 17 fc 89 37 c3 0f 1f 00 48 8b 4c 16 f8 48
[  468.651257] mt7921e 0000:03:00.0 wlp3s0: renamed from wlan0 (while UP)
[  469.663843] iwd[3784]: segfault at c ip 00007f1163604c00 sp 00007ffe79290d88 error 4 in libc.so.6[a7c00,7f1163585000+159000] likely on CPU 0 (core 0, socket 0)
[  469.663884] Code: f0 0f 11 07 0f 11 4c 17 f0 c3 83 fa 08 73 2b 83 fa 04 73 16 83 fa 01 7c 10 8a 0e 74 0a 0f b7 74 16 fe 66 89 74 17 fe 88 0f c3 <8b> 4c 16 fc 8b 36 89 4c 17 fc 89 37 c3 0f 1f 00 48 8b 4c 16 f8 48
[  469.727941] mt7921e 0000:03:00.0 wlp3s0: renamed from wlan0 (while UP)
[  470.736066] iwd[3790]: segfault at c ip 00007f2149374c00 sp 00007ffc6c8db878 error 4 in libc.so.6[a7c00,7f21492f5000+159000] likely on CPU 1 (core 1, socket 0)
[  470.736098] Code: f0 0f 11 07 0f 11 4c 17 f0 c3 83 fa 08 73 2b 83 fa 04 73 16 83 fa 01 7c 10 8a 0e 74 0a 0f b7 74 16 fe 66 89 74 17 fe 88 0f c3 <8b> 4c 16 fc 8b 36 89 4c 17 fc 89 37 c3 0f 1f 00 48 8b 4c 16 f8 48
[  470.797684] mt7921e 0000:03:00.0 wlp3s0: renamed from wlan0 (while UP)
[  471.809614] iwd[3796]: segfault at c ip 00007f1977e9bc00 sp 00007ffdbf488418 error 4 in libc.so.6[a7c00,7f1977e1c000+159000] likely on CPU 0 (core 0, socket 0)
[  471.809653] Code: f0 0f 11 07 0f 11 4c 17 f0 c3 83 fa 08 73 2b 83 fa 04 73 16 83 fa 01 7c 10 8a 0e 74 0a 0f b7 74 16 fe 66 89 74 17 fe 88 0f c3 <8b> 4c 16 fc 8b 36 89 4c 17 fc 89 37 c3 0f 1f 00 48 8b 4c 16 f8 48
[  471.881455] mt7921e 0000:03:00.0 wlp3s0: renamed from wlan0 (while UP)
[  472.888358] iwd[3802]: segfault at c ip 00007f2b74359c00 sp 00007ffc55dba588 error 4 in libc.so.6[a7c00,7f2b742da000+159000] likely on CPU 0 (core 0, socket 0)
[  472.888403] Code: f0 0f 11 07 0f 11 4c 17 f0 c3 83 fa 08 73 2b 83 fa 04 73 16 83 fa 01 7c 10 8a 0e 74 0a 0f b7 74 16 fe 66 89 74 17 fe 88 0f c3 <8b> 4c 16 fc 8b 36 89 4c 17 fc 89 37 c3 0f 1f 00 48 8b 4c 16 f8 48
[  472.958795] mt7921e 0000:03:00.0 wlp3s0: renamed from wlan0 (while UP)
[  473.963272] iwd[3808]: segfault at c ip 00007fd53b9a0c00 sp 00007fff94f449e8 error 4 in libc.so.6[a7c00,7fd53b921000+159000] likely on CPU 1 (core 1, socket 0)
[  473.963353] Code: f0 0f 11 07 0f 11 4c 17 f0 c3 83 fa 08 73 2b 83 fa 04 73 16 83 fa 01 7c 10 8a 0e 74 0a 0f b7 74 16 fe 66 89 74 17 fe 88 0f c3 <8b> 4c 16 fc 8b 36 89 4c 17 fc 89 37 c3 0f 1f 00 48 8b 4c 16 f8 48
[  474.036904] mt7921e 0000:03:00.0 wlp3s0: renamed from wlan0 (while UP)
[  475.044345] iwd[3816]: segfault at c ip 00007f3b6e2c2c00 sp 00007ffcdf724828 error 4 in libc.so.6[a7c00,7f3b6e243000+159000] likely on CPU 1 (core 1, socket 0)
[  475.044390] Code: f0 0f 11 07 0f 11 4c 17 f0 c3 83 fa 08 73 2b 83 fa 04 73 16 83 fa 01 7c 10 8a 0e 74 0a 0f b7 74 16 fe 66 89 74 17 fe 88 0f c3 <8b> 4c 16 fc 8b 36 89 4c 17 fc 89 37 c3 0f 1f 00 48 8b 4c 16 f8 48
[  475.107104] mt7921e 0000:03:00.0 wlp3s0: renamed from wlan0 (while UP)
[  476.118623] iwd[3822]: segfault at c ip 00007f4fdae1fc00 sp 00007ffd66544308 error 4 in libc.so.6[a7c00,7f4fdada0000+159000] likely on CPU 0 (core 0, socket 0)
[  476.118661] Code: f0 0f 11 07 0f 11 4c 17 f0 c3 83 fa 08 73 2b 83 fa 04 73 16 83 fa 01 7c 10 8a 0e 74 0a 0f b7 74 16 fe 66 89 74 17 fe 88 0f c3 <8b> 4c 16 fc 8b 36 89 4c 17 fc 89 37 c3 0f 1f 00 48 8b 4c 16 f8 48
[  476.189800] mt7921e 0000:03:00.0 wlp3s0: renamed from wlan0 (while UP)
[  477.196464] iwd[3828]: segfault at c ip 00007f5053030c00 sp 00007ffc6f925e28 error 4 in libc.so.6[a7c00,7f5052fb1000+159000] likely on CPU 0 (core 0, socket 0)
[  477.196509] Code: f0 0f 11 07 0f 11 4c 17 f0 c3 83 fa 08 73 2b 83 fa 04 73 16 83 fa 01 7c 10 8a 0e 74 0a 0f b7 74 16 fe 66 89 74 17 fe 88 0f c3 <8b> 4c 16 fc 8b 36 89 4c 17 fc 89 37 c3 0f 1f 00 48 8b 4c 16 f8 48
[  477.265232] mt7921e 0000:03:00.0 wlp3s0: renamed from wlan0 (while UP)
[  478.293597] iwd[3834]: segfault at c ip 00007fe8135c9c00 sp 00007ffeabd2f498 error 4 in libc.so.6[a7c00,7fe81354a000+159000] likely on CPU 0 (core 0, socket 0)
[  478.293629] Code: f0 0f 11 07 0f 11 4c 17 f0 c3 83 fa 08 73 2b 83 fa 04 73 16 83 fa 01 7c 10 8a 0e 74 0a 0f b7 74 16 fe 66 89 74 17 fe 88 0f c3 <8b> 4c 16 fc 8b 36 89 4c 17 fc 89 37 c3 0f 1f 00 48 8b 4c 16 f8 48
[  478.355887] mt7921e 0000:03:00.0 wlp3s0: renamed from wlan0 (while UP)
[  479.362049] iwd[3840]: segfault at c ip 00007effbb04fc00 sp 00007fff90367338 error 4 in libc.so.6[a7c00,7effbafd0000+159000] likely on CPU 0 (core 0, socket 0)
[  479.362090] Code: f0 0f 11 07 0f 11 4c 17 f0 c3 83 fa 08 73 2b 83 fa 04 73 16 83 fa 01 7c 10 8a 0e 74 0a 0f b7 74 16 fe 66 89 74 17 fe 88 0f c3 <8b> 4c 16 fc 8b 36 89 4c 17 fc 89 37 c3 0f 1f 00 48 8b 4c 16 f8 48
[  479.427794] mt7921e 0000:03:00.0 wlp3s0: renamed from wlan0 (while UP)
[  480.442797] iwd[3846]: segfault at c ip 00007f16202edc00 sp 00007ffd942e3b48 error 4 in libc.so.6[a7c00,7f162026e000+159000] likely on CPU 0 (core 0, socket 0)
[  480.442838] Code: f0 0f 11 07 0f 11 4c 17 f0 c3 83 fa 08 73 2b 83 fa 04 73 16 83 fa 01 7c 10 8a 0e 74 0a 0f b7 74 16 fe 66 89 74 17 fe 88 0f c3 <8b> 4c 16 fc 8b 36 89 4c 17 fc 89 37 c3 0f 1f 00 48 8b 4c 16 f8 48
[  480.506461] mt7921e 0000:03:00.0 wlp3s0: renamed from wlan0 (while UP)
[  481.511900] iwd[3852]: segfault at c ip 00007fe1f5c22c00 sp 00007ffc40ad7c78 error 4 in libc.so.6[a7c00,7fe1f5ba3000+159000] likely on CPU 0 (core 0, socket 0)
[  481.511932] Code: f0 0f 11 07 0f 11 4c 17 f0 c3 83 fa 08 73 2b 83 fa 04 73 16 83 fa 01 7c 10 8a 0e 74 0a 0f b7 74 16 fe 66 89 74 17 fe 88 0f c3 <8b> 4c 16 fc 8b 36 89 4c 17 fc 89 37 c3 0f 1f 00 48 8b 4c 16 f8 48
[  481.580750] mt7921e 0000:03:00.0 wlp3s0: renamed from wlan0 (while UP)
[  482.587521] iwd[3858]: segfault at c ip 00007f4eb68b7c00 sp 00007fff7a0d2c48 error 4 in libc.so.6[a7c00,7f4eb6838000+159000] likely on CPU 0 (core 0, socket 0)
[  482.587559] Code: f0 0f 11 07 0f 11 4c 17 f0 c3 83 fa 08 73 2b 83 fa 04 73 16 83 fa 01 7c 10 8a 0e 74 0a 0f b7 74 16 fe 66 89 74 17 fe 88 0f c3 <8b> 4c 16 fc 8b 36 89 4c 17 fc 89 37 c3 0f 1f 00 48 8b 4c 16 f8 48
[  482.624177] mt7921e 0000:03:00.0 wlp3s0: renamed from wlan0
[  483.659503] iwd[3864]: segfault at c ip 00007f36acab5c00 sp 00007ffe4b33c6f8 error 4 in libc.so.6[a7c00,7f36aca36000+159000] likely on CPU 0 (core 0, socket 0)
[  483.659535] Code: f0 0f 11 07 0f 11 4c 17 f0 c3 83 fa 08 73 2b 83 fa 04 73 16 83 fa 01 7c 10 8a 0e 74 0a 0f b7 74 16 fe 66 89 74 17 fe 88 0f c3 <8b> 4c 16 fc 8b 36 89 4c 17 fc 89 37 c3 0f 1f 00 48 8b 4c 16 f8 48
[  483.715475] mt7921e 0000:03:00.0 wlp3s0: renamed from wlan0 (while UP)
[  484.721703] iwd[3870]: segfault at c ip 00007f9f043b9c00 sp 00007ffebcbadb18 error 4 in libc.so.6[a7c00,7f9f0433a000+159000] likely on CPU 0 (core 0, socket 0)
[  484.721736] Code: f0 0f 11 07 0f 11 4c 17 f0 c3 83 fa 08 73 2b 83 fa 04 73 16 83 fa 01 7c 10 8a 0e 74 0a 0f b7 74 16 fe 66 89 74 17 fe 88 0f c3 <8b> 4c 16 fc 8b 36 89 4c 17 fc 89 37 c3 0f 1f 00 48 8b 4c 16 f8 48
[  484.784047] mt7921e 0000:03:00.0 wlp3s0: renamed from wlan0 (while UP)
[  485.793035] iwd[3877]: segfault at c ip 00007f3aa662dc00 sp 00007ffc846ed178 error 4 in libc.so.6[a7c00,7f3aa65ae000+159000] likely on CPU 0 (core 0, socket 0)
[  485.793067] Code: f0 0f 11 07 0f 11 4c 17 f0 c3 83 fa 08 73 2b 83 fa 04 73 16 83 fa 01 7c 10 8a 0e 74 0a 0f b7 74 16 fe 66 89 74 17 fe 88 0f c3 <8b> 4c 16 fc 8b 36 89 4c 17 fc 89 37 c3 0f 1f 00 48 8b 4c 16 f8 48
[  485.855102] mt7921e 0000:03:00.0 wlp3s0: renamed from wlan0 (while UP)
[  486.861329] iwd[3885]: segfault at c ip 00007f8c92a80c00 sp 00007ffd40d76c68 error 4 in libc.so.6[a7c00,7f8c92a01000+159000] likely on CPU 0 (core 0, socket 0)
[  486.861365] Code: f0 0f 11 07 0f 11 4c 17 f0 c3 83 fa 08 73 2b 83 fa 04 73 16 83 fa 01 7c 10 8a 0e 74 0a 0f b7 74 16 fe 66 89 74 17 fe 88 0f c3 <8b> 4c 16 fc 8b 36 89 4c 17 fc 89 37 c3 0f 1f 00 48 8b 4c 16 f8 48
[  486.894868] mt7921e 0000:03:00.0 wlp3s0: renamed from wlan0
[  487.928158] iwd[3891]: segfault at c ip 00007f1bb9de6c00 sp 00007ffd39f13178 error 4 in libc.so.6[a7c00,7f1bb9d67000+159000] likely on CPU 1 (core 1, socket 0)
[  487.928190] Code: f0 0f 11 07 0f 11 4c 17 f0 c3 83 fa 08 73 2b 83 fa 04 73 16 83 fa 01 7c 10 8a 0e 74 0a 0f b7 74 16 fe 66 89 74 17 fe 88 0f c3 <8b> 4c 16 fc 8b 36 89 4c 17 fc 89 37 c3 0f 1f 00 48 8b 4c 16 f8 48
[  488.004314] mt7921e 0000:03:00.0 wlp3s0: renamed from wlan0 (while UP)
[  489.008889] iwd[3897]: segfault at c ip 00007f571ed43c00 sp 00007ffe56dbb818 error 4 in libc.so.6[a7c00,7f571ecc4000+159000] likely on CPU 1 (core 1, socket 0)
[  489.008935] Code: f0 0f 11 07 0f 11 4c 17 f0 c3 83 fa 08 73 2b 83 fa 04 73 16 83 fa 01 7c 10 8a 0e 74 0a 0f b7 74 16 fe 66 89 74 17 fe 88 0f c3 <8b> 4c 16 fc 8b 36 89 4c 17 fc 89 37 c3 0f 1f 00 48 8b 4c 16 f8 48
[  489.067838] mt7921e 0000:03:00.0 wlp3s0: renamed from wlan0 (while UP)
[  490.075737] iwd[3903]: segfault at c ip 00007f2cf4da4c00 sp 00007ffcc1bde968 error 4 in libc.so.6[a7c00,7f2cf4d25000+159000] likely on CPU 0 (core 0, socket 0)
[  490.075772] Code: f0 0f 11 07 0f 11 4c 17 f0 c3 83 fa 08 73 2b 83 fa 04 73 16 83 fa 01 7c 10 8a 0e 74 0a 0f b7 74 16 fe 66 89 74 17 fe 88 0f c3 <8b> 4c 16 fc 8b 36 89 4c 17 fc 89 37 c3 0f 1f 00 48 8b 4c 16 f8 48
[  490.145174] mt7921e 0000:03:00.0 wlp3s0: renamed from wlan0 (while UP)
[  491.153421] iwd[3909]: segfault at c ip 00007f10992abc00 sp 00007ffc94765078 error 4 in libc.so.6[a7c00,7f109922c000+159000] likely on CPU 0 (core 0, socket 0)
[  491.153475] Code: f0 0f 11 07 0f 11 4c 17 f0 c3 83 fa 08 73 2b 83 fa 04 73 16 83 fa 01 7c 10 8a 0e 74 0a 0f b7 74 16 fe 66 89 74 17 fe 88 0f c3 <8b> 4c 16 fc 8b 36 89 4c 17 fc 89 37 c3 0f 1f 00 48 8b 4c 16 f8 48
[  491.189421] mt7921e 0000:03:00.0 wlp3s0: renamed from wlan0
[  492.226025] iwd[3917]: segfault at c ip 00007f36438b5c00 sp 00007ffe5ad72dc8 error 4 in libc.so.6[a7c00,7f3643836000+159000] likely on CPU 0 (core 0, socket 0)
[  492.226058] Code: f0 0f 11 07 0f 11 4c 17 f0 c3 83 fa 08 73 2b 83 fa 04 73 16 83 fa 01 7c 10 8a 0e 74 0a 0f b7 74 16 fe 66 89 74 17 fe 88 0f c3 <8b> 4c 16 fc 8b 36 89 4c 17 fc 89 37 c3 0f 1f 00 48 8b 4c 16 f8 48
[  492.290352] mt7921e 0000:03:00.0 wlp3s0: renamed from wlan0 (while UP)
[  493.294575] iwd[3923]: segfault at c ip 00007fe78d97dc00 sp 00007fffee1e2608 error 4 in libc.so.6[a7c00,7fe78d8fe000+159000] likely on CPU 1 (core 1, socket 0)
[  493.294608] Code: f0 0f 11 07 0f 11 4c 17 f0 c3 83 fa 08 73 2b 83 fa 04 73 16 83 fa 01 7c 10 8a 0e 74 0a 0f b7 74 16 fe 66 89 74 17 fe 88 0f c3 <8b> 4c 16 fc 8b 36 89 4c 17 fc 89 37 c3 0f 1f 00 48 8b 4c 16 f8 48
[  493.328150] mt7921e 0000:03:00.0 wlp3s0: renamed from wlan0
[  494.362174] iwd[3929]: segfault at c ip 00007fafde43ac00 sp 00007ffe28885dd8 error 4 in libc.so.6[a7c00,7fafde3bb000+159000] likely on CPU 1 (core 1, socket 0)
[  494.362206] Code: f0 0f 11 07 0f 11 4c 17 f0 c3 83 fa 08 73 2b 83 fa 04 73 16 83 fa 01 7c 10 8a 0e 74 0a 0f b7 74 16 fe 66 89 74 17 fe 88 0f c3 <8b> 4c 16 fc 8b 36 89 4c 17 fc 89 37 c3 0f 1f 00 48 8b 4c 16 f8 48
[  494.439353] mt7921e 0000:03:00.0 wlp3s0: renamed from wlan0 (while UP)
[  495.442510] iwd[3935]: segfault at c ip 00007f5d93d9bc00 sp 00007ffe61a0e2e8 error 4 in libc.so.6[a7c00,7f5d93d1c000+159000] likely on CPU 1 (core 1, socket 0)
[  495.442550] Code: f0 0f 11 07 0f 11 4c 17 f0 c3 83 fa 08 73 2b 83 fa 04 73 16 83 fa 01 7c 10 8a 0e 74 0a 0f b7 74 16 fe 66 89 74 17 fe 88 0f c3 <8b> 4c 16 fc 8b 36 89 4c 17 fc 89 37 c3 0f 1f 00 48 8b 4c 16 f8 48
[  495.509632] mt7921e 0000:03:00.0 wlp3s0: renamed from wlan0 (while UP)
[  496.521360] iwd[3941]: segfault at c ip 00007f0b491c9c00 sp 00007fff2bec1d48 error 4 in libc.so.6[a7c00,7f0b4914a000+159000] likely on CPU 1 (core 1, socket 0)
[  496.521397] Code: f0 0f 11 07 0f 11 4c 17 f0 c3 83 fa 08 73 2b 83 fa 04 73 16 83 fa 01 7c 10 8a 0e 74 0a 0f b7 74 16 fe 66 89 74 17 fe 88 0f c3 <8b> 4c 16 fc 8b 36 89 4c 17 fc 89 37 c3 0f 1f 00 48 8b 4c 16 f8 48
[  496.586636] mt7921e 0000:03:00.0 wlp3s0: renamed from wlan0 (while UP)
[  497.594148] iwd[3947]: segfault at c ip 00007ff3b6f82c00 sp 00007fff915e46f8 error 4 in libc.so.6[a7c00,7ff3b6f03000+159000] likely on CPU 1 (core 1, socket 0)
[  497.594188] Code: f0 0f 11 07 0f 11 4c 17 f0 c3 83 fa 08 73 2b 83 fa 04 73 16 83 fa 01 7c 10 8a 0e 74 0a 0f b7 74 16 fe 66 89 74 17 fe 88 0f c3 <8b> 4c 16 fc 8b 36 89 4c 17 fc 89 37 c3 0f 1f 00 48 8b 4c 16 f8 48
[  497.656701] mt7921e 0000:03:00.0 wlp3s0: renamed from wlan0 (while UP)
[  498.661354] iwd[3953]: segfault at c ip 00007f1d00aa1c00 sp 00007ffea8615178 error 4 in libc.so.6[a7c00,7f1d00a22000+159000] likely on CPU 1 (core 1, socket 0)
[  498.661390] Code: f0 0f 11 07 0f 11 4c 17 f0 c3 83 fa 08 73 2b 83 fa 04 73 16 83 fa 01 7c 10 8a 0e 74 0a 0f b7 74 16 fe 66 89 74 17 fe 88 0f c3 <8b> 4c 16 fc 8b 36 89 4c 17 fc 89 37 c3 0f 1f 00 48 8b 4c 16 f8 48
[  498.723309] mt7921e 0000:03:00.0 wlp3s0: renamed from wlan0 (while UP)
[  499.728948] iwd[3961]: segfault at c ip 00007f95eeea8c00 sp 00007ffe771b0778 error 4 in libc.so.6[a7c00,7f95eee29000+159000] likely on CPU 1 (core 1, socket 0)
[  499.728980] Code: f0 0f 11 07 0f 11 4c 17 f0 c3 83 fa 08 73 2b 83 fa 04 73 16 83 fa 01 7c 10 8a 0e 74 0a 0f b7 74 16 fe 66 89 74 17 fe 88 0f c3 <8b> 4c 16 fc 8b 36 89 4c 17 fc 89 37 c3 0f 1f 00 48 8b 4c 16 f8 48
[  499.791165] mt7921e 0000:03:00.0 wlp3s0: renamed from wlan0 (while UP)
[  500.804116] iwd[3967]: segfault at c ip 00007ff0f6492c00 sp 00007ffdb8901c58 error 4 in libc.so.6[a7c00,7ff0f6413000+159000] likely on CPU 1 (core 1, socket 0)
[  500.804154] Code: f0 0f 11 07 0f 11 4c 17 f0 c3 83 fa 08 73 2b 83 fa 04 73 16 83 fa 01 7c 10 8a 0e 74 0a 0f b7 74 16 fe 66 89 74 17 fe 88 0f c3 <8b> 4c 16 fc 8b 36 89 4c 17 fc 89 37 c3 0f 1f 00 48 8b 4c 16 f8 48
[  500.864912] mt7921e 0000:03:00.0 wlp3s0: renamed from wlan0 (while UP)
[  501.871357] iwd[3973]: segfault at c ip 00007f8da4ecac00 sp 00007ffc3a4f0918 error 4 in libc.so.6[a7c00,7f8da4e4b000+159000] likely on CPU 1 (core 1, socket 0)
[  501.871394] Code: f0 0f 11 07 0f 11 4c 17 f0 c3 83 fa 08 73 2b 83 fa 04 73 16 83 fa 01 7c 10 8a 0e 74 0a 0f b7 74 16 fe 66 89 74 17 fe 88 0f c3 <8b> 4c 16 fc 8b 36 89 4c 17 fc 89 37 c3 0f 1f 00 48 8b 4c 16 f8 48
[  501.932073] mt7921e 0000:03:00.0 wlp3s0: renamed from wlan0 (while UP)
[  502.948164] iwd[3979]: segfault at c ip 00007f63e6bb8c00 sp 00007fff5a6acc18 error 4 in libc.so.6[a7c00,7f63e6b39000+159000] likely on CPU 1 (core 1, socket 0)
[  502.948201] Code: f0 0f 11 07 0f 11 4c 17 f0 c3 83 fa 08 73 2b 83 fa 04 73 16 83 fa 01 7c 10 8a 0e 74 0a 0f b7 74 16 fe 66 89 74 17 fe 88 0f c3 <8b> 4c 16 fc 8b 36 89 4c 17 fc 89 37 c3 0f 1f 00 48 8b 4c 16 f8 48
[  503.012429] mt7921e 0000:03:00.0 wlp3s0: renamed from wlan0 (while UP)
[  504.020806] iwd[3985]: segfault at c ip 00007fb9f0de1c00 sp 00007ffc7a202188 error 4 in libc.so.6[a7c00,7fb9f0d62000+159000] likely on CPU 1 (core 1, socket 0)
[  504.020840] Code: f0 0f 11 07 0f 11 4c 17 f0 c3 83 fa 08 73 2b 83 fa 04 73 16 83 fa 01 7c 10 8a 0e 74 0a 0f b7 74 16 fe 66 89 74 17 fe 88 0f c3 <8b> 4c 16 fc 8b 36 89 4c 17 fc 89 37 c3 0f 1f 00 48 8b 4c 16 f8 48
[  504.095079] mt7921e 0000:03:00.0 wlp3s0: renamed from wlan0 (while UP)
[  505.101129] iwd[3991]: segfault at c ip 00007fe5420acc00 sp 00007ffe5ec3f5d8 error 4 in libc.so.6[a7c00,7fe54202d000+159000] likely on CPU 1 (core 1, socket 0)
[  505.101169] Code: f0 0f 11 07 0f 11 4c 17 f0 c3 83 fa 08 73 2b 83 fa 04 73 16 83 fa 01 7c 10 8a 0e 74 0a 0f b7 74 16 fe 66 89 74 17 fe 88 0f c3 <8b> 4c 16 fc 8b 36 89 4c 17 fc 89 37 c3 0f 1f 00 48 8b 4c 16 f8 48
[  505.168476] mt7921e 0000:03:00.0 wlp3s0: renamed from wlan0 (while UP)
[  506.185024] iwd[3997]: segfault at c ip 00007f4c2b5a2c00 sp 00007fff0fb0db48 error 4 in libc.so.6[a7c00,7f4c2b523000+159000] likely on CPU 1 (core 1, socket 0)
[  506.185063] Code: f0 0f 11 07 0f 11 4c 17 f0 c3 83 fa 08 73 2b 83 fa 04 73 16 83 fa 01 7c 10 8a 0e 74 0a 0f b7 74 16 fe 66 89 74 17 fe 88 0f c3 <8b> 4c 16 fc 8b 36 89 4c 17 fc 89 37 c3 0f 1f 00 48 8b 4c 16 f8 48
[  506.255164] mt7921e 0000:03:00.0 wlp3s0: renamed from wlan0 (while UP)
[  507.263428] iwd[4003]: segfault at c ip 00007f4571ba3c00 sp 00007ffd1d2d10c8 error 4 in libc.so.6[a7c00,7f4571b24000+159000] likely on CPU 1 (core 1, socket 0)
[  507.263473] Code: f0 0f 11 07 0f 11 4c 17 f0 c3 83 fa 08 73 2b 83 fa 04 73 16 83 fa 01 7c 10 8a 0e 74 0a 0f b7 74 16 fe 66 89 74 17 fe 88 0f c3 <8b> 4c 16 fc 8b 36 89 4c 17 fc 89 37 c3 0f 1f 00 48 8b 4c 16 f8 48
[  507.332580] mt7921e 0000:03:00.0 wlp3s0: renamed from wlan0 (while UP)
[  508.336608] iwd[4009]: segfault at c ip 00007fa0c6e3fc00 sp 00007fff1e4ea4f8 error 4 in libc.so.6[a7c00,7fa0c6dc0000+159000] likely on CPU 1 (core 1, socket 0)
[  508.336641] Code: f0 0f 11 07 0f 11 4c 17 f0 c3 83 fa 08 73 2b 83 fa 04 73 16 83 fa 01 7c 10 8a 0e 74 0a 0f b7 74 16 fe 66 89 74 17 fe 88 0f c3 <8b> 4c 16 fc 8b 36 89 4c 17 fc 89 37 c3 0f 1f 00 48 8b 4c 16 f8 48
[  508.408710] mt7921e 0000:03:00.0 wlp3s0: renamed from wlan0 (while UP)
[  509.411861] iwd[4015]: segfault at c ip 00007fd1dc6efc00 sp 00007ffe2fa5ce58 error 4 in libc.so.6[a7c00,7fd1dc670000+159000] likely on CPU 1 (core 1, socket 0)
[  509.411893] Code: f0 0f 11 07 0f 11 4c 17 f0 c3 83 fa 08 73 2b 83 fa 04 73 16 83 fa 01 7c 10 8a 0e 74 0a 0f b7 74 16 fe 66 89 74 17 fe 88 0f c3 <8b> 4c 16 fc 8b 36 89 4c 17 fc 89 37 c3 0f 1f 00 48 8b 4c 16 f8 48
[  509.479307] mt7921e 0000:03:00.0 wlp3s0: renamed from wlan0 (while UP)
[  510.491851] iwd[4023]: segfault at c ip 00007f7d97772c00 sp 00007fffa0719938 error 4 in libc.so.6[a7c00,7f7d976f3000+159000] likely on CPU 0 (core 0, socket 0)
[  510.491886] Code: f0 0f 11 07 0f 11 4c 17 f0 c3 83 fa 08 73 2b 83 fa 04 73 16 83 fa 01 7c 10 8a 0e 74 0a 0f b7 74 16 fe 66 89 74 17 fe 88 0f c3 <8b> 4c 16 fc 8b 36 89 4c 17 fc 89 37 c3 0f 1f 00 48 8b 4c 16 f8 48
[  510.555962] mt7921e 0000:03:00.0 wlp3s0: renamed from wlan0 (while UP)
[  511.568477] iwd[4029]: segfault at c ip 00007ffa3b541c00 sp 00007ffde6990468 error 4 in libc.so.6[a7c00,7ffa3b4c2000+159000] likely on CPU 1 (core 1, socket 0)
[  511.568514] Code: f0 0f 11 07 0f 11 4c 17 f0 c3 83 fa 08 73 2b 83 fa 04 73 16 83 fa 01 7c 10 8a 0e 74 0a 0f b7 74 16 fe 66 89 74 17 fe 88 0f c3 <8b> 4c 16 fc 8b 36 89 4c 17 fc 89 37 c3 0f 1f 00 48 8b 4c 16 f8 48
[  511.648601] mt7921e 0000:03:00.0 wlp3s0: renamed from wlan0 (while UP)
[  512.659719] iwd[4035]: segfault at c ip 00007f4a99415c00 sp 00007ffc0b0e7d58 error 4 in libc.so.6[a7c00,7f4a99396000+159000] likely on CPU 1 (core 1, socket 0)
[  512.659763] Code: f0 0f 11 07 0f 11 4c 17 f0 c3 83 fa 08 73 2b 83 fa 04 73 16 83 fa 01 7c 10 8a 0e 74 0a 0f b7 74 16 fe 66 89 74 17 fe 88 0f c3 <8b> 4c 16 fc 8b 36 89 4c 17 fc 89 37 c3 0f 1f 00 48 8b 4c 16 f8 48
[  512.721117] mt7921e 0000:03:00.0 wlp3s0: renamed from wlan0 (while UP)
[  513.728420] iwd[4041]: segfault at c ip 00007f0a84e82c00 sp 00007fffbd5a5e28 error 4 in libc.so.6[a7c00,7f0a84e03000+159000] likely on CPU 1 (core 1, socket 0)
[  513.728453] Code: f0 0f 11 07 0f 11 4c 17 f0 c3 83 fa 08 73 2b 83 fa 04 73 16 83 fa 01 7c 10 8a 0e 74 0a 0f b7 74 16 fe 66 89 74 17 fe 88 0f c3 <8b> 4c 16 fc 8b 36 89 4c 17 fc 89 37 c3 0f 1f 00 48 8b 4c 16 f8 48
[  513.788309] mt7921e 0000:03:00.0 wlp3s0: renamed from wlan0 (while UP)
[  514.794572] iwd[4049]: segfault at c ip 00007f981b7dec00 sp 00007ffc3a6f6ff8 error 4 in libc.so.6[a7c00,7f981b75f000+159000] likely on CPU 1 (core 1, socket 0)
[  514.794609] Code: f0 0f 11 07 0f 11 4c 17 f0 c3 83 fa 08 73 2b 83 fa 04 73 16 83 fa 01 7c 10 8a 0e 74 0a 0f b7 74 16 fe 66 89 74 17 fe 88 0f c3 <8b> 4c 16 fc 8b 36 89 4c 17 fc 89 37 c3 0f 1f 00 48 8b 4c 16 f8 48
[  514.861220] mt7921e 0000:03:00.0 wlp3s0: renamed from wlan0 (while UP)
[  515.867132] iwd[4055]: segfault at c ip 00007fc30e5aec00 sp 00007ffc09cd4658 error 4 in libc.so.6[a7c00,7fc30e52f000+159000] likely on CPU 0 (core 0, socket 0)
[  515.867165] Code: f0 0f 11 07 0f 11 4c 17 f0 c3 83 fa 08 73 2b 83 fa 04 73 16 83 fa 01 7c 10 8a 0e 74 0a 0f b7 74 16 fe 66 89 74 17 fe 88 0f c3 <8b> 4c 16 fc 8b 36 89 4c 17 fc 89 37 c3 0f 1f 00 48 8b 4c 16 f8 48
[  515.933756] mt7921e 0000:03:00.0 wlp3s0: renamed from wlan0 (while UP)
[  516.938434] iwd[4063]: segfault at c ip 00007f6c1b4eac00 sp 00007fffe75a32d8 error 4 in libc.so.6[a7c00,7f6c1b46b000+159000] likely on CPU 0 (core 0, socket 0)
[  516.938466] Code: f0 0f 11 07 0f 11 4c 17 f0 c3 83 fa 08 73 2b 83 fa 04 73 16 83 fa 01 7c 10 8a 0e 74 0a 0f b7 74 16 fe 66 89 74 17 fe 88 0f c3 <8b> 4c 16 fc 8b 36 89 4c 17 fc 89 37 c3 0f 1f 00 48 8b 4c 16 f8 48
[  517.007300] mt7921e 0000:03:00.0 wlp3s0: renamed from wlan0 (while UP)
[  518.013246] iwd[4071]: segfault at c ip 00007fef42ab4c00 sp 00007ffc6b0cd388 error 4 in libc.so.6[a7c00,7fef42a35000+159000] likely on CPU 1 (core 1, socket 0)
[  518.013279] Code: f0 0f 11 07 0f 11 4c 17 f0 c3 83 fa 08 73 2b 83 fa 04 73 16 83 fa 01 7c 10 8a 0e 74 0a 0f b7 74 16 fe 66 89 74 17 fe 88 0f c3 <8b> 4c 16 fc 8b 36 89 4c 17 fc 89 37 c3 0f 1f 00 48 8b 4c 16 f8 48
[  518.084965] mt7921e 0000:03:00.0 wlp3s0: renamed from wlan0 (while UP)
[  519.093965] iwd[4077]: segfault at c ip 00007f7b0c669c00 sp 00007ffdff999ab8 error 4 in libc.so.6[a7c00,7f7b0c5ea000+159000] likely on CPU 1 (core 1, socket 0)
[  519.093997] Code: f0 0f 11 07 0f 11 4c 17 f0 c3 83 fa 08 73 2b 83 fa 04 73 16 83 fa 01 7c 10 8a 0e 74 0a 0f b7 74 16 fe 66 89 74 17 fe 88 0f c3 <8b> 4c 16 fc 8b 36 89 4c 17 fc 89 37 c3 0f 1f 00 48 8b 4c 16 f8 48
[  519.168985] mt7921e 0000:03:00.0 wlp3s0: renamed from wlan0 (while UP)
[  520.179613] iwd[4083]: segfault at c ip 00007f0afaf56c00 sp 00007fff0be55058 error 4 in libc.so.6[a7c00,7f0afaed7000+159000] likely on CPU 0 (core 0, socket 0)
[  520.179651] Code: f0 0f 11 07 0f 11 4c 17 f0 c3 83 fa 08 73 2b 83 fa 04 73 16 83 fa 01 7c 10 8a 0e 74 0a 0f b7 74 16 fe 66 89 74 17 fe 88 0f c3 <8b> 4c 16 fc 8b 36 89 4c 17 fc 89 37 c3 0f 1f 00 48 8b 4c 16 f8 48
[  520.241154] mt7921e 0000:03:00.0 wlp3s0: renamed from wlan0 (while UP)
[  521.251953] iwd[4089]: segfault at c ip 00007f4a92b82c00 sp 00007ffcae8c4d98 error 4 in libc.so.6[a7c00,7f4a92b03000+159000] likely on CPU 1 (core 1, socket 0)
[  521.251985] Code: f0 0f 11 07 0f 11 4c 17 f0 c3 83 fa 08 73 2b 83 fa 04 73 16 83 fa 01 7c 10 8a 0e 74 0a 0f b7 74 16 fe 66 89 74 17 fe 88 0f c3 <8b> 4c 16 fc 8b 36 89 4c 17 fc 89 37 c3 0f 1f 00 48 8b 4c 16 f8 48
[  521.301748] mt7921e 0000:03:00.0 wlp3s0: renamed from wlan0 (while UP)
[  522.319849] iwd[4095]: segfault at c ip 00007fcdc4852c00 sp 00007ffdf3ecac78 error 4 in libc.so.6[a7c00,7fcdc47d3000+159000] likely on CPU 0 (core 0, socket 0)
[  522.319881] Code: f0 0f 11 07 0f 11 4c 17 f0 c3 83 fa 08 73 2b 83 fa 04 73 16 83 fa 01 7c 10 8a 0e 74 0a 0f b7 74 16 fe 66 89 74 17 fe 88 0f c3 <8b> 4c 16 fc 8b 36 89 4c 17 fc 89 37 c3 0f 1f 00 48 8b 4c 16 f8 48
[  522.386748] mt7921e 0000:03:00.0 wlp3s0: renamed from wlan0 (while UP)
[  523.392995] iwd[4101]: segfault at c ip 00007f47cfd9fc00 sp 00007ffeae52bdf8 error 4 in libc.so.6[a7c00,7f47cfd20000+159000] likely on CPU 1 (core 1, socket 0)
[  523.393028] Code: f0 0f 11 07 0f 11 4c 17 f0 c3 83 fa 08 73 2b 83 fa 04 73 16 83 fa 01 7c 10 8a 0e 74 0a 0f b7 74 16 fe 66 89 74 17 fe 88 0f c3 <8b> 4c 16 fc 8b 36 89 4c 17 fc 89 37 c3 0f 1f 00 48 8b 4c 16 f8 48
[  523.460920] mt7921e 0000:03:00.0 wlp3s0: renamed from wlan0 (while UP)
[  524.465525] iwd[4109]: segfault at c ip 00007f2740678c00 sp 00007ffcb6482e08 error 4 in libc.so.6[a7c00,7f27405f9000+159000] likely on CPU 0 (core 0, socket 0)
[  524.465558] Code: f0 0f 11 07 0f 11 4c 17 f0 c3 83 fa 08 73 2b 83 fa 04 73 16 83 fa 01 7c 10 8a 0e 74 0a 0f b7 74 16 fe 66 89 74 17 fe 88 0f c3 <8b> 4c 16 fc 8b 36 89 4c 17 fc 89 37 c3 0f 1f 00 48 8b 4c 16 f8 48
[  524.524476] mt7921e 0000:03:00.0 wlp3s0: renamed from wlan0 (while UP)
[  525.532931] iwd[4117]: segfault at c ip 00007f0554279c00 sp 00007ffc479ae4e8 error 4 in libc.so.6[a7c00,7f05541fa000+159000] likely on CPU 0 (core 0, socket 0)
[  525.532968] Code: f0 0f 11 07 0f 11 4c 17 f0 c3 83 fa 08 73 2b 83 fa 04 73 16 83 fa 01 7c 10 8a 0e 74 0a 0f b7 74 16 fe 66 89 74 17 fe 88 0f c3 <8b> 4c 16 fc 8b 36 89 4c 17 fc 89 37 c3 0f 1f 00 48 8b 4c 16 f8 48
[  525.611304] mt7921e 0000:03:00.0 wlp3s0: renamed from wlan0 (while UP)
[  526.615144] iwd[4123]: segfault at c ip 00007f22ad7d1c00 sp 00007fff02d1f168 error 4 in libc.so.6[a7c00,7f22ad752000+159000] likely on CPU 1 (core 1, socket 0)
[  526.615176] Code: f0 0f 11 07 0f 11 4c 17 f0 c3 83 fa 08 73 2b 83 fa 04 73 16 83 fa 01 7c 10 8a 0e 74 0a 0f b7 74 16 fe 66 89 74 17 fe 88 0f c3 <8b> 4c 16 fc 8b 36 89 4c 17 fc 89 37 c3 0f 1f 00 48 8b 4c 16 f8 48
[  526.688145] mt7921e 0000:03:00.0 wlp3s0: renamed from wlan0 (while UP)
[  527.695663] iwd[4131]: segfault at c ip 00007fcd1cc56c00 sp 00007ffd710ce0e8 error 4 in libc.so.6[a7c00,7fcd1cbd7000+159000] likely on CPU 0 (core 0, socket 0)
[  527.695695] Code: f0 0f 11 07 0f 11 4c 17 f0 c3 83 fa 08 73 2b 83 fa 04 73 16 83 fa 01 7c 10 8a 0e 74 0a 0f b7 74 16 fe 66 89 74 17 fe 88 0f c3 <8b> 4c 16 fc 8b 36 89 4c 17 fc 89 37 c3 0f 1f 00 48 8b 4c 16 f8 48
[  527.762352] mt7921e 0000:03:00.0 wlp3s0: renamed from wlan0 (while UP)
[  528.765433] iwd[4137]: segfault at c ip 00007f87379a7c00 sp 00007ffd89daf848 error 4 in libc.so.6[a7c00,7f8737928000+159000] likely on CPU 1 (core 1, socket 0)
[  528.765488] Code: f0 0f 11 07 0f 11 4c 17 f0 c3 83 fa 08 73 2b 83 fa 04 73 16 83 fa 01 7c 10 8a 0e 74 0a 0f b7 74 16 fe 66 89 74 17 fe 88 0f c3 <8b> 4c 16 fc 8b 36 89 4c 17 fc 89 37 c3 0f 1f 00 48 8b 4c 16 f8 48
[  528.838195] mt7921e 0000:03:00.0 wlp3s0: renamed from wlan0 (while UP)
[  529.850071] iwd[4145]: segfault at c ip 00007fce3692bc00 sp 00007ffe64a2ef08 error 4 in libc.so.6[a7c00,7fce368ac000+159000] likely on CPU 0 (core 0, socket 0)
[  529.850108] Code: f0 0f 11 07 0f 11 4c 17 f0 c3 83 fa 08 73 2b 83 fa 04 73 16 83 fa 01 7c 10 8a 0e 74 0a 0f b7 74 16 fe 66 89 74 17 fe 88 0f c3 <8b> 4c 16 fc 8b 36 89 4c 17 fc 89 37 c3 0f 1f 00 48 8b 4c 16 f8 48
[  529.910448] mt7921e 0000:03:00.0 wlp3s0: renamed from wlan0 (while UP)
[  530.919233] iwd[4151]: segfault at c ip 00007f561a881c00 sp 00007ffef5b501b8 error 4 in libc.so.6[a7c00,7f561a802000+159000] likely on CPU 0 (core 0, socket 0)
[  530.919271] Code: f0 0f 11 07 0f 11 4c 17 f0 c3 83 fa 08 73 2b 83 fa 04 73 16 83 fa 01 7c 10 8a 0e 74 0a 0f b7 74 16 fe 66 89 74 17 fe 88 0f c3 <8b> 4c 16 fc 8b 36 89 4c 17 fc 89 37 c3 0f 1f 00 48 8b 4c 16 f8 48
[  530.988761] mt7921e 0000:03:00.0 wlp3s0: renamed from wlan0 (while UP)
[  532.000974] iwd[4157]: segfault at c ip 00007fb16ae23c00 sp 00007ffd28d34a38 error 4 in libc.so.6[a7c00,7fb16ada4000+159000] likely on CPU 0 (core 0, socket 0)
[  532.001015] Code: f0 0f 11 07 0f 11 4c 17 f0 c3 83 fa 08 73 2b 83 fa 04 73 16 83 fa 01 7c 10 8a 0e 74 0a 0f b7 74 16 fe 66 89 74 17 fe 88 0f c3 <8b> 4c 16 fc 8b 36 89 4c 17 fc 89 37 c3 0f 1f 00 48 8b 4c 16 f8 48
[  532.066794] mt7921e 0000:03:00.0 wlp3s0: renamed from wlan0 (while UP)
[  533.073209] iwd[4163]: segfault at c ip 00007f66defe7c00 sp 00007ffc69bbc808 error 4 in libc.so.6[a7c00,7f66def68000+159000] likely on CPU 1 (core 1, socket 0)
[  533.073250] Code: f0 0f 11 07 0f 11 4c 17 f0 c3 83 fa 08 73 2b 83 fa 04 73 16 83 fa 01 7c 10 8a 0e 74 0a 0f b7 74 16 fe 66 89 74 17 fe 88 0f c3 <8b> 4c 16 fc 8b 36 89 4c 17 fc 89 37 c3 0f 1f 00 48 8b 4c 16 f8 48
[  533.135376] mt7921e 0000:03:00.0 wlp3s0: renamed from wlan0 (while UP)
[  534.141106] iwd[4169]: segfault at c ip 00007fb84cf4bc00 sp 00007ffdb4465958 error 4 in libc.so.6[a7c00,7fb84cecc000+159000] likely on CPU 1 (core 1, socket 0)
[  534.141143] Code: f0 0f 11 07 0f 11 4c 17 f0 c3 83 fa 08 73 2b 83 fa 04 73 16 83 fa 01 7c 10 8a 0e 74 0a 0f b7 74 16 fe 66 89 74 17 fe 88 0f c3 <8b> 4c 16 fc 8b 36 89 4c 17 fc 89 37 c3 0f 1f 00 48 8b 4c 16 f8 48
[  534.205065] mt7921e 0000:03:00.0 wlp3s0: renamed from wlan0 (while UP)
[  535.218822] iwd[4175]: segfault at c ip 00007f4317a67c00 sp 00007ffe7e642308 error 4 in libc.so.6[a7c00,7f43179e8000+159000] likely on CPU 0 (core 0, socket 0)
[  535.218856] Code: f0 0f 11 07 0f 11 4c 17 f0 c3 83 fa 08 73 2b 83 fa 04 73 16 83 fa 01 7c 10 8a 0e 74 0a 0f b7 74 16 fe 66 89 74 17 fe 88 0f c3 <8b> 4c 16 fc 8b 36 89 4c 17 fc 89 37 c3 0f 1f 00 48 8b 4c 16 f8 48
[  535.278960] mt7921e 0000:03:00.0 wlp3s0: renamed from wlan0 (while UP)
[  536.288136] iwd[4181]: segfault at c ip 00007fb0e67efc00 sp 00007fff2ab22328 error 4 in libc.so.6[a7c00,7fb0e6770000+159000] likely on CPU 0 (core 0, socket 0)
[  536.288170] Code: f0 0f 11 07 0f 11 4c 17 f0 c3 83 fa 08 73 2b 83 fa 04 73 16 83 fa 01 7c 10 8a 0e 74 0a 0f b7 74 16 fe 66 89 74 17 fe 88 0f c3 <8b> 4c 16 fc 8b 36 89 4c 17 fc 89 37 c3 0f 1f 00 48 8b 4c 16 f8 48
[  536.344189] mt7921e 0000:03:00.0 wlp3s0: renamed from wlan0 (while UP)
[  537.350221] iwd[4187]: segfault at c ip 00007f458f78ec00 sp 00007ffcaf6c8558 error 4 in libc.so.6[a7c00,7f458f70f000+159000] likely on CPU 0 (core 0, socket 0)
[  537.350256] Code: f0 0f 11 07 0f 11 4c 17 f0 c3 83 fa 08 73 2b 83 fa 04 73 16 83 fa 01 7c 10 8a 0e 74 0a 0f b7 74 16 fe 66 89 74 17 fe 88 0f c3 <8b> 4c 16 fc 8b 36 89 4c 17 fc 89 37 c3 0f 1f 00 48 8b 4c 16 f8 48
[  537.417109] mt7921e 0000:03:00.0 wlp3s0: renamed from wlan0 (while UP)
[  538.421631] iwd[4193]: segfault at c ip 00007f771dbc8c00 sp 00007fff38a29318 error 4 in libc.so.6[a7c00,7f771db49000+159000] likely on CPU 1 (core 1, socket 0)
[  538.421663] Code: f0 0f 11 07 0f 11 4c 17 f0 c3 83 fa 08 73 2b 83 fa 04 73 16 83 fa 01 7c 10 8a 0e 74 0a 0f b7 74 16 fe 66 89 74 17 fe 88 0f c3 <8b> 4c 16 fc 8b 36 89 4c 17 fc 89 37 c3 0f 1f 00 48 8b 4c 16 f8 48
[  538.501453] mt7921e 0000:03:00.0 wlp3s0: renamed from wlan0 (while UP)
[  539.511451] iwd[4201]: segfault at c ip 00007f6c82cd6c00 sp 00007ffc1755ddb8 error 4 in libc.so.6[a7c00,7f6c82c57000+159000] likely on CPU 0 (core 0, socket 0)
[  539.511492] Code: f0 0f 11 07 0f 11 4c 17 f0 c3 83 fa 08 73 2b 83 fa 04 73 16 83 fa 01 7c 10 8a 0e 74 0a 0f b7 74 16 fe 66 89 74 17 fe 88 0f c3 <8b> 4c 16 fc 8b 36 89 4c 17 fc 89 37 c3 0f 1f 00 48 8b 4c 16 f8 48
[  539.576163] mt7921e 0000:03:00.0 wlp3s0: renamed from wlan0 (while UP)
[  540.581480] iwd[4207]: segfault at c ip 00007f0a9d229c00 sp 00007fffd04016a8 error 4 in libc.so.6[a7c00,7f0a9d1aa000+159000] likely on CPU 0 (core 0, socket 0)
[  540.581513] Code: f0 0f 11 07 0f 11 4c 17 f0 c3 83 fa 08 73 2b 83 fa 04 73 16 83 fa 01 7c 10 8a 0e 74 0a 0f b7 74 16 fe 66 89 74 17 fe 88 0f c3 <8b> 4c 16 fc 8b 36 89 4c 17 fc 89 37 c3 0f 1f 00 48 8b 4c 16 f8 48
[  540.617093] mt7921e 0000:03:00.0 wlp3s0: renamed from wlan0
[  541.653504] iwd[4213]: segfault at c ip 00007fdf3002ec00 sp 00007ffdec4e7538 error 4 in libc.so.6[a7c00,7fdf2ffaf000+159000] likely on CPU 1 (core 1, socket 0)
[  541.653537] Code: f0 0f 11 07 0f 11 4c 17 f0 c3 83 fa 08 73 2b 83 fa 04 73 16 83 fa 01 7c 10 8a 0e 74 0a 0f b7 74 16 fe 66 89 74 17 fe 88 0f c3 <8b> 4c 16 fc 8b 36 89 4c 17 fc 89 37 c3 0f 1f 00 48 8b 4c 16 f8 48
[  541.687547] mt7921e 0000:03:00.0 wlp3s0: renamed from wlan0
[  542.727145] iwd[4219]: segfault at c ip 00007fa5fcce8c00 sp 00007ffc00a0bd18 error 4 in libc.so.6[a7c00,7fa5fcc69000+159000] likely on CPU 0 (core 0, socket 0)
[  542.727180] Code: f0 0f 11 07 0f 11 4c 17 f0 c3 83 fa 08 73 2b 83 fa 04 73 16 83 fa 01 7c 10 8a 0e 74 0a 0f b7 74 16 fe 66 89 74 17 fe 88 0f c3 <8b> 4c 16 fc 8b 36 89 4c 17 fc 89 37 c3 0f 1f 00 48 8b 4c 16 f8 48
[  542.789049] mt7921e 0000:03:00.0 wlp3s0: renamed from wlan0 (while UP)
[  543.798360] iwd[4225]: segfault at c ip 00007f6400c8dc00 sp 00007ffc3a55f538 error 4 in libc.so.6[a7c00,7f6400c0e000+159000] likely on CPU 0 (core 0, socket 0)
[  543.798397] Code: f0 0f 11 07 0f 11 4c 17 f0 c3 83 fa 08 73 2b 83 fa 04 73 16 83 fa 01 7c 10 8a 0e 74 0a 0f b7 74 16 fe 66 89 74 17 fe 88 0f c3 <8b> 4c 16 fc 8b 36 89 4c 17 fc 89 37 c3 0f 1f 00 48 8b 4c 16 f8 48
[  543.866307] mt7921e 0000:03:00.0 wlp3s0: renamed from wlan0 (while UP)
[  544.869562] iwd[4231]: segfault at c ip 00007ff5ba028c00 sp 00007ffdfc3bb628 error 4 in libc.so.6[a7c00,7ff5b9fa9000+159000] likely on CPU 0 (core 0, socket 0)
[  544.869594] Code: f0 0f 11 07 0f 11 4c 17 f0 c3 83 fa 08 73 2b 83 fa 04 73 16 83 fa 01 7c 10 8a 0e 74 0a 0f b7 74 16 fe 66 89 74 17 fe 88 0f c3 <8b> 4c 16 fc 8b 36 89 4c 17 fc 89 37 c3 0f 1f 00 48 8b 4c 16 f8 48
[  544.928603] mt7921e 0000:03:00.0 wlp3s0: renamed from wlan0 (while UP)
[  545.944345] iwd[4239]: segfault at c ip 00007fbfed6c8c00 sp 00007fffe2b12688 error 4 in libc.so.6[a7c00,7fbfed649000+159000] likely on CPU 1 (core 1, socket 0)
[  545.944381] Code: f0 0f 11 07 0f 11 4c 17 f0 c3 83 fa 08 73 2b 83 fa 04 73 16 83 fa 01 7c 10 8a 0e 74 0a 0f b7 74 16 fe 66 89 74 17 fe 88 0f c3 <8b> 4c 16 fc 8b 36 89 4c 17 fc 89 37 c3 0f 1f 00 48 8b 4c 16 f8 48
[  546.005840] mt7921e 0000:03:00.0 wlp3s0: renamed from wlan0 (while UP)
[  547.025134] iwd[4245]: segfault at c ip 00007fef28892c00 sp 00007ffc589899d8 error 4 in libc.so.6[a7c00,7fef28813000+159000] likely on CPU 0 (core 0, socket 0)
[  547.025167] Code: f0 0f 11 07 0f 11 4c 17 f0 c3 83 fa 08 73 2b 83 fa 04 73 16 83 fa 01 7c 10 8a 0e 74 0a 0f b7 74 16 fe 66 89 74 17 fe 88 0f c3 <8b> 4c 16 fc 8b 36 89 4c 17 fc 89 37 c3 0f 1f 00 48 8b 4c 16 f8 48
[  547.099048] mt7921e 0000:03:00.0 wlp3s0: renamed from wlan0 (while UP)
[  548.108665] iwd[4251]: segfault at c ip 00007f4d04589c00 sp 00007fffcb58c1b8 error 4 in libc.so.6[a7c00,7f4d0450a000+159000] likely on CPU 1 (core 1, socket 0)
[  548.108697] Code: f0 0f 11 07 0f 11 4c 17 f0 c3 83 fa 08 73 2b 83 fa 04 73 16 83 fa 01 7c 10 8a 0e 74 0a 0f b7 74 16 fe 66 89 74 17 fe 88 0f c3 <8b> 4c 16 fc 8b 36 89 4c 17 fc 89 37 c3 0f 1f 00 48 8b 4c 16 f8 48
[  548.148987] mt7921e 0000:03:00.0 wlp3s0: renamed from wlan0
[  549.182153] iwd[4257]: segfault at c ip 00007f6480a12c00 sp 00007fff4e2d7de8 error 4 in libc.so.6[a7c00,7f6480993000+159000] likely on CPU 1 (core 1, socket 0)
[  549.182185] Code: f0 0f 11 07 0f 11 4c 17 f0 c3 83 fa 08 73 2b 83 fa 04 73 16 83 fa 01 7c 10 8a 0e 74 0a 0f b7 74 16 fe 66 89 74 17 fe 88 0f c3 <8b> 4c 16 fc 8b 36 89 4c 17 fc 89 37 c3 0f 1f 00 48 8b 4c 16 f8 48
[  549.242847] mt7921e 0000:03:00.0 wlp3s0: renamed from wlan0 (while UP)
[  550.265652] iwd[4263]: segfault at c ip 00007f93f5404c00 sp 00007ffc37a74838 error 4 in libc.so.6[a7c00,7f93f5385000+159000] likely on CPU 0 (core 0, socket 0)
[  550.265685] Code: f0 0f 11 07 0f 11 4c 17 f0 c3 83 fa 08 73 2b 83 fa 04 73 16 83 fa 01 7c 10 8a 0e 74 0a 0f b7 74 16 fe 66 89 74 17 fe 88 0f c3 <8b> 4c 16 fc 8b 36 89 4c 17 fc 89 37 c3 0f 1f 00 48 8b 4c 16 f8 48
[  550.327840] mt7921e 0000:03:00.0 wlp3s0: renamed from wlan0 (while UP)
[  551.343256] iwd[4269]: segfault at c ip 00007f3a9e784c00 sp 00007ffea5400378 error 4 in libc.so.6[a7c00,7f3a9e705000+159000] likely on CPU 1 (core 1, socket 0)
[  551.343334] Code: f0 0f 11 07 0f 11 4c 17 f0 c3 83 fa 08 73 2b 83 fa 04 73 16 83 fa 01 7c 10 8a 0e 74 0a 0f b7 74 16 fe 66 89 74 17 fe 88 0f c3 <8b> 4c 16 fc 8b 36 89 4c 17 fc 89 37 c3 0f 1f 00 48 8b 4c 16 f8 48
[  551.395740] mt7921e 0000:03:00.0 wlp3s0: renamed from wlan0 (while UP)
[  552.410807] iwd[4275]: segfault at c ip 00007fb7de0dcc00 sp 00007ffde3e03ee8 error 4 in libc.so.6[a7c00,7fb7de05d000+159000] likely on CPU 0 (core 0, socket 0)
[  552.410841] Code: f0 0f 11 07 0f 11 4c 17 f0 c3 83 fa 08 73 2b 83 fa 04 73 16 83 fa 01 7c 10 8a 0e 74 0a 0f b7 74 16 fe 66 89 74 17 fe 88 0f c3 <8b> 4c 16 fc 8b 36 89 4c 17 fc 89 37 c3 0f 1f 00 48 8b 4c 16 f8 48
[  552.471597] mt7921e 0000:03:00.0 wlp3s0: renamed from wlan0 (while UP)
[  553.475717] iwd[4281]: segfault at c ip 00007f854e48ec00 sp 00007ffe25828778 error 4 in libc.so.6[a7c00,7f854e40f000+159000] likely on CPU 1 (core 1, socket 0)
[  553.475750] Code: f0 0f 11 07 0f 11 4c 17 f0 c3 83 fa 08 73 2b 83 fa 04 73 16 83 fa 01 7c 10 8a 0e 74 0a 0f b7 74 16 fe 66 89 74 17 fe 88 0f c3 <8b> 4c 16 fc 8b 36 89 4c 17 fc 89 37 c3 0f 1f 00 48 8b 4c 16 f8 48
[  553.540361] mt7921e 0000:03:00.0 wlp3s0: renamed from wlan0 (while UP)
[  554.545360] iwd[4287]: segfault at c ip 00007f8ecd006c00 sp 00007ffdba32ace8 error 4 in libc.so.6[a7c00,7f8eccf87000+159000] likely on CPU 0 (core 0, socket 0)
[  554.545398] Code: f0 0f 11 07 0f 11 4c 17 f0 c3 83 fa 08 73 2b 83 fa 04 73 16 83 fa 01 7c 10 8a 0e 74 0a 0f b7 74 16 fe 66 89 74 17 fe 88 0f c3 <8b> 4c 16 fc 8b 36 89 4c 17 fc 89 37 c3 0f 1f 00 48 8b 4c 16 f8 48
[  554.611303] mt7921e 0000:03:00.0 wlp3s0: renamed from wlan0 (while UP)
[  555.617691] iwd[4293]: segfault at c ip 00007f10b6422c00 sp 00007ffea99bd5b8 error 4 in libc.so.6[a7c00,7f10b63a3000+159000] likely on CPU 1 (core 1, socket 0)
[  555.617731] Code: f0 0f 11 07 0f 11 4c 17 f0 c3 83 fa 08 73 2b 83 fa 04 73 16 83 fa 01 7c 10 8a 0e 74 0a 0f b7 74 16 fe 66 89 74 17 fe 88 0f c3 <8b> 4c 16 fc 8b 36 89 4c 17 fc 89 37 c3 0f 1f 00 48 8b 4c 16 f8 48
[  555.654224] mt7921e 0000:03:00.0 wlp3s0: renamed from wlan0
[  556.692456] iwd[4299]: segfault at c ip 00007f7431a18c00 sp 00007ffc5ec14ac8 error 4 in libc.so.6[a7c00,7f7431999000+159000] likely on CPU 0 (core 0, socket 0)
[  556.692489] Code: f0 0f 11 07 0f 11 4c 17 f0 c3 83 fa 08 73 2b 83 fa 04 73 16 83 fa 01 7c 10 8a 0e 74 0a 0f b7 74 16 fe 66 89 74 17 fe 88 0f c3 <8b> 4c 16 fc 8b 36 89 4c 17 fc 89 37 c3 0f 1f 00 48 8b 4c 16 f8 48
[  556.752038] mt7921e 0000:03:00.0 wlp3s0: renamed from wlan0 (while UP)
[  557.760491] iwd[4305]: segfault at c ip 00007f19e43aec00 sp 00007ffcd85c6c18 error 4 in libc.so.6[a7c00,7f19e432f000+159000] likely on CPU 0 (core 0, socket 0)
[  557.760526] Code: f0 0f 11 07 0f 11 4c 17 f0 c3 83 fa 08 73 2b 83 fa 04 73 16 83 fa 01 7c 10 8a 0e 74 0a 0f b7 74 16 fe 66 89 74 17 fe 88 0f c3 <8b> 4c 16 fc 8b 36 89 4c 17 fc 89 37 c3 0f 1f 00 48 8b 4c 16 f8 48
[  557.836816] mt7921e 0000:03:00.0 wlp3s0: renamed from wlan0 (while UP)
[  558.843426] iwd[4311]: segfault at c ip 00007feb69588c00 sp 00007ffe221d10f8 error 4 in libc.so.6[a7c00,7feb69509000+159000] likely on CPU 0 (core 0, socket 0)
[  558.843466] Code: f0 0f 11 07 0f 11 4c 17 f0 c3 83 fa 08 73 2b 83 fa 04 73 16 83 fa 01 7c 10 8a 0e 74 0a 0f b7 74 16 fe 66 89 74 17 fe 88 0f c3 <8b> 4c 16 fc 8b 36 89 4c 17 fc 89 37 c3 0f 1f 00 48 8b 4c 16 f8 48
[  558.904440] mt7921e 0000:03:00.0 wlp3s0: renamed from wlan0 (while UP)
[  559.913572] iwd[4317]: segfault at c ip 00007f0f6fc86c00 sp 00007ffc5e101728 error 4 in libc.so.6[a7c00,7f0f6fc07000+159000] likely on CPU 0 (core 0, socket 0)
[  559.913605] Code: f0 0f 11 07 0f 11 4c 17 f0 c3 83 fa 08 73 2b 83 fa 04 73 16 83 fa 01 7c 10 8a 0e 74 0a 0f b7 74 16 fe 66 89 74 17 fe 88 0f c3 <8b> 4c 16 fc 8b 36 89 4c 17 fc 89 37 c3 0f 1f 00 48 8b 4c 16 f8 48
[  559.978083] mt7921e 0000:03:00.0 wlp3s0: renamed from wlan0 (while UP)
[  560.984804] iwd[4323]: segfault at c ip 00007f26bdf26c00 sp 00007ffd18f4b438 error 4 in libc.so.6[a7c00,7f26bdea7000+159000] likely on CPU 0 (core 0, socket 0)
[  560.984839] Code: f0 0f 11 07 0f 11 4c 17 f0 c3 83 fa 08 73 2b 83 fa 04 73 16 83 fa 01 7c 10 8a 0e 74 0a 0f b7 74 16 fe 66 89 74 17 fe 88 0f c3 <8b> 4c 16 fc 8b 36 89 4c 17 fc 89 37 c3 0f 1f 00 48 8b 4c 16 f8 48
[  561.050486] mt7921e 0000:03:00.0 wlp3s0: renamed from wlan0 (while UP)
[  562.056154] iwd[4329]: segfault at c ip 00007f4a220bdc00 sp 00007ffefa188868 error 4 in libc.so.6[a7c00,7f4a2203e000+159000] likely on CPU 1 (core 1, socket 0)
[  562.056188] Code: f0 0f 11 07 0f 11 4c 17 f0 c3 83 fa 08 73 2b 83 fa 04 73 16 83 fa 01 7c 10 8a 0e 74 0a 0f b7 74 16 fe 66 89 74 17 fe 88 0f c3 <8b> 4c 16 fc 8b 36 89 4c 17 fc 89 37 c3 0f 1f 00 48 8b 4c 16 f8 48
[  562.130118] mt7921e 0000:03:00.0 wlp3s0: renamed from wlan0 (while UP)
[  563.136853] iwd[4335]: segfault at c ip 00007f6fe7759c00 sp 00007fff2ab26b98 error 4 in libc.so.6[a7c00,7f6fe76da000+159000] likely on CPU 0 (core 0, socket 0)
[  563.136891] Code: f0 0f 11 07 0f 11 4c 17 f0 c3 83 fa 08 73 2b 83 fa 04 73 16 83 fa 01 7c 10 8a 0e 74 0a 0f b7 74 16 fe 66 89 74 17 fe 88 0f c3 <8b> 4c 16 fc 8b 36 89 4c 17 fc 89 37 c3 0f 1f 00 48 8b 4c 16 f8 48
[  563.198970] mt7921e 0000:03:00.0 wlp3s0: renamed from wlan0 (while UP)
[  564.205121] iwd[4341]: segfault at c ip 00007f2fbb467c00 sp 00007ffe85a709c8 error 4 in libc.so.6[a7c00,7f2fbb3e8000+159000] likely on CPU 1 (core 1, socket 0)
[  564.205158] Code: f0 0f 11 07 0f 11 4c 17 f0 c3 83 fa 08 73 2b 83 fa 04 73 16 83 fa 01 7c 10 8a 0e 74 0a 0f b7 74 16 fe 66 89 74 17 fe 88 0f c3 <8b> 4c 16 fc 8b 36 89 4c 17 fc 89 37 c3 0f 1f 00 48 8b 4c 16 f8 48
[  564.276274] mt7921e 0000:03:00.0 wlp3s0: renamed from wlan0 (while UP)
[  565.280317] iwd[4347]: segfault at c ip 00007feea9624c00 sp 00007ffe3167fb28 error 4 in libc.so.6[a7c00,7feea95a5000+159000] likely on CPU 0 (core 0, socket 0)
[  565.280374] Code: f0 0f 11 07 0f 11 4c 17 f0 c3 83 fa 08 73 2b 83 fa 04 73 16 83 fa 01 7c 10 8a 0e 74 0a 0f b7 74 16 fe 66 89 74 17 fe 88 0f c3 <8b> 4c 16 fc 8b 36 89 4c 17 fc 89 37 c3 0f 1f 00 48 8b 4c 16 f8 48
[  565.351949] mt7921e 0000:03:00.0 wlp3s0: renamed from wlan0 (while UP)
[  566.366272] iwd[4355]: segfault at c ip 00007f8a25902c00 sp 00007ffdf8a2dd58 error 4 in libc.so.6[a7c00,7f8a25883000+159000] likely on CPU 0 (core 0, socket 0)
[  566.366343] Code: f0 0f 11 07 0f 11 4c 17 f0 c3 83 fa 08 73 2b 83 fa 04 73 16 83 fa 01 7c 10 8a 0e 74 0a 0f b7 74 16 fe 66 89 74 17 fe 88 0f c3 <8b> 4c 16 fc 8b 36 89 4c 17 fc 89 37 c3 0f 1f 00 48 8b 4c 16 f8 48
[  566.431354] mt7921e 0000:03:00.0 wlp3s0: renamed from wlan0 (while UP)
[  567.436800] iwd[4361]: segfault at c ip 00007f17f482cc00 sp 00007ffd88f3bb38 error 4 in libc.so.6[a7c00,7f17f47ad000+159000] likely on CPU 0 (core 0, socket 0)
[  567.436838] Code: f0 0f 11 07 0f 11 4c 17 f0 c3 83 fa 08 73 2b 83 fa 04 73 16 83 fa 01 7c 10 8a 0e 74 0a 0f b7 74 16 fe 66 89 74 17 fe 88 0f c3 <8b> 4c 16 fc 8b 36 89 4c 17 fc 89 37 c3 0f 1f 00 48 8b 4c 16 f8 48
[  567.506219] mt7921e 0000:03:00.0 wlp3s0: renamed from wlan0 (while UP)
[  568.511649] iwd[4367]: segfault at c ip 00007f75bdaa3c00 sp 00007ffd43cd7068 error 4 in libc.so.6[a7c00,7f75bda24000+159000] likely on CPU 1 (core 1, socket 0)
[  568.511687] Code: f0 0f 11 07 0f 11 4c 17 f0 c3 83 fa 08 73 2b 83 fa 04 73 16 83 fa 01 7c 10 8a 0e 74 0a 0f b7 74 16 fe 66 89 74 17 fe 88 0f c3 <8b> 4c 16 fc 8b 36 89 4c 17 fc 89 37 c3 0f 1f 00 48 8b 4c 16 f8 48
[  568.578236] mt7921e 0000:03:00.0 wlp3s0: renamed from wlan0 (while UP)
[  569.583244] iwd[4373]: segfault at c ip 00007fbf7d7acc00 sp 00007ffc49c91d88 error 4 in libc.so.6[a7c00,7fbf7d72d000+159000] likely on CPU 1 (core 1, socket 0)
[  569.583276] Code: f0 0f 11 07 0f 11 4c 17 f0 c3 83 fa 08 73 2b 83 fa 04 73 16 83 fa 01 7c 10 8a 0e 74 0a 0f b7 74 16 fe 66 89 74 17 fe 88 0f c3 <8b> 4c 16 fc 8b 36 89 4c 17 fc 89 37 c3 0f 1f 00 48 8b 4c 16 f8 48
[  569.649877] mt7921e 0000:03:00.0 wlp3s0: renamed from wlan0 (while UP)
[  570.659330] iwd[4379]: segfault at c ip 00007f5c0d7a6c00 sp 00007ffe07a5a4f8 error 4 in libc.so.6[a7c00,7f5c0d727000+159000] likely on CPU 0 (core 0, socket 0)
[  570.659366] Code: f0 0f 11 07 0f 11 4c 17 f0 c3 83 fa 08 73 2b 83 fa 04 73 16 83 fa 01 7c 10 8a 0e 74 0a 0f b7 74 16 fe 66 89 74 17 fe 88 0f c3 <8b> 4c 16 fc 8b 36 89 4c 17 fc 89 37 c3 0f 1f 00 48 8b 4c 16 f8 48
[  570.730360] mt7921e 0000:03:00.0 wlp3s0: renamed from wlan0 (while UP)
[  571.733194] iwd[4385]: segfault at c ip 00007fc3cb5c7c00 sp 00007ffc61765d28 error 4 in libc.so.6[a7c00,7fc3cb548000+159000] likely on CPU 0 (core 0, socket 0)
[  571.733226] Code: f0 0f 11 07 0f 11 4c 17 f0 c3 83 fa 08 73 2b 83 fa 04 73 16 83 fa 01 7c 10 8a 0e 74 0a 0f b7 74 16 fe 66 89 74 17 fe 88 0f c3 <8b> 4c 16 fc 8b 36 89 4c 17 fc 89 37 c3 0f 1f 00 48 8b 4c 16 f8 48
[  571.774843] mt7921e 0000:03:00.0 wlp3s0: renamed from wlan0
[  572.809382] iwd[4393]: segfault at c ip 00007f3a05622c00 sp 00007ffded689f18 error 4 in libc.so.6[a7c00,7f3a055a3000+159000] likely on CPU 0 (core 0, socket 0)
[  572.809423] Code: f0 0f 11 07 0f 11 4c 17 f0 c3 83 fa 08 73 2b 83 fa 04 73 16 83 fa 01 7c 10 8a 0e 74 0a 0f b7 74 16 fe 66 89 74 17 fe 88 0f c3 <8b> 4c 16 fc 8b 36 89 4c 17 fc 89 37 c3 0f 1f 00 48 8b 4c 16 f8 48
[  572.886983] mt7921e 0000:03:00.0 wlp3s0: renamed from wlan0 (while UP)
[  573.896185] iwd[4399]: segfault at c ip 00007f97dd0ddc00 sp 00007ffdbbdec648 error 4 in libc.so.6[a7c00,7f97dd05e000+159000] likely on CPU 0 (core 0, socket 0)
[  573.896217] Code: f0 0f 11 07 0f 11 4c 17 f0 c3 83 fa 08 73 2b 83 fa 04 73 16 83 fa 01 7c 10 8a 0e 74 0a 0f b7 74 16 fe 66 89 74 17 fe 88 0f c3 <8b> 4c 16 fc 8b 36 89 4c 17 fc 89 37 c3 0f 1f 00 48 8b 4c 16 f8 48
[  573.957442] mt7921e 0000:03:00.0 wlp3s0: renamed from wlan0 (while UP)
[  574.962709] iwd[4407]: segfault at c ip 00007ff629393c00 sp 00007ffe2390b148 error 4 in libc.so.6[a7c00,7ff629314000+159000] likely on CPU 0 (core 0, socket 0)
[  574.962755] Code: f0 0f 11 07 0f 11 4c 17 f0 c3 83 fa 08 73 2b 83 fa 04 73 16 83 fa 01 7c 10 8a 0e 74 0a 0f b7 74 16 fe 66 89 74 17 fe 88 0f c3 <8b> 4c 16 fc 8b 36 89 4c 17 fc 89 37 c3 0f 1f 00 48 8b 4c 16 f8 48
[  575.022959] mt7921e 0000:03:00.0 wlp3s0: renamed from wlan0 (while UP)
[  576.027802] iwd[4413]: segfault at c ip 00007f63d0e2bc00 sp 00007ffe404cc668 error 4 in libc.so.6[a7c00,7f63d0dac000+159000] likely on CPU 0 (core 0, socket 0)
[  576.027835] Code: f0 0f 11 07 0f 11 4c 17 f0 c3 83 fa 08 73 2b 83 fa 04 73 16 83 fa 01 7c 10 8a 0e 74 0a 0f b7 74 16 fe 66 89 74 17 fe 88 0f c3 <8b> 4c 16 fc 8b 36 89 4c 17 fc 89 37 c3 0f 1f 00 48 8b 4c 16 f8 48
[  576.102847] mt7921e 0000:03:00.0 wlp3s0: renamed from wlan0 (while UP)
[  577.117817] iwd[4421]: segfault at c ip 00007f2b967a6c00 sp 00007ffd959379d8 error 4 in libc.so.6[a7c00,7f2b96727000+159000] likely on CPU 1 (core 1, socket 0)
[  577.117857] Code: f0 0f 11 07 0f 11 4c 17 f0 c3 83 fa 08 73 2b 83 fa 04 73 16 83 fa 01 7c 10 8a 0e 74 0a 0f b7 74 16 fe 66 89 74 17 fe 88 0f c3 <8b> 4c 16 fc 8b 36 89 4c 17 fc 89 37 c3 0f 1f 00 48 8b 4c 16 f8 48
[  577.163143] mt7921e 0000:03:00.0 wlp3s0: renamed from wlan0
[  578.196661] iwd[4427]: segfault at c ip 00007f1b7e96ac00 sp 00007ffed44383c8 error 4 in libc.so.6[a7c00,7f1b7e8eb000+159000] likely on CPU 0 (core 0, socket 0)
[  578.196693] Code: f0 0f 11 07 0f 11 4c 17 f0 c3 83 fa 08 73 2b 83 fa 04 73 16 83 fa 01 7c 10 8a 0e 74 0a 0f b7 74 16 fe 66 89 74 17 fe 88 0f c3 <8b> 4c 16 fc 8b 36 89 4c 17 fc 89 37 c3 0f 1f 00 48 8b 4c 16 f8 48
[  578.271072] mt7921e 0000:03:00.0 wlp3s0: renamed from wlan0 (while UP)
[  579.274519] iwd[4433]: segfault at c ip 00007f5d467edc00 sp 00007fff0cbf1df8 error 4 in libc.so.6[a7c00,7f5d4676e000+159000] likely on CPU 0 (core 0, socket 0)
[  579.274564] Code: f0 0f 11 07 0f 11 4c 17 f0 c3 83 fa 08 73 2b 83 fa 04 73 16 83 fa 01 7c 10 8a 0e 74 0a 0f b7 74 16 fe 66 89 74 17 fe 88 0f c3 <8b> 4c 16 fc 8b 36 89 4c 17 fc 89 37 c3 0f 1f 00 48 8b 4c 16 f8 48
[  579.336882] mt7921e 0000:03:00.0 wlp3s0: renamed from wlan0 (while UP)
[  580.359014] iwd[4439]: segfault at c ip 00007f2f245b4c00 sp 00007fffba2698f8 error 4 in libc.so.6[a7c00,7f2f24535000+159000] likely on CPU 0 (core 0, socket 0)
[  580.359048] Code: f0 0f 11 07 0f 11 4c 17 f0 c3 83 fa 08 73 2b 83 fa 04 73 16 83 fa 01 7c 10 8a 0e 74 0a 0f b7 74 16 fe 66 89 74 17 fe 88 0f c3 <8b> 4c 16 fc 8b 36 89 4c 17 fc 89 37 c3 0f 1f 00 48 8b 4c 16 f8 48
[  580.421997] mt7921e 0000:03:00.0 wlp3s0: renamed from wlan0 (while UP)
[  581.441936] iwd[4445]: segfault at c ip 00007fd0036bac00 sp 00007fff6bfd93d8 error 4 in libc.so.6[a7c00,7fd00363b000+159000] likely on CPU 1 (core 1, socket 0)
[  581.441970] Code: f0 0f 11 07 0f 11 4c 17 f0 c3 83 fa 08 73 2b 83 fa 04 73 16 83 fa 01 7c 10 8a 0e 74 0a 0f b7 74 16 fe 66 89 74 17 fe 88 0f c3 <8b> 4c 16 fc 8b 36 89 4c 17 fc 89 37 c3 0f 1f 00 48 8b 4c 16 f8 48
[  581.510695] mt7921e 0000:03:00.0 wlp3s0: renamed from wlan0 (while UP)
[  582.517881] iwd[4451]: segfault at c ip 00007fcfe0c0cc00 sp 00007ffc3c0fd978 error 4 in libc.so.6[a7c00,7fcfe0b8d000+159000] likely on CPU 1 (core 1, socket 0)
[  582.517920] Code: f0 0f 11 07 0f 11 4c 17 f0 c3 83 fa 08 73 2b 83 fa 04 73 16 83 fa 01 7c 10 8a 0e 74 0a 0f b7 74 16 fe 66 89 74 17 fe 88 0f c3 <8b> 4c 16 fc 8b 36 89 4c 17 fc 89 37 c3 0f 1f 00 48 8b 4c 16 f8 48
[  582.582403] mt7921e 0000:03:00.0 wlp3s0: renamed from wlan0 (while UP)
[  583.586857] iwd[4457]: segfault at c ip 00007f55becf8c00 sp 00007ffc3acdcdb8 error 4 in libc.so.6[a7c00,7f55bec79000+159000] likely on CPU 1 (core 1, socket 0)
[  583.586890] Code: f0 0f 11 07 0f 11 4c 17 f0 c3 83 fa 08 73 2b 83 fa 04 73 16 83 fa 01 7c 10 8a 0e 74 0a 0f b7 74 16 fe 66 89 74 17 fe 88 0f c3 <8b> 4c 16 fc 8b 36 89 4c 17 fc 89 37 c3 0f 1f 00 48 8b 4c 16 f8 48
[  583.654965] mt7921e 0000:03:00.0 wlp3s0: renamed from wlan0 (while UP)
[  584.670842] iwd[4465]: segfault at c ip 00007f0211d72c00 sp 00007ffeaff99868 error 4 in libc.so.6[a7c00,7f0211cf3000+159000] likely on CPU 1 (core 1, socket 0)
[  584.670876] Code: f0 0f 11 07 0f 11 4c 17 f0 c3 83 fa 08 73 2b 83 fa 04 73 16 83 fa 01 7c 10 8a 0e 74 0a 0f b7 74 16 fe 66 89 74 17 fe 88 0f c3 <8b> 4c 16 fc 8b 36 89 4c 17 fc 89 37 c3 0f 1f 00 48 8b 4c 16 f8 48
[  584.737003] mt7921e 0000:03:00.0 wlp3s0: renamed from wlan0 (while UP)
[  585.753261] iwd[4471]: segfault at c ip 00007ff93b425c00 sp 00007ffd2cf3caa8 error 4 in libc.so.6[a7c00,7ff93b3a6000+159000] likely on CPU 0 (core 0, socket 0)
[  585.753324] Code: f0 0f 11 07 0f 11 4c 17 f0 c3 83 fa 08 73 2b 83 fa 04 73 16 83 fa 01 7c 10 8a 0e 74 0a 0f b7 74 16 fe 66 89 74 17 fe 88 0f c3 <8b> 4c 16 fc 8b 36 89 4c 17 fc 89 37 c3 0f 1f 00 48 8b 4c 16 f8 48
[  585.827062] mt7921e 0000:03:00.0 wlp3s0: renamed from wlan0 (while UP)
[  586.833801] iwd[4479]: segfault at c ip 00007ff2f325dc00 sp 00007fff41de7a58 error 4 in libc.so.6[a7c00,7ff2f31de000+159000] likely on CPU 0 (core 0, socket 0)
[  586.833846] Code: f0 0f 11 07 0f 11 4c 17 f0 c3 83 fa 08 73 2b 83 fa 04 73 16 83 fa 01 7c 10 8a 0e 74 0a 0f b7 74 16 fe 66 89 74 17 fe 88 0f c3 <8b> 4c 16 fc 8b 36 89 4c 17 fc 89 37 c3 0f 1f 00 48 8b 4c 16 f8 48
[  586.904558] mt7921e 0000:03:00.0 wlp3s0: renamed from wlan0 (while UP)
[  587.912413] iwd[4485]: segfault at c ip 00007f2d0d829c00 sp 00007ffe35606e38 error 4 in libc.so.6[a7c00,7f2d0d7aa000+159000] likely on CPU 1 (core 1, socket 0)
[  587.912446] Code: f0 0f 11 07 0f 11 4c 17 f0 c3 83 fa 08 73 2b 83 fa 04 73 16 83 fa 01 7c 10 8a 0e 74 0a 0f b7 74 16 fe 66 89 74 17 fe 88 0f c3 <8b> 4c 16 fc 8b 36 89 4c 17 fc 89 37 c3 0f 1f 00 48 8b 4c 16 f8 48
[  587.986035] mt7921e 0000:03:00.0 wlp3s0: renamed from wlan0 (while UP)
[  588.993768] iwd[4491]: segfault at c ip 00007f22823f1c00 sp 00007ffc30fafd98 error 4 in libc.so.6[a7c00,7f2282372000+159000] likely on CPU 1 (core 1, socket 0)
[  588.993812] Code: f0 0f 11 07 0f 11 4c 17 f0 c3 83 fa 08 73 2b 83 fa 04 73 16 83 fa 01 7c 10 8a 0e 74 0a 0f b7 74 16 fe 66 89 74 17 fe 88 0f c3 <8b> 4c 16 fc 8b 36 89 4c 17 fc 89 37 c3 0f 1f 00 48 8b 4c 16 f8 48
[  589.057310] mt7921e 0000:03:00.0 wlp3s0: renamed from wlan0 (while UP)
[  590.065017] iwd[4497]: segfault at c ip 00007f9ace929c00 sp 00007ffcfbb7c2c8 error 4 in libc.so.6[a7c00,7f9ace8aa000+159000] likely on CPU 0 (core 0, socket 0)
[  590.065051] Code: f0 0f 11 07 0f 11 4c 17 f0 c3 83 fa 08 73 2b 83 fa 04 73 16 83 fa 01 7c 10 8a 0e 74 0a 0f b7 74 16 fe 66 89 74 17 fe 88 0f c3 <8b> 4c 16 fc 8b 36 89 4c 17 fc 89 37 c3 0f 1f 00 48 8b 4c 16 f8 48
[  590.128041] mt7921e 0000:03:00.0 wlp3s0: renamed from wlan0 (while UP)
[  591.133419] iwd[4503]: segfault at c ip 00007f13f7e8bc00 sp 00007ffc4f582f78 error 4 in libc.so.6[a7c00,7f13f7e0c000+159000] likely on CPU 1 (core 1, socket 0)
[  591.133451] Code: f0 0f 11 07 0f 11 4c 17 f0 c3 83 fa 08 73 2b 83 fa 04 73 16 83 fa 01 7c 10 8a 0e 74 0a 0f b7 74 16 fe 66 89 74 17 fe 88 0f c3 <8b> 4c 16 fc 8b 36 89 4c 17 fc 89 37 c3 0f 1f 00 48 8b 4c 16 f8 48
[  591.203196] mt7921e 0000:03:00.0 wlp3s0: renamed from wlan0 (while UP)
[  592.210544] iwd[4509]: segfault at c ip 00007efc98b3fc00 sp 00007ffec86889a8 error 4 in libc.so.6[a7c00,7efc98ac0000+159000] likely on CPU 0 (core 0, socket 0)
[  592.210581] Code: f0 0f 11 07 0f 11 4c 17 f0 c3 83 fa 08 73 2b 83 fa 04 73 16 83 fa 01 7c 10 8a 0e 74 0a 0f b7 74 16 fe 66 89 74 17 fe 88 0f c3 <8b> 4c 16 fc 8b 36 89 4c 17 fc 89 37 c3 0f 1f 00 48 8b 4c 16 f8 48
[  592.267497] mt7921e 0000:03:00.0 wlp3s0: renamed from wlan0 (while UP)
[  593.274587] iwd[4515]: segfault at c ip 00007f7ab3a2dc00 sp 00007fffb1f36fc8 error 4 in libc.so.6[a7c00,7f7ab39ae000+159000] likely on CPU 1 (core 1, socket 0)
[  593.274621] Code: f0 0f 11 07 0f 11 4c 17 f0 c3 83 fa 08 73 2b 83 fa 04 73 16 83 fa 01 7c 10 8a 0e 74 0a 0f b7 74 16 fe 66 89 74 17 fe 88 0f c3 <8b> 4c 16 fc 8b 36 89 4c 17 fc 89 37 c3 0f 1f 00 48 8b 4c 16 f8 48
[  593.335328] mt7921e 0000:03:00.0 wlp3s0: renamed from wlan0 (while UP)
[  594.356609] iwd[4521]: segfault at c ip 00007fad2f00cc00 sp 00007ffd4c4ef638 error 4 in libc.so.6[a7c00,7fad2ef8d000+159000] likely on CPU 1 (core 1, socket 0)
[  594.356641] Code: f0 0f 11 07 0f 11 4c 17 f0 c3 83 fa 08 73 2b 83 fa 04 73 16 83 fa 01 7c 10 8a 0e 74 0a 0f b7 74 16 fe 66 89 74 17 fe 88 0f c3 <8b> 4c 16 fc 8b 36 89 4c 17 fc 89 37 c3 0f 1f 00 48 8b 4c 16 f8 48
[  594.394367] mt7921e 0000:03:00.0 wlp3s0: renamed from wlan0
[  595.427635] iwd[4527]: segfault at c ip 00007ff02c2ebc00 sp 00007ffc092ccc38 error 4 in libc.so.6[a7c00,7ff02c26c000+159000] likely on CPU 1 (core 1, socket 0)
[  595.427667] Code: f0 0f 11 07 0f 11 4c 17 f0 c3 83 fa 08 73 2b 83 fa 04 73 16 83 fa 01 7c 10 8a 0e 74 0a 0f b7 74 16 fe 66 89 74 17 fe 88 0f c3 <8b> 4c 16 fc 8b 36 89 4c 17 fc 89 37 c3 0f 1f 00 48 8b 4c 16 f8 48
[  595.471098] mt7921e 0000:03:00.0 wlp3s0: renamed from wlan0
[  596.494574] iwd[4533]: segfault at c ip 00007f08a67b9c00 sp 00007ffeb349e918 error 4 in libc.so.6[a7c00,7f08a673a000+159000] likely on CPU 0 (core 0, socket 0)
[  596.494630] Code: f0 0f 11 07 0f 11 4c 17 f0 c3 83 fa 08 73 2b 83 fa 04 73 16 83 fa 01 7c 10 8a 0e 74 0a 0f b7 74 16 fe 66 89 74 17 fe 88 0f c3 <8b> 4c 16 fc 8b 36 89 4c 17 fc 89 37 c3 0f 1f 00 48 8b 4c 16 f8 48
[  596.553319] mt7921e 0000:03:00.0 wlp3s0: renamed from wlan0 (while UP)
[  597.558411] iwd[4539]: segfault at c ip 00007f54c57fcc00 sp 00007ffc2fb94e08 error 4 in libc.so.6[a7c00,7f54c577d000+159000] likely on CPU 0 (core 0, socket 0)
[  597.558443] Code: f0 0f 11 07 0f 11 4c 17 f0 c3 83 fa 08 73 2b 83 fa 04 73 16 83 fa 01 7c 10 8a 0e 74 0a 0f b7 74 16 fe 66 89 74 17 fe 88 0f c3 <8b> 4c 16 fc 8b 36 89 4c 17 fc 89 37 c3 0f 1f 00 48 8b 4c 16 f8 48
[  597.616210] mt7921e 0000:03:00.0 wlp3s0: renamed from wlan0 (while UP)
[  598.620375] iwd[4545]: segfault at c ip 00007fa026df6c00 sp 00007ffe4b608528 error 4 in libc.so.6[a7c00,7fa026d77000+159000] likely on CPU 0 (core 0, socket 0)
[  598.620411] Code: f0 0f 11 07 0f 11 4c 17 f0 c3 83 fa 08 73 2b 83 fa 04 73 16 83 fa 01 7c 10 8a 0e 74 0a 0f b7 74 16 fe 66 89 74 17 fe 88 0f c3 <8b> 4c 16 fc 8b 36 89 4c 17 fc 89 37 c3 0f 1f 00 48 8b 4c 16 f8 48
[  598.685948] mt7921e 0000:03:00.0 wlp3s0: renamed from wlan0 (while UP)
[  599.690859] iwd[4551]: segfault at c ip 00007fa2c1163c00 sp 00007ffd414dfba8 error 4 in libc.so.6[a7c00,7fa2c10e4000+159000] likely on CPU 1 (core 1, socket 0)
[  599.690891] Code: f0 0f 11 07 0f 11 4c 17 f0 c3 83 fa 08 73 2b 83 fa 04 73 16 83 fa 01 7c 10 8a 0e 74 0a 0f b7 74 16 fe 66 89 74 17 fe 88 0f c3 <8b> 4c 16 fc 8b 36 89 4c 17 fc 89 37 c3 0f 1f 00 48 8b 4c 16 f8 48
[  599.757417] mt7921e 0000:03:00.0 wlp3s0: renamed from wlan0 (while UP)
[  600.761376] iwd[4557]: segfault at c ip 00007f49e2d40c00 sp 00007ffcf818d678 error 4 in libc.so.6[a7c00,7f49e2cc1000+159000] likely on CPU 0 (core 0, socket 0)
[  600.761428] Code: f0 0f 11 07 0f 11 4c 17 f0 c3 83 fa 08 73 2b 83 fa 04 73 16 83 fa 01 7c 10 8a 0e 74 0a 0f b7 74 16 fe 66 89 74 17 fe 88 0f c3 <8b> 4c 16 fc 8b 36 89 4c 17 fc 89 37 c3 0f 1f 00 48 8b 4c 16 f8 48
[  600.830362] mt7921e 0000:03:00.0 wlp3s0: renamed from wlan0 (while UP)
[  601.834495] iwd[4563]: segfault at c ip 00007fe52a60dc00 sp 00007ffe1ea55898 error 4 in libc.so.6[a7c00,7fe52a58e000+159000] likely on CPU 1 (core 1, socket 0)
[  601.834533] Code: f0 0f 11 07 0f 11 4c 17 f0 c3 83 fa 08 73 2b 83 fa 04 73 16 83 fa 01 7c 10 8a 0e 74 0a 0f b7 74 16 fe 66 89 74 17 fe 88 0f c3 <8b> 4c 16 fc 8b 36 89 4c 17 fc 89 37 c3 0f 1f 00 48 8b 4c 16 f8 48
[  601.904023] mt7921e 0000:03:00.0 wlp3s0: renamed from wlan0 (while UP)
[  602.908705] iwd[4569]: segfault at c ip 00007f159e25dc00 sp 00007ffd074bddb8 error 4 in libc.so.6[a7c00,7f159e1de000+159000] likely on CPU 1 (core 1, socket 0)
[  602.908738] Code: f0 0f 11 07 0f 11 4c 17 f0 c3 83 fa 08 73 2b 83 fa 04 73 16 83 fa 01 7c 10 8a 0e 74 0a 0f b7 74 16 fe 66 89 74 17 fe 88 0f c3 <8b> 4c 16 fc 8b 36 89 4c 17 fc 89 37 c3 0f 1f 00 48 8b 4c 16 f8 48
[  602.939091] mt7921e 0000:03:00.0 wlp3s0: renamed from wlan0
[  603.976528] iwd[4575]: segfault at c ip 00007f6f50ba6c00 sp 00007ffca1b2f748 error 4 in libc.so.6[a7c00,7f6f50b27000+159000] likely on CPU 1 (core 1, socket 0)
[  603.976560] Code: f0 0f 11 07 0f 11 4c 17 f0 c3 83 fa 08 73 2b 83 fa 04 73 16 83 fa 01 7c 10 8a 0e 74 0a 0f b7 74 16 fe 66 89 74 17 fe 88 0f c3 <8b> 4c 16 fc 8b 36 89 4c 17 fc 89 37 c3 0f 1f 00 48 8b 4c 16 f8 48
[  604.045958] mt7921e 0000:03:00.0 wlp3s0: renamed from wlan0 (while UP)
[  605.050663] iwd[4581]: segfault at c ip 00007f07d96f0c00 sp 00007ffc125cce48 error 4 in libc.so.6[a7c00,7f07d9671000+159000] likely on CPU 1 (core 1, socket 0)
[  605.050695] Code: f0 0f 11 07 0f 11 4c 17 f0 c3 83 fa 08 73 2b 83 fa 04 73 16 83 fa 01 7c 10 8a 0e 74 0a 0f b7 74 16 fe 66 89 74 17 fe 88 0f c3 <8b> 4c 16 fc 8b 36 89 4c 17 fc 89 37 c3 0f 1f 00 48 8b 4c 16 f8 48
[  605.115796] mt7921e 0000:03:00.0 wlp3s0: renamed from wlan0 (while UP)
[  606.125809] iwd[4589]: segfault at c ip 00007fc63a153c00 sp 00007ffc48810c58 error 4 in libc.so.6[a7c00,7fc63a0d4000+159000] likely on CPU 1 (core 1, socket 0)
[  606.125847] Code: f0 0f 11 07 0f 11 4c 17 f0 c3 83 fa 08 73 2b 83 fa 04 73 16 83 fa 01 7c 10 8a 0e 74 0a 0f b7 74 16 fe 66 89 74 17 fe 88 0f c3 <8b> 4c 16 fc 8b 36 89 4c 17 fc 89 37 c3 0f 1f 00 48 8b 4c 16 f8 48
[  606.190444] mt7921e 0000:03:00.0 wlp3s0: renamed from wlan0 (while UP)
[  607.196481] iwd[4595]: segfault at c ip 00007fde8c097c00 sp 00007ffdcd262888 error 4 in libc.so.6[a7c00,7fde8c018000+159000] likely on CPU 0 (core 0, socket 0)
[  607.196513] Code: f0 0f 11 07 0f 11 4c 17 f0 c3 83 fa 08 73 2b 83 fa 04 73 16 83 fa 01 7c 10 8a 0e 74 0a 0f b7 74 16 fe 66 89 74 17 fe 88 0f c3 <8b> 4c 16 fc 8b 36 89 4c 17 fc 89 37 c3 0f 1f 00 48 8b 4c 16 f8 48
[  607.254899] mt7921e 0000:03:00.0 wlp3s0: renamed from wlan0 (while UP)
[  608.260550] iwd[4601]: segfault at c ip 00007f88b79b2c00 sp 00007ffdf937bbb8 error 4 in libc.so.6[a7c00,7f88b7933000+159000] likely on CPU 0 (core 0, socket 0)
[  608.260585] Code: f0 0f 11 07 0f 11 4c 17 f0 c3 83 fa 08 73 2b 83 fa 04 73 16 83 fa 01 7c 10 8a 0e 74 0a 0f b7 74 16 fe 66 89 74 17 fe 88 0f c3 <8b> 4c 16 fc 8b 36 89 4c 17 fc 89 37 c3 0f 1f 00 48 8b 4c 16 f8 48
[  608.331428] mt7921e 0000:03:00.0 wlp3s0: renamed from wlan0 (while UP)
[  609.337163] iwd[4607]: segfault at c ip 00007fa70d8d6c00 sp 00007ffe9806b708 error 4 in libc.so.6[a7c00,7fa70d857000+159000] likely on CPU 0 (core 0, socket 0)
[  609.337196] Code: f0 0f 11 07 0f 11 4c 17 f0 c3 83 fa 08 73 2b 83 fa 04 73 16 83 fa 01 7c 10 8a 0e 74 0a 0f b7 74 16 fe 66 89 74 17 fe 88 0f c3 <8b> 4c 16 fc 8b 36 89 4c 17 fc 89 37 c3 0f 1f 00 48 8b 4c 16 f8 48
[  609.398781] mt7921e 0000:03:00.0 wlp3s0: renamed from wlan0 (while UP)
[  610.405365] iwd[4615]: segfault at c ip 00007f7a0ee2ec00 sp 00007fff75985f68 error 4 in libc.so.6[a7c00,7f7a0edaf000+159000] likely on CPU 0 (core 0, socket 0)
[  610.405403] Code: f0 0f 11 07 0f 11 4c 17 f0 c3 83 fa 08 73 2b 83 fa 04 73 16 83 fa 01 7c 10 8a 0e 74 0a 0f b7 74 16 fe 66 89 74 17 fe 88 0f c3 <8b> 4c 16 fc 8b 36 89 4c 17 fc 89 37 c3 0f 1f 00 48 8b 4c 16 f8 48
[  610.470246] mt7921e 0000:03:00.0 wlp3s0: renamed from wlan0 (while UP)
[  611.474538] iwd[4621]: segfault at c ip 00007f93d6598c00 sp 00007ffc6eda8b08 error 4 in libc.so.6[a7c00,7f93d6519000+159000] likely on CPU 1 (core 1, socket 0)
[  611.474570] Code: f0 0f 11 07 0f 11 4c 17 f0 c3 83 fa 08 73 2b 83 fa 04 73 16 83 fa 01 7c 10 8a 0e 74 0a 0f b7 74 16 fe 66 89 74 17 fe 88 0f c3 <8b> 4c 16 fc 8b 36 89 4c 17 fc 89 37 c3 0f 1f 00 48 8b 4c 16 f8 48
[  611.543455] mt7921e 0000:03:00.0 wlp3s0: renamed from wlan0 (while UP)
[  612.550729] iwd[4629]: segfault at c ip 00007fce3253fc00 sp 00007fffd30c32c8 error 4 in libc.so.6[a7c00,7fce324c0000+159000] likely on CPU 0 (core 0, socket 0)
[  612.550774] Code: f0 0f 11 07 0f 11 4c 17 f0 c3 83 fa 08 73 2b 83 fa 04 73 16 83 fa 01 7c 10 8a 0e 74 0a 0f b7 74 16 fe 66 89 74 17 fe 88 0f c3 <8b> 4c 16 fc 8b 36 89 4c 17 fc 89 37 c3 0f 1f 00 48 8b 4c 16 f8 48
[  612.612807] mt7921e 0000:03:00.0 wlp3s0: renamed from wlan0 (while UP)
[  613.619495] iwd[4635]: segfault at c ip 00007fca93635c00 sp 00007ffcc0989728 error 4 in libc.so.6[a7c00,7fca935b6000+159000] likely on CPU 0 (core 0, socket 0)
[  613.619532] Code: f0 0f 11 07 0f 11 4c 17 f0 c3 83 fa 08 73 2b 83 fa 04 73 16 83 fa 01 7c 10 8a 0e 74 0a 0f b7 74 16 fe 66 89 74 17 fe 88 0f c3 <8b> 4c 16 fc 8b 36 89 4c 17 fc 89 37 c3 0f 1f 00 48 8b 4c 16 f8 48
[  613.682258] mt7921e 0000:03:00.0 wlp3s0: renamed from wlan0 (while UP)
[  614.694352] iwd[4641]: segfault at c ip 00007f09c1cfbc00 sp 00007ffe9c253ba8 error 4 in libc.so.6[a7c00,7f09c1c7c000+159000] likely on CPU 1 (core 1, socket 0)
[  614.694389] Code: f0 0f 11 07 0f 11 4c 17 f0 c3 83 fa 08 73 2b 83 fa 04 73 16 83 fa 01 7c 10 8a 0e 74 0a 0f b7 74 16 fe 66 89 74 17 fe 88 0f c3 <8b> 4c 16 fc 8b 36 89 4c 17 fc 89 37 c3 0f 1f 00 48 8b 4c 16 f8 48
[  614.756058] mt7921e 0000:03:00.0 wlp3s0: renamed from wlan0 (while UP)
[  615.762175] iwd[4647]: segfault at c ip 00007f24a9a1ac00 sp 00007fffdaa34348 error 4 in libc.so.6[a7c00,7f24a999b000+159000] likely on CPU 0 (core 0, socket 0)
[  615.762215] Code: f0 0f 11 07 0f 11 4c 17 f0 c3 83 fa 08 73 2b 83 fa 04 73 16 83 fa 01 7c 10 8a 0e 74 0a 0f b7 74 16 fe 66 89 74 17 fe 88 0f c3 <8b> 4c 16 fc 8b 36 89 4c 17 fc 89 37 c3 0f 1f 00 48 8b 4c 16 f8 48
[  615.802879] mt7921e 0000:03:00.0 wlp3s0: renamed from wlan0
[  616.836571] iwd[4653]: segfault at c ip 00007f2f7a354c00 sp 00007ffe56244ea8 error 4 in libc.so.6[a7c00,7f2f7a2d5000+159000] likely on CPU 0 (core 0, socket 0)
[  616.836604] Code: f0 0f 11 07 0f 11 4c 17 f0 c3 83 fa 08 73 2b 83 fa 04 73 16 83 fa 01 7c 10 8a 0e 74 0a 0f b7 74 16 fe 66 89 74 17 fe 88 0f c3 <8b> 4c 16 fc 8b 36 89 4c 17 fc 89 37 c3 0f 1f 00 48 8b 4c 16 f8 48
[  616.903078] mt7921e 0000:03:00.0 wlp3s0: renamed from wlan0 (while UP)
[  617.908010] iwd[4659]: segfault at c ip 00007f8233010c00 sp 00007ffd100be838 error 4 in libc.so.6[a7c00,7f8232f91000+159000] likely on CPU 0 (core 0, socket 0)
[  617.908042] Code: f0 0f 11 07 0f 11 4c 17 f0 c3 83 fa 08 73 2b 83 fa 04 73 16 83 fa 01 7c 10 8a 0e 74 0a 0f b7 74 16 fe 66 89 74 17 fe 88 0f c3 <8b> 4c 16 fc 8b 36 89 4c 17 fc 89 37 c3 0f 1f 00 48 8b 4c 16 f8 48
[  617.971132] mt7921e 0000:03:00.0 wlp3s0: renamed from wlan0 (while UP)
[  618.980208] iwd[4665]: segfault at c ip 00007f700106cc00 sp 00007ffc20b98e18 error 4 in libc.so.6[a7c00,7f7000fed000+159000] likely on CPU 0 (core 0, socket 0)
[  618.980246] Code: f0 0f 11 07 0f 11 4c 17 f0 c3 83 fa 08 73 2b 83 fa 04 73 16 83 fa 01 7c 10 8a 0e 74 0a 0f b7 74 16 fe 66 89 74 17 fe 88 0f c3 <8b> 4c 16 fc 8b 36 89 4c 17 fc 89 37 c3 0f 1f 00 48 8b 4c 16 f8 48
[  619.050318] mt7921e 0000:03:00.0 wlp3s0: renamed from wlan0 (while UP)
[  620.054616] iwd[4671]: segfault at c ip 00007fbb23043c00 sp 00007fff249eae58 error 4 in libc.so.6[a7c00,7fbb22fc4000+159000] likely on CPU 1 (core 1, socket 0)
[  620.054658] Code: f0 0f 11 07 0f 11 4c 17 f0 c3 83 fa 08 73 2b 83 fa 04 73 16 83 fa 01 7c 10 8a 0e 74 0a 0f b7 74 16 fe 66 89 74 17 fe 88 0f c3 <8b> 4c 16 fc 8b 36 89 4c 17 fc 89 37 c3 0f 1f 00 48 8b 4c 16 f8 48
[  620.119232] mt7921e 0000:03:00.0 wlp3s0: renamed from wlan0 (while UP)
[  621.127951] iwd[4677]: segfault at c ip 00007f8949d80c00 sp 00007ffc13f49908 error 4 in libc.so.6[a7c00,7f8949d01000+159000] likely on CPU 1 (core 1, socket 0)
[  621.127989] Code: f0 0f 11 07 0f 11 4c 17 f0 c3 83 fa 08 73 2b 83 fa 04 73 16 83 fa 01 7c 10 8a 0e 74 0a 0f b7 74 16 fe 66 89 74 17 fe 88 0f c3 <8b> 4c 16 fc 8b 36 89 4c 17 fc 89 37 c3 0f 1f 00 48 8b 4c 16 f8 48
[  621.210953] mt7921e 0000:03:00.0 wlp3s0: renamed from wlan0 (while UP)
[  622.224946] iwd[4683]: segfault at c ip 00007f81e962ec00 sp 00007fff56a4fb58 error 4 in libc.so.6[a7c00,7f81e95af000+159000] likely on CPU 0 (core 0, socket 0)
[  622.224986] Code: f0 0f 11 07 0f 11 4c 17 f0 c3 83 fa 08 73 2b 83 fa 04 73 16 83 fa 01 7c 10 8a 0e 74 0a 0f b7 74 16 fe 66 89 74 17 fe 88 0f c3 <8b> 4c 16 fc 8b 36 89 4c 17 fc 89 37 c3 0f 1f 00 48 8b 4c 16 f8 48
[  622.292624] mt7921e 0000:03:00.0 wlp3s0: renamed from wlan0 (while UP)
[  623.301638] iwd[4689]: segfault at c ip 00007f0138a0dc00 sp 00007ffd29fd8e58 error 4 in libc.so.6[a7c00,7f013898e000+159000] likely on CPU 0 (core 0, socket 0)
[  623.301670] Code: f0 0f 11 07 0f 11 4c 17 f0 c3 83 fa 08 73 2b 83 fa 04 73 16 83 fa 01 7c 10 8a 0e 74 0a 0f b7 74 16 fe 66 89 74 17 fe 88 0f c3 <8b> 4c 16 fc 8b 36 89 4c 17 fc 89 37 c3 0f 1f 00 48 8b 4c 16 f8 48
[  623.367319] mt7921e 0000:03:00.0 wlp3s0: renamed from wlan0 (while UP)
[  624.371666] iwd[4695]: segfault at c ip 00007ff3618aac00 sp 00007ffd93abbd48 error 4 in libc.so.6[a7c00,7ff36182b000+159000] likely on CPU 1 (core 1, socket 0)
[  624.371700] Code: f0 0f 11 07 0f 11 4c 17 f0 c3 83 fa 08 73 2b 83 fa 04 73 16 83 fa 01 7c 10 8a 0e 74 0a 0f b7 74 16 fe 66 89 74 17 fe 88 0f c3 <8b> 4c 16 fc 8b 36 89 4c 17 fc 89 37 c3 0f 1f 00 48 8b 4c 16 f8 48
[  624.442589] mt7921e 0000:03:00.0 wlp3s0: renamed from wlan0 (while UP)
[  625.449401] iwd[4701]: segfault at c ip 00007f1bf3783c00 sp 00007ffdfb587ba8 error 4 in libc.so.6[a7c00,7f1bf3704000+159000] likely on CPU 0 (core 0, socket 0)
[  625.449455] Code: f0 0f 11 07 0f 11 4c 17 f0 c3 83 fa 08 73 2b 83 fa 04 73 16 83 fa 01 7c 10 8a 0e 74 0a 0f b7 74 16 fe 66 89 74 17 fe 88 0f c3 <8b> 4c 16 fc 8b 36 89 4c 17 fc 89 37 c3 0f 1f 00 48 8b 4c 16 f8 48
[  625.504558] mt7921e 0000:03:00.0 wlp3s0: renamed from wlan0 (while UP)
[  626.511575] iwd[4707]: segfault at c ip 00007f0d0a4f6c00 sp 00007ffd063b99d8 error 4 in libc.so.6[a7c00,7f0d0a477000+159000] likely on CPU 1 (core 1, socket 0)
[  626.511608] Code: f0 0f 11 07 0f 11 4c 17 f0 c3 83 fa 08 73 2b 83 fa 04 73 16 83 fa 01 7c 10 8a 0e 74 0a 0f b7 74 16 fe 66 89 74 17 fe 88 0f c3 <8b> 4c 16 fc 8b 36 89 4c 17 fc 89 37 c3 0f 1f 00 48 8b 4c 16 f8 48
[  626.574944] mt7921e 0000:03:00.0 wlp3s0: renamed from wlan0 (while UP)
[  627.581865] iwd[4713]: segfault at c ip 00007fdba13f9c00 sp 00007ffd0a26bc48 error 4 in libc.so.6[a7c00,7fdba137a000+159000] likely on CPU 0 (core 0, socket 0)
[  627.581897] Code: f0 0f 11 07 0f 11 4c 17 f0 c3 83 fa 08 73 2b 83 fa 04 73 16 83 fa 01 7c 10 8a 0e 74 0a 0f b7 74 16 fe 66 89 74 17 fe 88 0f c3 <8b> 4c 16 fc 8b 36 89 4c 17 fc 89 37 c3 0f 1f 00 48 8b 4c 16 f8 48
[  627.643309] mt7921e 0000:03:00.0 wlp3s0: renamed from wlan0 (while UP)
[  628.652534] iwd[4721]: segfault at c ip 00007ff0329efc00 sp 00007ffde77efc98 error 4 in libc.so.6[a7c00,7ff032970000+159000] likely on CPU 0 (core 0, socket 0)
[  628.652566] Code: f0 0f 11 07 0f 11 4c 17 f0 c3 83 fa 08 73 2b 83 fa 04 73 16 83 fa 01 7c 10 8a 0e 74 0a 0f b7 74 16 fe 66 89 74 17 fe 88 0f c3 <8b> 4c 16 fc 8b 36 89 4c 17 fc 89 37 c3 0f 1f 00 48 8b 4c 16 f8 48
[  628.712039] mt7921e 0000:03:00.0 wlp3s0: renamed from wlan0 (while UP)
[  629.721276] iwd[4727]: segfault at c ip 00007ff673c63c00 sp 00007ffe2047ae58 error 4 in libc.so.6[a7c00,7ff673be4000+159000] likely on CPU 1 (core 1, socket 0)
[  629.721362] Code: f0 0f 11 07 0f 11 4c 17 f0 c3 83 fa 08 73 2b 83 fa 04 73 16 83 fa 01 7c 10 8a 0e 74 0a 0f b7 74 16 fe 66 89 74 17 fe 88 0f c3 <8b> 4c 16 fc 8b 36 89 4c 17 fc 89 37 c3 0f 1f 00 48 8b 4c 16 f8 48
[  629.783515] mt7921e 0000:03:00.0 wlp3s0: renamed from wlan0 (while UP)
[  630.790224] iwd[4733]: segfault at c ip 00007f4a419c8c00 sp 00007ffc6f6ba738 error 4 in libc.so.6[a7c00,7f4a41949000+159000] likely on CPU 1 (core 1, socket 0)
[  630.790261] Code: f0 0f 11 07 0f 11 4c 17 f0 c3 83 fa 08 73 2b 83 fa 04 73 16 83 fa 01 7c 10 8a 0e 74 0a 0f b7 74 16 fe 66 89 74 17 fe 88 0f c3 <8b> 4c 16 fc 8b 36 89 4c 17 fc 89 37 c3 0f 1f 00 48 8b 4c 16 f8 48
[  630.856742] mt7921e 0000:03:00.0 wlp3s0: renamed from wlan0 (while UP)
[  631.869633] iwd[4739]: segfault at c ip 00007fefd58b3c00 sp 00007ffc29538618 error 4 in libc.so.6[a7c00,7fefd5834000+159000] likely on CPU 1 (core 1, socket 0)
[  631.869667] Code: f0 0f 11 07 0f 11 4c 17 f0 c3 83 fa 08 73 2b 83 fa 04 73 16 83 fa 01 7c 10 8a 0e 74 0a 0f b7 74 16 fe 66 89 74 17 fe 88 0f c3 <8b> 4c 16 fc 8b 36 89 4c 17 fc 89 37 c3 0f 1f 00 48 8b 4c 16 f8 48
[  631.935604] mt7921e 0000:03:00.0 wlp3s0: renamed from wlan0 (while UP)
[  632.943929] iwd[4745]: segfault at c ip 00007f2564b00c00 sp 00007fff43e05ef8 error 4 in libc.so.6[a7c00,7f2564a81000+159000] likely on CPU 0 (core 0, socket 0)
[  632.943964] Code: f0 0f 11 07 0f 11 4c 17 f0 c3 83 fa 08 73 2b 83 fa 04 73 16 83 fa 01 7c 10 8a 0e 74 0a 0f b7 74 16 fe 66 89 74 17 fe 88 0f c3 <8b> 4c 16 fc 8b 36 89 4c 17 fc 89 37 c3 0f 1f 00 48 8b 4c 16 f8 48
[  633.004361] mt7921e 0000:03:00.0 wlp3s0: renamed from wlan0 (while UP)
[  634.008736] iwd[4751]: segfault at c ip 00007f79f0441c00 sp 00007ffca3de8288 error 4 in libc.so.6[a7c00,7f79f03c2000+159000] likely on CPU 1 (core 1, socket 0)
[  634.008770] Code: f0 0f 11 07 0f 11 4c 17 f0 c3 83 fa 08 73 2b 83 fa 04 73 16 83 fa 01 7c 10 8a 0e 74 0a 0f b7 74 16 fe 66 89 74 17 fe 88 0f c3 <8b> 4c 16 fc 8b 36 89 4c 17 fc 89 37 c3 0f 1f 00 48 8b 4c 16 f8 48
[  634.073579] mt7921e 0000:03:00.0 wlp3s0: renamed from wlan0 (while UP)
[  635.086198] iwd[4757]: segfault at c ip 00007f516c629c00 sp 00007ffd2d2116a8 error 4 in libc.so.6[a7c00,7f516c5aa000+159000] likely on CPU 1 (core 1, socket 0)
[  635.086239] Code: f0 0f 11 07 0f 11 4c 17 f0 c3 83 fa 08 73 2b 83 fa 04 73 16 83 fa 01 7c 10 8a 0e 74 0a 0f b7 74 16 fe 66 89 74 17 fe 88 0f c3 <8b> 4c 16 fc 8b 36 89 4c 17 fc 89 37 c3 0f 1f 00 48 8b 4c 16 f8 48
[  635.155237] mt7921e 0000:03:00.0 wlp3s0: renamed from wlan0 (while UP)
[  636.164365] iwd[4763]: segfault at c ip 00007fb725325c00 sp 00007ffe5c649368 error 4 in libc.so.6[a7c00,7fb7252a6000+159000] likely on CPU 1 (core 1, socket 0)
[  636.164402] Code: f0 0f 11 07 0f 11 4c 17 f0 c3 83 fa 08 73 2b 83 fa 04 73 16 83 fa 01 7c 10 8a 0e 74 0a 0f b7 74 16 fe 66 89 74 17 fe 88 0f c3 <8b> 4c 16 fc 8b 36 89 4c 17 fc 89 37 c3 0f 1f 00 48 8b 4c 16 f8 48
[  636.233186] mt7921e 0000:03:00.0 wlp3s0: renamed from wlan0 (while UP)
[  637.239226] iwd[4769]: segfault at c ip 00007efd01743c00 sp 00007ffee99a6bb8 error 4 in libc.so.6[a7c00,7efd016c4000+159000] likely on CPU 0 (core 0, socket 0)
[  637.239267] Code: f0 0f 11 07 0f 11 4c 17 f0 c3 83 fa 08 73 2b 83 fa 04 73 16 83 fa 01 7c 10 8a 0e 74 0a 0f b7 74 16 fe 66 89 74 17 fe 88 0f c3 <8b> 4c 16 fc 8b 36 89 4c 17 fc 89 37 c3 0f 1f 00 48 8b 4c 16 f8 48
[  637.305329] mt7921e 0000:03:00.0 wlp3s0: renamed from wlan0 (while UP)
[  638.312701] iwd[4775]: segfault at c ip 00007fdcd34c0c00 sp 00007fffab69ad58 error 4 in libc.so.6[a7c00,7fdcd3441000+159000] likely on CPU 1 (core 1, socket 0)
[  638.312738] Code: f0 0f 11 07 0f 11 4c 17 f0 c3 83 fa 08 73 2b 83 fa 04 73 16 83 fa 01 7c 10 8a 0e 74 0a 0f b7 74 16 fe 66 89 74 17 fe 88 0f c3 <8b> 4c 16 fc 8b 36 89 4c 17 fc 89 37 c3 0f 1f 00 48 8b 4c 16 f8 48
[  638.376651] mt7921e 0000:03:00.0 wlp3s0: renamed from wlan0 (while UP)
[  639.382218] iwd[4781]: segfault at c ip 00007f943da2dc00 sp 00007ffcfcbc84c8 error 4 in libc.so.6[a7c00,7f943d9ae000+159000] likely on CPU 0 (core 0, socket 0)
[  639.382250] Code: f0 0f 11 07 0f 11 4c 17 f0 c3 83 fa 08 73 2b 83 fa 04 73 16 83 fa 01 7c 10 8a 0e 74 0a 0f b7 74 16 fe 66 89 74 17 fe 88 0f c3 <8b> 4c 16 fc 8b 36 89 4c 17 fc 89 37 c3 0f 1f 00 48 8b 4c 16 f8 48
[  639.442541] mt7921e 0000:03:00.0 wlp3s0: renamed from wlan0 (while UP)
[  640.451373] iwd[4789]: segfault at c ip 00007f743c3a0c00 sp 00007ffe35c2a6a8 error 4 in libc.so.6[a7c00,7f743c321000+159000] likely on CPU 0 (core 0, socket 0)
[  640.451434] Code: f0 0f 11 07 0f 11 4c 17 f0 c3 83 fa 08 73 2b 83 fa 04 73 16 83 fa 01 7c 10 8a 0e 74 0a 0f b7 74 16 fe 66 89 74 17 fe 88 0f c3 <8b> 4c 16 fc 8b 36 89 4c 17 fc 89 37 c3 0f 1f 00 48 8b 4c 16 f8 48
[  640.518532] mt7921e 0000:03:00.0 wlp3s0: renamed from wlan0 (while UP)
[  641.524554] iwd[4795]: segfault at c ip 00007f538a86ac00 sp 00007ffe9d0f8de8 error 4 in libc.so.6[a7c00,7f538a7eb000+159000] likely on CPU 1 (core 1, socket 0)
[  641.524611] Code: f0 0f 11 07 0f 11 4c 17 f0 c3 83 fa 08 73 2b 83 fa 04 73 16 83 fa 01 7c 10 8a 0e 74 0a 0f b7 74 16 fe 66 89 74 17 fe 88 0f c3 <8b> 4c 16 fc 8b 36 89 4c 17 fc 89 37 c3 0f 1f 00 48 8b 4c 16 f8 48
[  641.566513] mt7921e 0000:03:00.0 wlp3s0: renamed from wlan0
[  642.605659] iwd[4803]: segfault at c ip 00007f5eb6bf2c00 sp 00007fffe8fc8928 error 4 in libc.so.6[a7c00,7f5eb6b73000+159000] likely on CPU 1 (core 1, socket 0)
[  642.605691] Code: f0 0f 11 07 0f 11 4c 17 f0 c3 83 fa 08 73 2b 83 fa 04 73 16 83 fa 01 7c 10 8a 0e 74 0a 0f b7 74 16 fe 66 89 74 17 fe 88 0f c3 <8b> 4c 16 fc 8b 36 89 4c 17 fc 89 37 c3 0f 1f 00 48 8b 4c 16 f8 48
[  642.673180] mt7921e 0000:03:00.0 wlp3s0: renamed from wlan0 (while UP)
[  643.679527] iwd[4809]: segfault at c ip 00007f21e2c72c00 sp 00007ffed0e44ce8 error 4 in libc.so.6[a7c00,7f21e2bf3000+159000] likely on CPU 0 (core 0, socket 0)
[  643.679568] Code: f0 0f 11 07 0f 11 4c 17 f0 c3 83 fa 08 73 2b 83 fa 04 73 16 83 fa 01 7c 10 8a 0e 74 0a 0f b7 74 16 fe 66 89 74 17 fe 88 0f c3 <8b> 4c 16 fc 8b 36 89 4c 17 fc 89 37 c3 0f 1f 00 48 8b 4c 16 f8 48
[  643.742890] mt7921e 0000:03:00.0 wlp3s0: renamed from wlan0 (while UP)
[  644.751234] iwd[4815]: segfault at c ip 00007f52d9d20c00 sp 00007ffebc91dea8 error 4 in libc.so.6[a7c00,7f52d9ca1000+159000] likely on CPU 0 (core 0, socket 0)
[  644.751278] Code: f0 0f 11 07 0f 11 4c 17 f0 c3 83 fa 08 73 2b 83 fa 04 73 16 83 fa 01 7c 10 8a 0e 74 0a 0f b7 74 16 fe 66 89 74 17 fe 88 0f c3 <8b> 4c 16 fc 8b 36 89 4c 17 fc 89 37 c3 0f 1f 00 48 8b 4c 16 f8 48
[  644.816072] mt7921e 0000:03:00.0 wlp3s0: renamed from wlan0 (while UP)
[  645.821344] iwd[4821]: segfault at c ip 00007fb1173b2c00 sp 00007ffc33dd71a8 error 4 in libc.so.6[a7c00,7fb117333000+159000] likely on CPU 0 (core 0, socket 0)
[  645.821384] Code: f0 0f 11 07 0f 11 4c 17 f0 c3 83 fa 08 73 2b 83 fa 04 73 16 83 fa 01 7c 10 8a 0e 74 0a 0f b7 74 16 fe 66 89 74 17 fe 88 0f c3 <8b> 4c 16 fc 8b 36 89 4c 17 fc 89 37 c3 0f 1f 00 48 8b 4c 16 f8 48
[  645.882758] mt7921e 0000:03:00.0 wlp3s0: renamed from wlan0 (while UP)
[  646.889357] iwd[4827]: segfault at c ip 00007f26d86b8c00 sp 00007ffffcb81768 error 4 in libc.so.6[a7c00,7f26d8639000+159000] likely on CPU 1 (core 1, socket 0)
[  646.889394] Code: f0 0f 11 07 0f 11 4c 17 f0 c3 83 fa 08 73 2b 83 fa 04 73 16 83 fa 01 7c 10 8a 0e 74 0a 0f b7 74 16 fe 66 89 74 17 fe 88 0f c3 <8b> 4c 16 fc 8b 36 89 4c 17 fc 89 37 c3 0f 1f 00 48 8b 4c 16 f8 48
[  646.951568] mt7921e 0000:03:00.0 wlp3s0: renamed from wlan0 (while UP)
[  647.957586] iwd[4833]: segfault at c ip 00007fa816ef8c00 sp 00007fffbf0be3e8 error 4 in libc.so.6[a7c00,7fa816e79000+159000] likely on CPU 1 (core 1, socket 0)
[  647.957624] Code: f0 0f 11 07 0f 11 4c 17 f0 c3 83 fa 08 73 2b 83 fa 04 73 16 83 fa 01 7c 10 8a 0e 74 0a 0f b7 74 16 fe 66 89 74 17 fe 88 0f c3 <8b> 4c 16 fc 8b 36 89 4c 17 fc 89 37 c3 0f 1f 00 48 8b 4c 16 f8 48
[  648.020157] mt7921e 0000:03:00.0 wlp3s0: renamed from wlan0 (while UP)
[  649.025620] iwd[4839]: segfault at c ip 00007f9ec6fbbc00 sp 00007ffc5f54a7b8 error 4 in libc.so.6[a7c00,7f9ec6f3c000+159000] likely on CPU 1 (core 1, socket 0)
[  649.025652] Code: f0 0f 11 07 0f 11 4c 17 f0 c3 83 fa 08 73 2b 83 fa 04 73 16 83 fa 01 7c 10 8a 0e 74 0a 0f b7 74 16 fe 66 89 74 17 fe 88 0f c3 <8b> 4c 16 fc 8b 36 89 4c 17 fc 89 37 c3 0f 1f 00 48 8b 4c 16 f8 48
[  649.060053] mt7921e 0000:03:00.0 wlp3s0: renamed from wlan0
[  650.097376] iwd[4845]: segfault at c ip 00007ff40c870c00 sp 00007ffc1dcf9ca8 error 4 in libc.so.6[a7c00,7ff40c7f1000+159000] likely on CPU 0 (core 0, socket 0)
[  650.097413] Code: f0 0f 11 07 0f 11 4c 17 f0 c3 83 fa 08 73 2b 83 fa 04 73 16 83 fa 01 7c 10 8a 0e 74 0a 0f b7 74 16 fe 66 89 74 17 fe 88 0f c3 <8b> 4c 16 fc 8b 36 89 4c 17 fc 89 37 c3 0f 1f 00 48 8b 4c 16 f8 48
[  650.160209] mt7921e 0000:03:00.0 wlp3s0: renamed from wlan0 (while UP)
[  651.183261] iwd[4851]: segfault at c ip 00007f7c7c2a2c00 sp 00007ffde396b218 error 4 in libc.so.6[a7c00,7f7c7c223000+159000] likely on CPU 0 (core 0, socket 0)
[  651.183323] Code: f0 0f 11 07 0f 11 4c 17 f0 c3 83 fa 08 73 2b 83 fa 04 73 16 83 fa 01 7c 10 8a 0e 74 0a 0f b7 74 16 fe 66 89 74 17 fe 88 0f c3 <8b> 4c 16 fc 8b 36 89 4c 17 fc 89 37 c3 0f 1f 00 48 8b 4c 16 f8 48
[  651.253308] mt7921e 0000:03:00.0 wlp3s0: renamed from wlan0 (while UP)
[  652.262113] iwd[4857]: segfault at c ip 00007f028e3b6c00 sp 00007ffc775d94a8 error 4 in libc.so.6[a7c00,7f028e337000+159000] likely on CPU 1 (core 1, socket 0)
[  652.262146] Code: f0 0f 11 07 0f 11 4c 17 f0 c3 83 fa 08 73 2b 83 fa 04 73 16 83 fa 01 7c 10 8a 0e 74 0a 0f b7 74 16 fe 66 89 74 17 fe 88 0f c3 <8b> 4c 16 fc 8b 36 89 4c 17 fc 89 37 c3 0f 1f 00 48 8b 4c 16 f8 48
[  652.331539] mt7921e 0000:03:00.0 wlp3s0: renamed from wlan0 (while UP)
[  653.338212] iwd[4863]: segfault at c ip 00007f7629e8cc00 sp 00007ffdc089dc28 error 4 in libc.so.6[a7c00,7f7629e0d000+159000] likely on CPU 1 (core 1, socket 0)
[  653.338252] Code: f0 0f 11 07 0f 11 4c 17 f0 c3 83 fa 08 73 2b 83 fa 04 73 16 83 fa 01 7c 10 8a 0e 74 0a 0f b7 74 16 fe 66 89 74 17 fe 88 0f c3 <8b> 4c 16 fc 8b 36 89 4c 17 fc 89 37 c3 0f 1f 00 48 8b 4c 16 f8 48
[  653.412193] mt7921e 0000:03:00.0 wlp3s0: renamed from wlan0 (while UP)
[  654.421202] iwd[4869]: segfault at c ip 00007ff3fa0a0c00 sp 00007ffc7209e8c8 error 4 in libc.so.6[a7c00,7ff3fa021000+159000] likely on CPU 0 (core 0, socket 0)
[  654.421243] Code: f0 0f 11 07 0f 11 4c 17 f0 c3 83 fa 08 73 2b 83 fa 04 73 16 83 fa 01 7c 10 8a 0e 74 0a 0f b7 74 16 fe 66 89 74 17 fe 88 0f c3 <8b> 4c 16 fc 8b 36 89 4c 17 fc 89 37 c3 0f 1f 00 48 8b 4c 16 f8 48
[  654.487399] mt7921e 0000:03:00.0 wlp3s0: renamed from wlan0 (while UP)
[  655.495819] iwd[4875]: segfault at c ip 00007f283dfe5c00 sp 00007ffc8b94a048 error 4 in libc.so.6[a7c00,7f283df66000+159000] likely on CPU 0 (core 0, socket 0)
[  655.495857] Code: f0 0f 11 07 0f 11 4c 17 f0 c3 83 fa 08 73 2b 83 fa 04 73 16 83 fa 01 7c 10 8a 0e 74 0a 0f b7 74 16 fe 66 89 74 17 fe 88 0f c3 <8b> 4c 16 fc 8b 36 89 4c 17 fc 89 37 c3 0f 1f 00 48 8b 4c 16 f8 48
[  655.560317] mt7921e 0000:03:00.0 wlp3s0: renamed from wlan0 (while UP)
[  656.564623] iwd[4881]: segfault at c ip 00007f3416e8ac00 sp 00007ffec91dd7e8 error 4 in libc.so.6[a7c00,7f3416e0b000+159000] likely on CPU 1 (core 1, socket 0)
[  656.564660] Code: f0 0f 11 07 0f 11 4c 17 f0 c3 83 fa 08 73 2b 83 fa 04 73 16 83 fa 01 7c 10 8a 0e 74 0a 0f b7 74 16 fe 66 89 74 17 fe 88 0f c3 <8b> 4c 16 fc 8b 36 89 4c 17 fc 89 37 c3 0f 1f 00 48 8b 4c 16 f8 48
[  656.630326] mt7921e 0000:03:00.0 wlp3s0: renamed from wlan0 (while UP)
[  657.634877] iwd[4887]: segfault at c ip 00007f3eb57eec00 sp 00007ffec2391338 error 4 in libc.so.6[a7c00,7f3eb576f000+159000] likely on CPU 0 (core 0, socket 0)
[  657.634913] Code: f0 0f 11 07 0f 11 4c 17 f0 c3 83 fa 08 73 2b 83 fa 04 73 16 83 fa 01 7c 10 8a 0e 74 0a 0f b7 74 16 fe 66 89 74 17 fe 88 0f c3 <8b> 4c 16 fc 8b 36 89 4c 17 fc 89 37 c3 0f 1f 00 48 8b 4c 16 f8 48
[  657.694726] mt7921e 0000:03:00.0 wlp3s0: renamed from wlan0 (while UP)
[  658.706366] iwd[4893]: segfault at c ip 00007fe894cd9c00 sp 00007ffd7b8123c8 error 4 in libc.so.6[a7c00,7fe894c5a000+159000] likely on CPU 0 (core 0, socket 0)
[  658.706405] Code: f0 0f 11 07 0f 11 4c 17 f0 c3 83 fa 08 73 2b 83 fa 04 73 16 83 fa 01 7c 10 8a 0e 74 0a 0f b7 74 16 fe 66 89 74 17 fe 88 0f c3 <8b> 4c 16 fc 8b 36 89 4c 17 fc 89 37 c3 0f 1f 00 48 8b 4c 16 f8 48
[  658.776684] mt7921e 0000:03:00.0 wlp3s0: renamed from wlan0 (while UP)
[  659.783262] iwd[4899]: segfault at c ip 00007fc527d30c00 sp 00007ffe843f1aa8 error 4 in libc.so.6[a7c00,7fc527cb1000+159000] likely on CPU 0 (core 0, socket 0)
[  659.783328] Code: f0 0f 11 07 0f 11 4c 17 f0 c3 83 fa 08 73 2b 83 fa 04 73 16 83 fa 01 7c 10 8a 0e 74 0a 0f b7 74 16 fe 66 89 74 17 fe 88 0f c3 <8b> 4c 16 fc 8b 36 89 4c 17 fc 89 37 c3 0f 1f 00 48 8b 4c 16 f8 48
[  659.853437] mt7921e 0000:03:00.0 wlp3s0: renamed from wlan0 (while UP)
[  660.858444] iwd[4905]: segfault at c ip 00007f77481ddc00 sp 00007ffe622036f8 error 4 in libc.so.6[a7c00,7f774815e000+159000] likely on CPU 0 (core 0, socket 0)
[  660.858481] Code: f0 0f 11 07 0f 11 4c 17 f0 c3 83 fa 08 73 2b 83 fa 04 73 16 83 fa 01 7c 10 8a 0e 74 0a 0f b7 74 16 fe 66 89 74 17 fe 88 0f c3 <8b> 4c 16 fc 8b 36 89 4c 17 fc 89 37 c3 0f 1f 00 48 8b 4c 16 f8 48
[  660.920555] mt7921e 0000:03:00.0 wlp3s0: renamed from wlan0 (while UP)
[  661.927600] iwd[4911]: segfault at c ip 00007f626a428c00 sp 00007ffee2a4c3c8 error 4 in libc.so.6[a7c00,7f626a3a9000+159000] likely on CPU 1 (core 1, socket 0)
[  661.927642] Code: f0 0f 11 07 0f 11 4c 17 f0 c3 83 fa 08 73 2b 83 fa 04 73 16 83 fa 01 7c 10 8a 0e 74 0a 0f b7 74 16 fe 66 89 74 17 fe 88 0f c3 <8b> 4c 16 fc 8b 36 89 4c 17 fc 89 37 c3 0f 1f 00 48 8b 4c 16 f8 48
[  662.000311] mt7921e 0000:03:00.0 wlp3s0: renamed from wlan0 (while UP)
[  663.016165] iwd[4917]: segfault at c ip 00007f7662b83c00 sp 00007fff0ffa0418 error 4 in libc.so.6[a7c00,7f7662b04000+159000] likely on CPU 0 (core 0, socket 0)
[  663.016198] Code: f0 0f 11 07 0f 11 4c 17 f0 c3 83 fa 08 73 2b 83 fa 04 73 16 83 fa 01 7c 10 8a 0e 74 0a 0f b7 74 16 fe 66 89 74 17 fe 88 0f c3 <8b> 4c 16 fc 8b 36 89 4c 17 fc 89 37 c3 0f 1f 00 48 8b 4c 16 f8 48
[  663.082443] mt7921e 0000:03:00.0 wlp3s0: renamed from wlan0 (while UP)
[  664.086545] iwd[4923]: segfault at c ip 00007fcc01440c00 sp 00007ffcb00ca5b8 error 4 in libc.so.6[a7c00,7fcc013c1000+159000] likely on CPU 0 (core 0, socket 0)
[  664.086579] Code: f0 0f 11 07 0f 11 4c 17 f0 c3 83 fa 08 73 2b 83 fa 04 73 16 83 fa 01 7c 10 8a 0e 74 0a 0f b7 74 16 fe 66 89 74 17 fe 88 0f c3 <8b> 4c 16 fc 8b 36 89 4c 17 fc 89 37 c3 0f 1f 00 48 8b 4c 16 f8 48
[  664.158546] mt7921e 0000:03:00.0 wlp3s0: renamed from wlan0 (while UP)
[  665.168225] iwd[4929]: segfault at c ip 00007f6080afcc00 sp 00007ffeb8710748 error 4 in libc.so.6[a7c00,7f6080a7d000+159000] likely on CPU 1 (core 1, socket 0)
[  665.168266] Code: f0 0f 11 07 0f 11 4c 17 f0 c3 83 fa 08 73 2b 83 fa 04 73 16 83 fa 01 7c 10 8a 0e 74 0a 0f b7 74 16 fe 66 89 74 17 fe 88 0f c3 <8b> 4c 16 fc 8b 36 89 4c 17 fc 89 37 c3 0f 1f 00 48 8b 4c 16 f8 48
[  665.229701] mt7921e 0000:03:00.0 wlp3s0: renamed from wlan0 (while UP)
[  666.238633] iwd[4935]: segfault at c ip 00007fad1f2a1c00 sp 00007ffde138fc98 error 4 in libc.so.6[a7c00,7fad1f222000+159000] likely on CPU 1 (core 1, socket 0)
[  666.238671] Code: f0 0f 11 07 0f 11 4c 17 f0 c3 83 fa 08 73 2b 83 fa 04 73 16 83 fa 01 7c 10 8a 0e 74 0a 0f b7 74 16 fe 66 89 74 17 fe 88 0f c3 <8b> 4c 16 fc 8b 36 89 4c 17 fc 89 37 c3 0f 1f 00 48 8b 4c 16 f8 48
[  666.305186] mt7921e 0000:03:00.0 wlp3s0: renamed from wlan0 (while UP)
[  667.312061] iwd[4941]: segfault at c ip 00007f493fbb7c00 sp 00007fff16274078 error 4 in libc.so.6[a7c00,7f493fb38000+159000] likely on CPU 0 (core 0, socket 0)
[  667.312098] Code: f0 0f 11 07 0f 11 4c 17 f0 c3 83 fa 08 73 2b 83 fa 04 73 16 83 fa 01 7c 10 8a 0e 74 0a 0f b7 74 16 fe 66 89 74 17 fe 88 0f c3 <8b> 4c 16 fc 8b 36 89 4c 17 fc 89 37 c3 0f 1f 00 48 8b 4c 16 f8 48
[  667.357845] mt7921e 0000:03:00.0 wlp3s0: renamed from wlan0
[  668.390785] iwd[4947]: segfault at c ip 00007f71f8b01c00 sp 00007ffe813d4ba8 error 4 in libc.so.6[a7c00,7f71f8a82000+159000] likely on CPU 0 (core 0, socket 0)
[  668.390817] Code: f0 0f 11 07 0f 11 4c 17 f0 c3 83 fa 08 73 2b 83 fa 04 73 16 83 fa 01 7c 10 8a 0e 74 0a 0f b7 74 16 fe 66 89 74 17 fe 88 0f c3 <8b> 4c 16 fc 8b 36 89 4c 17 fc 89 37 c3 0f 1f 00 48 8b 4c 16 f8 48
[  668.457064] mt7921e 0000:03:00.0 wlp3s0: renamed from wlan0 (while UP)
[  669.465077] iwd[4953]: segfault at c ip 00007f40619b4c00 sp 00007ffd7520dee8 error 4 in libc.so.6[a7c00,7f4061935000+159000] likely on CPU 0 (core 0, socket 0)
[  669.465109] Code: f0 0f 11 07 0f 11 4c 17 f0 c3 83 fa 08 73 2b 83 fa 04 73 16 83 fa 01 7c 10 8a 0e 74 0a 0f b7 74 16 fe 66 89 74 17 fe 88 0f c3 <8b> 4c 16 fc 8b 36 89 4c 17 fc 89 37 c3 0f 1f 00 48 8b 4c 16 f8 48
[  669.530775] mt7921e 0000:03:00.0 wlp3s0: renamed from wlan0 (while UP)
[  670.537530] iwd[4961]: segfault at c ip 00007ff22ec1cc00 sp 00007fffe7d9c328 error 4 in libc.so.6[a7c00,7ff22eb9d000+159000] likely on CPU 0 (core 0, socket 0)
[  670.537565] Code: f0 0f 11 07 0f 11 4c 17 f0 c3 83 fa 08 73 2b 83 fa 04 73 16 83 fa 01 7c 10 8a 0e 74 0a 0f b7 74 16 fe 66 89 74 17 fe 88 0f c3 <8b> 4c 16 fc 8b 36 89 4c 17 fc 89 37 c3 0f 1f 00 48 8b 4c 16 f8 48
[  670.599812] mt7921e 0000:03:00.0 wlp3s0: renamed from wlan0 (while UP)
[  671.603498] iwd[4968]: segfault at c ip 00007fe43b3fcc00 sp 00007ffcecdfe0c8 error 4 in libc.so.6[a7c00,7fe43b37d000+159000] likely on CPU 1 (core 1, socket 0)
[  671.603533] Code: f0 0f 11 07 0f 11 4c 17 f0 c3 83 fa 08 73 2b 83 fa 04 73 16 83 fa 01 7c 10 8a 0e 74 0a 0f b7 74 16 fe 66 89 74 17 fe 88 0f c3 <8b> 4c 16 fc 8b 36 89 4c 17 fc 89 37 c3 0f 1f 00 48 8b 4c 16 f8 48
[  671.677363] mt7921e 0000:03:00.0 wlp3s0: renamed from wlan0 (while UP)
[  672.685157] iwd[4974]: segfault at c ip 00007f0f21509c00 sp 00007ffcf9769558 error 4 in libc.so.6[a7c00,7f0f2148a000+159000] likely on CPU 1 (core 1, socket 0)
[  672.685202] Code: f0 0f 11 07 0f 11 4c 17 f0 c3 83 fa 08 73 2b 83 fa 04 73 16 83 fa 01 7c 10 8a 0e 74 0a 0f b7 74 16 fe 66 89 74 17 fe 88 0f c3 <8b> 4c 16 fc 8b 36 89 4c 17 fc 89 37 c3 0f 1f 00 48 8b 4c 16 f8 48
[  672.749307] mt7921e 0000:03:00.0 wlp3s0: renamed from wlan0 (while UP)
[  673.753145] iwd[4980]: segfault at c ip 00007fc12113ac00 sp 00007ffc2cba1ce8 error 4 in libc.so.6[a7c00,7fc1210bb000+159000] likely on CPU 0 (core 0, socket 0)
[  673.753177] Code: f0 0f 11 07 0f 11 4c 17 f0 c3 83 fa 08 73 2b 83 fa 04 73 16 83 fa 01 7c 10 8a 0e 74 0a 0f b7 74 16 fe 66 89 74 17 fe 88 0f c3 <8b> 4c 16 fc 8b 36 89 4c 17 fc 89 37 c3 0f 1f 00 48 8b 4c 16 f8 48
[  673.814211] mt7921e 0000:03:00.0 wlp3s0: renamed from wlan0 (while UP)
[  674.821362] iwd[4988]: segfault at c ip 00007f7b9c0c1c00 sp 00007fff3857f248 error 4 in libc.so.6[a7c00,7f7b9c042000+159000] likely on CPU 0 (core 0, socket 0)
[  674.821398] Code: f0 0f 11 07 0f 11 4c 17 f0 c3 83 fa 08 73 2b 83 fa 04 73 16 83 fa 01 7c 10 8a 0e 74 0a 0f b7 74 16 fe 66 89 74 17 fe 88 0f c3 <8b> 4c 16 fc 8b 36 89 4c 17 fc 89 37 c3 0f 1f 00 48 8b 4c 16 f8 48
[  674.892876] mt7921e 0000:03:00.0 wlp3s0: renamed from wlan0 (while UP)
[  675.908777] iwd[4994]: segfault at c ip 00007f16aa99ec00 sp 00007ffe82d32828 error 4 in libc.so.6[a7c00,7f16aa91f000+159000] likely on CPU 0 (core 0, socket 0)
[  675.908815] Code: f0 0f 11 07 0f 11 4c 17 f0 c3 83 fa 08 73 2b 83 fa 04 73 16 83 fa 01 7c 10 8a 0e 74 0a 0f b7 74 16 fe 66 89 74 17 fe 88 0f c3 <8b> 4c 16 fc 8b 36 89 4c 17 fc 89 37 c3 0f 1f 00 48 8b 4c 16 f8 48
[  675.975058] mt7921e 0000:03:00.0 wlp3s0: renamed from wlan0 (while UP)
[  676.991094] iwd[5000]: segfault at c ip 00007f47097cdc00 sp 00007ffe920ac4d8 error 4 in libc.so.6[a7c00,7f470974e000+159000] likely on CPU 1 (core 1, socket 0)
[  676.991131] Code: f0 0f 11 07 0f 11 4c 17 f0 c3 83 fa 08 73 2b 83 fa 04 73 16 83 fa 01 7c 10 8a 0e 74 0a 0f b7 74 16 fe 66 89 74 17 fe 88 0f c3 <8b> 4c 16 fc 8b 36 89 4c 17 fc 89 37 c3 0f 1f 00 48 8b 4c 16 f8 48
[  677.054311] mt7921e 0000:03:00.0 wlp3s0: renamed from wlan0 (while UP)
[  678.057868] iwd[5006]: segfault at c ip 00007f6da5f51c00 sp 00007fff8a3fabf8 error 4 in libc.so.6[a7c00,7f6da5ed2000+159000] likely on CPU 0 (core 0, socket 0)
[  678.057902] Code: f0 0f 11 07 0f 11 4c 17 f0 c3 83 fa 08 73 2b 83 fa 04 73 16 83 fa 01 7c 10 8a 0e 74 0a 0f b7 74 16 fe 66 89 74 17 fe 88 0f c3 <8b> 4c 16 fc 8b 36 89 4c 17 fc 89 37 c3 0f 1f 00 48 8b 4c 16 f8 48
[  678.127535] mt7921e 0000:03:00.0 wlp3s0: renamed from wlan0 (while UP)
[  679.141539] iwd[5012]: segfault at c ip 00007fb1e5647c00 sp 00007ffd8d5846f8 error 4 in libc.so.6[a7c00,7fb1e55c8000+159000] likely on CPU 0 (core 0, socket 0)
[  679.141577] Code: f0 0f 11 07 0f 11 4c 17 f0 c3 83 fa 08 73 2b 83 fa 04 73 16 83 fa 01 7c 10 8a 0e 74 0a 0f b7 74 16 fe 66 89 74 17 fe 88 0f c3 <8b> 4c 16 fc 8b 36 89 4c 17 fc 89 37 c3 0f 1f 00 48 8b 4c 16 f8 48
[  679.202738] mt7921e 0000:03:00.0 wlp3s0: renamed from wlan0 (while UP)
[  680.220341] iwd[5018]: segfault at c ip 00007f2aa0915c00 sp 00007ffe15c2d8b8 error 4 in libc.so.6[a7c00,7f2aa0896000+159000] likely on CPU 0 (core 0, socket 0)
[  680.220378] Code: f0 0f 11 07 0f 11 4c 17 f0 c3 83 fa 08 73 2b 83 fa 04 73 16 83 fa 01 7c 10 8a 0e 74 0a 0f b7 74 16 fe 66 89 74 17 fe 88 0f c3 <8b> 4c 16 fc 8b 36 89 4c 17 fc 89 37 c3 0f 1f 00 48 8b 4c 16 f8 48
[  680.289337] mt7921e 0000:03:00.0 wlp3s0: renamed from wlan0 (while UP)
[  681.294544] iwd[5024]: segfault at c ip 00007fb0160b2c00 sp 00007ffc6899b728 error 4 in libc.so.6[a7c00,7fb016033000+159000] likely on CPU 0 (core 0, socket 0)
[  681.294588] Code: f0 0f 11 07 0f 11 4c 17 f0 c3 83 fa 08 73 2b 83 fa 04 73 16 83 fa 01 7c 10 8a 0e 74 0a 0f b7 74 16 fe 66 89 74 17 fe 88 0f c3 <8b> 4c 16 fc 8b 36 89 4c 17 fc 89 37 c3 0f 1f 00 48 8b 4c 16 f8 48
[  681.366320] mt7921e 0000:03:00.0 wlp3s0: renamed from wlan0 (while UP)
[  682.370640] iwd[5031]: segfault at c ip 00007f27506adc00 sp 00007ffd0a909148 error 4 in libc.so.6[a7c00,7f275062e000+159000] likely on CPU 0 (core 0, socket 0)
[  682.370673] Code: f0 0f 11 07 0f 11 4c 17 f0 c3 83 fa 08 73 2b 83 fa 04 73 16 83 fa 01 7c 10 8a 0e 74 0a 0f b7 74 16 fe 66 89 74 17 fe 88 0f c3 <8b> 4c 16 fc 8b 36 89 4c 17 fc 89 37 c3 0f 1f 00 48 8b 4c 16 f8 48
[  682.434873] mt7921e 0000:03:00.0 wlp3s0: renamed from wlan0 (while UP)
[  683.444977] iwd[5037]: segfault at c ip 00007f8bea3f3c00 sp 00007ffcccf69158 error 4 in libc.so.6[a7c00,7f8bea374000+159000] likely on CPU 0 (core 0, socket 0)
[  683.445011] Code: f0 0f 11 07 0f 11 4c 17 f0 c3 83 fa 08 73 2b 83 fa 04 73 16 83 fa 01 7c 10 8a 0e 74 0a 0f b7 74 16 fe 66 89 74 17 fe 88 0f c3 <8b> 4c 16 fc 8b 36 89 4c 17 fc 89 37 c3 0f 1f 00 48 8b 4c 16 f8 48
[  683.504281] mt7921e 0000:03:00.0 wlp3s0: renamed from wlan0 (while UP)
[  684.511100] iwd[5043]: segfault at c ip 00007f0c4629dc00 sp 00007fff5e042e28 error 4 in libc.so.6[a7c00,7f0c4621e000+159000] likely on CPU 1 (core 1, socket 0)
[  684.511134] Code: f0 0f 11 07 0f 11 4c 17 f0 c3 83 fa 08 73 2b 83 fa 04 73 16 83 fa 01 7c 10 8a 0e 74 0a 0f b7 74 16 fe 66 89 74 17 fe 88 0f c3 <8b> 4c 16 fc 8b 36 89 4c 17 fc 89 37 c3 0f 1f 00 48 8b 4c 16 f8 48
[  684.584045] mt7921e 0000:03:00.0 wlp3s0: renamed from wlan0 (while UP)
[  685.593946] iwd[5049]: segfault at c ip 00007f11e20cac00 sp 00007ffcefa66758 error 4 in libc.so.6[a7c00,7f11e204b000+159000] likely on CPU 1 (core 1, socket 0)
[  685.593991] Code: f0 0f 11 07 0f 11 4c 17 f0 c3 83 fa 08 73 2b 83 fa 04 73 16 83 fa 01 7c 10 8a 0e 74 0a 0f b7 74 16 fe 66 89 74 17 fe 88 0f c3 <8b> 4c 16 fc 8b 36 89 4c 17 fc 89 37 c3 0f 1f 00 48 8b 4c 16 f8 48
[  685.658104] mt7921e 0000:03:00.0 wlp3s0: renamed from wlan0 (while UP)
[  686.664586] iwd[5055]: segfault at c ip 00007f5c26316c00 sp 00007ffc4a9e33d8 error 4 in libc.so.6[a7c00,7f5c26297000+159000] likely on CPU 1 (core 1, socket 0)
[  686.664628] Code: f0 0f 11 07 0f 11 4c 17 f0 c3 83 fa 08 73 2b 83 fa 04 73 16 83 fa 01 7c 10 8a 0e 74 0a 0f b7 74 16 fe 66 89 74 17 fe 88 0f c3 <8b> 4c 16 fc 8b 36 89 4c 17 fc 89 37 c3 0f 1f 00 48 8b 4c 16 f8 48
[  686.728510] mt7921e 0000:03:00.0 wlp3s0: renamed from wlan0 (while UP)
[  687.739361] iwd[5061]: segfault at c ip 00007f2819fb3c00 sp 00007ffc630b5378 error 4 in libc.so.6[a7c00,7f2819f34000+159000] likely on CPU 1 (core 1, socket 0)
[  687.739399] Code: f0 0f 11 07 0f 11 4c 17 f0 c3 83 fa 08 73 2b 83 fa 04 73 16 83 fa 01 7c 10 8a 0e 74 0a 0f b7 74 16 fe 66 89 74 17 fe 88 0f c3 <8b> 4c 16 fc 8b 36 89 4c 17 fc 89 37 c3 0f 1f 00 48 8b 4c 16 f8 48
[  687.810929] mt7921e 0000:03:00.0 wlp3s0: renamed from wlan0 (while UP)
[  688.822047] iwd[5067]: segfault at c ip 00007feef82d5c00 sp 00007ffdea123de8 error 4 in libc.so.6[a7c00,7feef8256000+159000] likely on CPU 0 (core 0, socket 0)
[  688.822088] Code: f0 0f 11 07 0f 11 4c 17 f0 c3 83 fa 08 73 2b 83 fa 04 73 16 83 fa 01 7c 10 8a 0e 74 0a 0f b7 74 16 fe 66 89 74 17 fe 88 0f c3 <8b> 4c 16 fc 8b 36 89 4c 17 fc 89 37 c3 0f 1f 00 48 8b 4c 16 f8 48
[  688.893891] mt7921e 0000:03:00.0 wlp3s0: renamed from wlan0 (while UP)
[  689.900588] iwd[5073]: segfault at c ip 00007f6aa4130c00 sp 00007ffff96a6448 error 4 in libc.so.6[a7c00,7f6aa40b1000+159000] likely on CPU 1 (core 1, socket 0)
[  689.900633] Code: f0 0f 11 07 0f 11 4c 17 f0 c3 83 fa 08 73 2b 83 fa 04 73 16 83 fa 01 7c 10 8a 0e 74 0a 0f b7 74 16 fe 66 89 74 17 fe 88 0f c3 <8b> 4c 16 fc 8b 36 89 4c 17 fc 89 37 c3 0f 1f 00 48 8b 4c 16 f8 48
[  689.962540] mt7921e 0000:03:00.0 wlp3s0: renamed from wlan0 (while UP)
[  690.972006] iwd[5079]: segfault at c ip 00007f7237119c00 sp 00007ffff8cc5648 error 4 in libc.so.6[a7c00,7f723709a000+159000] likely on CPU 0 (core 0, socket 0)
[  690.972041] Code: f0 0f 11 07 0f 11 4c 17 f0 c3 83 fa 08 73 2b 83 fa 04 73 16 83 fa 01 7c 10 8a 0e 74 0a 0f b7 74 16 fe 66 89 74 17 fe 88 0f c3 <8b> 4c 16 fc 8b 36 89 4c 17 fc 89 37 c3 0f 1f 00 48 8b 4c 16 f8 48
[  691.038323] mt7921e 0000:03:00.0 wlp3s0: renamed from wlan0 (while UP)
[  692.043412] iwd[5085]: segfault at c ip 00007fe653266c00 sp 00007ffe34be00a8 error 4 in libc.so.6[a7c00,7fe6531e7000+159000] likely on CPU 0 (core 0, socket 0)
[  692.043444] Code: f0 0f 11 07 0f 11 4c 17 f0 c3 83 fa 08 73 2b 83 fa 04 73 16 83 fa 01 7c 10 8a 0e 74 0a 0f b7 74 16 fe 66 89 74 17 fe 88 0f c3 <8b> 4c 16 fc 8b 36 89 4c 17 fc 89 37 c3 0f 1f 00 48 8b 4c 16 f8 48
[  692.108644] mt7921e 0000:03:00.0 wlp3s0: renamed from wlan0 (while UP)
[  693.117681] iwd[5093]: segfault at c ip 00007f061d538c00 sp 00007ffe79070d08 error 4 in libc.so.6[a7c00,7f061d4b9000+159000] likely on CPU 0 (core 0, socket 0)
[  693.117716] Code: f0 0f 11 07 0f 11 4c 17 f0 c3 83 fa 08 73 2b 83 fa 04 73 16 83 fa 01 7c 10 8a 0e 74 0a 0f b7 74 16 fe 66 89 74 17 fe 88 0f c3 <8b> 4c 16 fc 8b 36 89 4c 17 fc 89 37 c3 0f 1f 00 48 8b 4c 16 f8 48
[  693.182678] mt7921e 0000:03:00.0 wlp3s0: renamed from wlan0 (while UP)
[  694.190795] iwd[5099]: segfault at c ip 00007f5ce4d17c00 sp 00007fff1346a5d8 error 4 in libc.so.6[a7c00,7f5ce4c98000+159000] likely on CPU 0 (core 0, socket 0)
[  694.190833] Code: f0 0f 11 07 0f 11 4c 17 f0 c3 83 fa 08 73 2b 83 fa 04 73 16 83 fa 01 7c 10 8a 0e 74 0a 0f b7 74 16 fe 66 89 74 17 fe 88 0f c3 <8b> 4c 16 fc 8b 36 89 4c 17 fc 89 37 c3 0f 1f 00 48 8b 4c 16 f8 48
[  694.253574] mt7921e 0000:03:00.0 wlp3s0: renamed from wlan0 (while UP)
[  695.261680] iwd[5105]: segfault at c ip 00007f1a3ba9dc00 sp 00007ffefe8c05d8 error 4 in libc.so.6[a7c00,7f1a3ba1e000+159000] likely on CPU 0 (core 0, socket 0)
[  695.261713] Code: f0 0f 11 07 0f 11 4c 17 f0 c3 83 fa 08 73 2b 83 fa 04 73 16 83 fa 01 7c 10 8a 0e 74 0a 0f b7 74 16 fe 66 89 74 17 fe 88 0f c3 <8b> 4c 16 fc 8b 36 89 4c 17 fc 89 37 c3 0f 1f 00 48 8b 4c 16 f8 48
[  695.332020] mt7921e 0000:03:00.0 wlp3s0: renamed from wlan0 (while UP)
[  696.340835] iwd[5111]: segfault at c ip 00007fbcae716c00 sp 00007ffdffe3e238 error 4 in libc.so.6[a7c00,7fbcae697000+159000] likely on CPU 0 (core 0, socket 0)
[  696.340868] Code: f0 0f 11 07 0f 11 4c 17 f0 c3 83 fa 08 73 2b 83 fa 04 73 16 83 fa 01 7c 10 8a 0e 74 0a 0f b7 74 16 fe 66 89 74 17 fe 88 0f c3 <8b> 4c 16 fc 8b 36 89 4c 17 fc 89 37 c3 0f 1f 00 48 8b 4c 16 f8 48
[  696.405936] mt7921e 0000:03:00.0 wlp3s0: renamed from wlan0 (while UP)
[  697.410356] iwd[5119]: segfault at c ip 00007faafeccec00 sp 00007fff0d1c9018 error 4 in libc.so.6[a7c00,7faafec4f000+159000] likely on CPU 1 (core 1, socket 0)
[  697.410393] Code: f0 0f 11 07 0f 11 4c 17 f0 c3 83 fa 08 73 2b 83 fa 04 73 16 83 fa 01 7c 10 8a 0e 74 0a 0f b7 74 16 fe 66 89 74 17 fe 88 0f c3 <8b> 4c 16 fc 8b 36 89 4c 17 fc 89 37 c3 0f 1f 00 48 8b 4c 16 f8 48
[  697.473328] mt7921e 0000:03:00.0 wlp3s0: renamed from wlan0 (while UP)
[  698.489545] iwd[5127]: segfault at c ip 00007f4e40d8ec00 sp 00007ffcb76e9da8 error 4 in libc.so.6[a7c00,7f4e40d0f000+159000] likely on CPU 0 (core 0, socket 0)
[  698.489580] Code: f0 0f 11 07 0f 11 4c 17 f0 c3 83 fa 08 73 2b 83 fa 04 73 16 83 fa 01 7c 10 8a 0e 74 0a 0f b7 74 16 fe 66 89 74 17 fe 88 0f c3 <8b> 4c 16 fc 8b 36 89 4c 17 fc 89 37 c3 0f 1f 00 48 8b 4c 16 f8 48
[  698.566488] mt7921e 0000:03:00.0 wlp3s0: renamed from wlan0 (while UP)
[  699.579594] iwd[5133]: segfault at c ip 00007fbef7e3fc00 sp 00007ffecb1940d8 error 4 in libc.so.6[a7c00,7fbef7dc0000+159000] likely on CPU 1 (core 1, socket 0)
[  699.579632] Code: f0 0f 11 07 0f 11 4c 17 f0 c3 83 fa 08 73 2b 83 fa 04 73 16 83 fa 01 7c 10 8a 0e 74 0a 0f b7 74 16 fe 66 89 74 17 fe 88 0f c3 <8b> 4c 16 fc 8b 36 89 4c 17 fc 89 37 c3 0f 1f 00 48 8b 4c 16 f8 48
[  699.655006] mt7921e 0000:03:00.0 wlp3s0: renamed from wlan0 (while UP)
[  700.661900] iwd[5139]: segfault at c ip 00007f54e872bc00 sp 00007ffe8f9cfc38 error 4 in libc.so.6[a7c00,7f54e86ac000+159000] likely on CPU 0 (core 0, socket 0)
[  700.661945] Code: f0 0f 11 07 0f 11 4c 17 f0 c3 83 fa 08 73 2b 83 fa 04 73 16 83 fa 01 7c 10 8a 0e 74 0a 0f b7 74 16 fe 66 89 74 17 fe 88 0f c3 <8b> 4c 16 fc 8b 36 89 4c 17 fc 89 37 c3 0f 1f 00 48 8b 4c 16 f8 48
[  700.722926] mt7921e 0000:03:00.0 wlp3s0: renamed from wlan0 (while UP)
[  701.739023] iwd[5145]: segfault at c ip 00007f0810e04c00 sp 00007ffd862ba9e8 error 4 in libc.so.6[a7c00,7f0810d85000+159000] likely on CPU 1 (core 1, socket 0)
[  701.739068] Code: f0 0f 11 07 0f 11 4c 17 f0 c3 83 fa 08 73 2b 83 fa 04 73 16 83 fa 01 7c 10 8a 0e 74 0a 0f b7 74 16 fe 66 89 74 17 fe 88 0f c3 <8b> 4c 16 fc 8b 36 89 4c 17 fc 89 37 c3 0f 1f 00 48 8b 4c 16 f8 48
[  701.803830] mt7921e 0000:03:00.0 wlp3s0: renamed from wlan0 (while UP)
[  702.813242] iwd[5151]: segfault at c ip 00007fa301dbcc00 sp 00007ffecff49318 error 4 in libc.so.6[a7c00,7fa301d3d000+159000] likely on CPU 1 (core 1, socket 0)
[  702.813283] Code: f0 0f 11 07 0f 11 4c 17 f0 c3 83 fa 08 73 2b 83 fa 04 73 16 83 fa 01 7c 10 8a 0e 74 0a 0f b7 74 16 fe 66 89 74 17 fe 88 0f c3 <8b> 4c 16 fc 8b 36 89 4c 17 fc 89 37 c3 0f 1f 00 48 8b 4c 16 f8 48
[  702.847907] mt7921e 0000:03:00.0 wlp3s0: renamed from wlan0
[  703.880802] iwd[5157]: segfault at c ip 00007f8d93b35c00 sp 00007ffcd1ce3b78 error 4 in libc.so.6[a7c00,7f8d93ab6000+159000] likely on CPU 1 (core 1, socket 0)
[  703.880834] Code: f0 0f 11 07 0f 11 4c 17 f0 c3 83 fa 08 73 2b 83 fa 04 73 16 83 fa 01 7c 10 8a 0e 74 0a 0f b7 74 16 fe 66 89 74 17 fe 88 0f c3 <8b> 4c 16 fc 8b 36 89 4c 17 fc 89 37 c3 0f 1f 00 48 8b 4c 16 f8 48
[  703.942120] mt7921e 0000:03:00.0 wlp3s0: renamed from wlan0 (while UP)
[  704.953568] iwd[5163]: segfault at c ip 00007fc8bf797c00 sp 00007fffedf3b338 error 4 in libc.so.6[a7c00,7fc8bf718000+159000] likely on CPU 0 (core 0, socket 0)
[  704.953603] Code: f0 0f 11 07 0f 11 4c 17 f0 c3 83 fa 08 73 2b 83 fa 04 73 16 83 fa 01 7c 10 8a 0e 74 0a 0f b7 74 16 fe 66 89 74 17 fe 88 0f c3 <8b> 4c 16 fc 8b 36 89 4c 17 fc 89 37 c3 0f 1f 00 48 8b 4c 16 f8 48
[  704.984189] mt7921e 0000:03:00.0 wlp3s0: renamed from wlan0
[  706.017948] iwd[5169]: segfault at c ip 00007f37a58ccc00 sp 00007ffe157b5dd8 error 4 in libc.so.6[a7c00,7f37a584d000+159000] likely on CPU 1 (core 1, socket 0)
[  706.017981] Code: f0 0f 11 07 0f 11 4c 17 f0 c3 83 fa 08 73 2b 83 fa 04 73 16 83 fa 01 7c 10 8a 0e 74 0a 0f b7 74 16 fe 66 89 74 17 fe 88 0f c3 <8b> 4c 16 fc 8b 36 89 4c 17 fc 89 37 c3 0f 1f 00 48 8b 4c 16 f8 48
[  706.081411] mt7921e 0000:03:00.0 wlp3s0: renamed from wlan0 (while UP)
[  707.087709] iwd[5175]: segfault at c ip 00007f1426b76c00 sp 00007ffd469c4098 error 4 in libc.so.6[a7c00,7f1426af7000+159000] likely on CPU 0 (core 0, socket 0)
[  707.087744] Code: f0 0f 11 07 0f 11 4c 17 f0 c3 83 fa 08 73 2b 83 fa 04 73 16 83 fa 01 7c 10 8a 0e 74 0a 0f b7 74 16 fe 66 89 74 17 fe 88 0f c3 <8b> 4c 16 fc 8b 36 89 4c 17 fc 89 37 c3 0f 1f 00 48 8b 4c 16 f8 48
[  707.150626] mt7921e 0000:03:00.0 wlp3s0: renamed from wlan0 (while UP)
[  708.156712] iwd[5181]: segfault at c ip 00007fb90eec9c00 sp 00007ffe7a3b91e8 error 4 in libc.so.6[a7c00,7fb90ee4a000+159000] likely on CPU 0 (core 0, socket 0)
[  708.156745] Code: f0 0f 11 07 0f 11 4c 17 f0 c3 83 fa 08 73 2b 83 fa 04 73 16 83 fa 01 7c 10 8a 0e 74 0a 0f b7 74 16 fe 66 89 74 17 fe 88 0f c3 <8b> 4c 16 fc 8b 36 89 4c 17 fc 89 37 c3 0f 1f 00 48 8b 4c 16 f8 48
[  708.231123] mt7921e 0000:03:00.0 wlp3s0: renamed from wlan0 (while UP)
[  709.237373] iwd[5187]: segfault at c ip 00007f051884dc00 sp 00007ffed883e4c8 error 4 in libc.so.6[a7c00,7f05187ce000+159000] likely on CPU 0 (core 0, socket 0)
[  709.237415] Code: f0 0f 11 07 0f 11 4c 17 f0 c3 83 fa 08 73 2b 83 fa 04 73 16 83 fa 01 7c 10 8a 0e 74 0a 0f b7 74 16 fe 66 89 74 17 fe 88 0f c3 <8b> 4c 16 fc 8b 36 89 4c 17 fc 89 37 c3 0f 1f 00 48 8b 4c 16 f8 48
[  709.305657] mt7921e 0000:03:00.0 wlp3s0: renamed from wlan0 (while UP)
[  710.311623] iwd[5193]: segfault at c ip 00007f414ea53c00 sp 00007ffcf9b95428 error 4 in libc.so.6[a7c00,7f414e9d4000+159000] likely on CPU 0 (core 0, socket 0)
[  710.311664] Code: f0 0f 11 07 0f 11 4c 17 f0 c3 83 fa 08 73 2b 83 fa 04 73 16 83 fa 01 7c 10 8a 0e 74 0a 0f b7 74 16 fe 66 89 74 17 fe 88 0f c3 <8b> 4c 16 fc 8b 36 89 4c 17 fc 89 37 c3 0f 1f 00 48 8b 4c 16 f8 48
[  710.379312] mt7921e 0000:03:00.0 wlp3s0: renamed from wlan0 (while UP)
[  711.383985] iwd[5199]: segfault at c ip 00007f07212d9c00 sp 00007ffd0745ed78 error 4 in libc.so.6[a7c00,7f072125a000+159000] likely on CPU 1 (core 1, socket 0)
[  711.384017] Code: f0 0f 11 07 0f 11 4c 17 f0 c3 83 fa 08 73 2b 83 fa 04 73 16 83 fa 01 7c 10 8a 0e 74 0a 0f b7 74 16 fe 66 89 74 17 fe 88 0f c3 <8b> 4c 16 fc 8b 36 89 4c 17 fc 89 37 c3 0f 1f 00 48 8b 4c 16 f8 48
[  711.448317] mt7921e 0000:03:00.0 wlp3s0: renamed from wlan0 (while UP)
[  712.451730] iwd[5205]: segfault at c ip 00007f7d6f354c00 sp 00007ffc249e4978 error 4 in libc.so.6[a7c00,7f7d6f2d5000+159000] likely on CPU 0 (core 0, socket 0)
[  712.451762] Code: f0 0f 11 07 0f 11 4c 17 f0 c3 83 fa 08 73 2b 83 fa 04 73 16 83 fa 01 7c 10 8a 0e 74 0a 0f b7 74 16 fe 66 89 74 17 fe 88 0f c3 <8b> 4c 16 fc 8b 36 89 4c 17 fc 89 37 c3 0f 1f 00 48 8b 4c 16 f8 48
[  712.519899] mt7921e 0000:03:00.0 wlp3s0: renamed from wlan0 (while UP)
[  713.539000] iwd[5213]: segfault at c ip 00007fc0af011c00 sp 00007ffd5a8a6778 error 4 in libc.so.6[a7c00,7fc0aef92000+159000] likely on CPU 0 (core 0, socket 0)
[  713.539039] Code: f0 0f 11 07 0f 11 4c 17 f0 c3 83 fa 08 73 2b 83 fa 04 73 16 83 fa 01 7c 10 8a 0e 74 0a 0f b7 74 16 fe 66 89 74 17 fe 88 0f c3 <8b> 4c 16 fc 8b 36 89 4c 17 fc 89 37 c3 0f 1f 00 48 8b 4c 16 f8 48
[  713.599427] mt7921e 0000:03:00.0 wlp3s0: renamed from wlan0 (while UP)
[  714.605349] iwd[5219]: segfault at c ip 00007f4e8de51c00 sp 00007fff13fc08d8 error 4 in libc.so.6[a7c00,7f4e8ddd2000+159000] likely on CPU 1 (core 1, socket 0)
[  714.605387] Code: f0 0f 11 07 0f 11 4c 17 f0 c3 83 fa 08 73 2b 83 fa 04 73 16 83 fa 01 7c 10 8a 0e 74 0a 0f b7 74 16 fe 66 89 74 17 fe 88 0f c3 <8b> 4c 16 fc 8b 36 89 4c 17 fc 89 37 c3 0f 1f 00 48 8b 4c 16 f8 48
[  714.664701] mt7921e 0000:03:00.0 wlp3s0: renamed from wlan0 (while UP)
[  715.671844] iwd[5225]: segfault at c ip 00007fde3b47bc00 sp 00007ffee7af2a28 error 4 in libc.so.6[a7c00,7fde3b3fc000+159000] likely on CPU 1 (core 1, socket 0)
[  715.671881] Code: f0 0f 11 07 0f 11 4c 17 f0 c3 83 fa 08 73 2b 83 fa 04 73 16 83 fa 01 7c 10 8a 0e 74 0a 0f b7 74 16 fe 66 89 74 17 fe 88 0f c3 <8b> 4c 16 fc 8b 36 89 4c 17 fc 89 37 c3 0f 1f 00 48 8b 4c 16 f8 48
[  715.733874] mt7921e 0000:03:00.0 wlp3s0: renamed from wlan0 (while UP)
[  716.742230] iwd[5231]: segfault at c ip 00007fa2b8faac00 sp 00007ffefa30a6d8 error 4 in libc.so.6[a7c00,7fa2b8f2b000+159000] likely on CPU 0 (core 0, socket 0)
[  716.742264] Code: f0 0f 11 07 0f 11 4c 17 f0 c3 83 fa 08 73 2b 83 fa 04 73 16 83 fa 01 7c 10 8a 0e 74 0a 0f b7 74 16 fe 66 89 74 17 fe 88 0f c3 <8b> 4c 16 fc 8b 36 89 4c 17 fc 89 37 c3 0f 1f 00 48 8b 4c 16 f8 48
[  716.809414] mt7921e 0000:03:00.0 wlp3s0: renamed from wlan0 (while UP)
[  717.815897] iwd[5237]: segfault at c ip 00007f3ef71d3c00 sp 00007ffdbb698f18 error 4 in libc.so.6[a7c00,7f3ef7154000+159000] likely on CPU 1 (core 1, socket 0)
[  717.815938] Code: f0 0f 11 07 0f 11 4c 17 f0 c3 83 fa 08 73 2b 83 fa 04 73 16 83 fa 01 7c 10 8a 0e 74 0a 0f b7 74 16 fe 66 89 74 17 fe 88 0f c3 <8b> 4c 16 fc 8b 36 89 4c 17 fc 89 37 c3 0f 1f 00 48 8b 4c 16 f8 48
[  717.889026] mt7921e 0000:03:00.0 wlp3s0: renamed from wlan0 (while UP)
[  718.895703] iwd[5243]: segfault at c ip 00007f12657c8c00 sp 00007ffd7100f748 error 4 in libc.so.6[a7c00,7f1265749000+159000] likely on CPU 0 (core 0, socket 0)
[  718.895748] Code: f0 0f 11 07 0f 11 4c 17 f0 c3 83 fa 08 73 2b 83 fa 04 73 16 83 fa 01 7c 10 8a 0e 74 0a 0f b7 74 16 fe 66 89 74 17 fe 88 0f c3 <8b> 4c 16 fc 8b 36 89 4c 17 fc 89 37 c3 0f 1f 00 48 8b 4c 16 f8 48
[  718.963987] mt7921e 0000:03:00.0 wlp3s0: renamed from wlan0 (while UP)
[  719.974698] iwd[5249]: segfault at c ip 00007f012c0e1c00 sp 00007ffc3f014f28 error 4 in libc.so.6[a7c00,7f012c062000+159000] likely on CPU 0 (core 0, socket 0)
[  719.974733] Code: f0 0f 11 07 0f 11 4c 17 f0 c3 83 fa 08 73 2b 83 fa 04 73 16 83 fa 01 7c 10 8a 0e 74 0a 0f b7 74 16 fe 66 89 74 17 fe 88 0f c3 <8b> 4c 16 fc 8b 36 89 4c 17 fc 89 37 c3 0f 1f 00 48 8b 4c 16 f8 48
[  720.012465] mt7921e 0000:03:00.0 wlp3s0: renamed from wlan0
[  721.049648] iwd[5255]: segfault at c ip 00007f75e0fc4c00 sp 00007ffe25ae1c68 error 4 in libc.so.6[a7c00,7f75e0f45000+159000] likely on CPU 1 (core 1, socket 0)
[  721.049681] Code: f0 0f 11 07 0f 11 4c 17 f0 c3 83 fa 08 73 2b 83 fa 04 73 16 83 fa 01 7c 10 8a 0e 74 0a 0f b7 74 16 fe 66 89 74 17 fe 88 0f c3 <8b> 4c 16 fc 8b 36 89 4c 17 fc 89 37 c3 0f 1f 00 48 8b 4c 16 f8 48
[  721.117683] mt7921e 0000:03:00.0 wlp3s0: renamed from wlan0 (while UP)
[  722.122684] iwd[5261]: segfault at c ip 00007f18055c5c00 sp 00007fffcf1e76a8 error 4 in libc.so.6[a7c00,7f1805546000+159000] likely on CPU 0 (core 0, socket 0)
[  722.122724] Code: f0 0f 11 07 0f 11 4c 17 f0 c3 83 fa 08 73 2b 83 fa 04 73 16 83 fa 01 7c 10 8a 0e 74 0a 0f b7 74 16 fe 66 89 74 17 fe 88 0f c3 <8b> 4c 16 fc 8b 36 89 4c 17 fc 89 37 c3 0f 1f 00 48 8b 4c 16 f8 48
[  722.188325] mt7921e 0000:03:00.0 wlp3s0: renamed from wlan0 (while UP)
[  723.193250] iwd[5267]: segfault at c ip 00007fa0b1b9fc00 sp 00007ffede5da408 error 4 in libc.so.6[a7c00,7fa0b1b20000+159000] likely on CPU 1 (core 1, socket 0)
[  723.193282] Code: f0 0f 11 07 0f 11 4c 17 f0 c3 83 fa 08 73 2b 83 fa 04 73 16 83 fa 01 7c 10 8a 0e 74 0a 0f b7 74 16 fe 66 89 74 17 fe 88 0f c3 <8b> 4c 16 fc 8b 36 89 4c 17 fc 89 37 c3 0f 1f 00 48 8b 4c 16 f8 48
[  723.266869] mt7921e 0000:03:00.0 wlp3s0: renamed from wlan0 (while UP)
[  724.272996] iwd[5273]: segfault at c ip 00007fdb84e42c00 sp 00007ffebb0a2ad8 error 4 in libc.so.6[a7c00,7fdb84dc3000+159000] likely on CPU 1 (core 1, socket 0)
[  724.273035] Code: f0 0f 11 07 0f 11 4c 17 f0 c3 83 fa 08 73 2b 83 fa 04 73 16 83 fa 01 7c 10 8a 0e 74 0a 0f b7 74 16 fe 66 89 74 17 fe 88 0f c3 <8b> 4c 16 fc 8b 36 89 4c 17 fc 89 37 c3 0f 1f 00 48 8b 4c 16 f8 48
[  724.346493] mt7921e 0000:03:00.0 wlp3s0: renamed from wlan0 (while UP)
[  725.351016] iwd[5279]: segfault at c ip 00007f0a27390c00 sp 00007ffc5413c008 error 4 in libc.so.6[a7c00,7f0a27311000+159000] likely on CPU 1 (core 1, socket 0)
[  725.351048] Code: f0 0f 11 07 0f 11 4c 17 f0 c3 83 fa 08 73 2b 83 fa 04 73 16 83 fa 01 7c 10 8a 0e 74 0a 0f b7 74 16 fe 66 89 74 17 fe 88 0f c3 <8b> 4c 16 fc 8b 36 89 4c 17 fc 89 37 c3 0f 1f 00 48 8b 4c 16 f8 48
[  725.417935] mt7921e 0000:03:00.0 wlp3s0: renamed from wlan0 (while UP)
[  726.422685] iwd[5285]: segfault at c ip 00007fcccb438c00 sp 00007ffd3ff7c0e8 error 4 in libc.so.6[a7c00,7fcccb3b9000+159000] likely on CPU 0 (core 0, socket 0)
[  726.422717] Code: f0 0f 11 07 0f 11 4c 17 f0 c3 83 fa 08 73 2b 83 fa 04 73 16 83 fa 01 7c 10 8a 0e 74 0a 0f b7 74 16 fe 66 89 74 17 fe 88 0f c3 <8b> 4c 16 fc 8b 36 89 4c 17 fc 89 37 c3 0f 1f 00 48 8b 4c 16 f8 48
[  726.487995] mt7921e 0000:03:00.0 wlp3s0: renamed from wlan0 (while UP)
[  727.505555] iwd[5293]: segfault at c ip 00007f835a676c00 sp 00007ffe8cce9658 error 4 in libc.so.6[a7c00,7f835a5f7000+159000] likely on CPU 0 (core 0, socket 0)
[  727.505588] Code: f0 0f 11 07 0f 11 4c 17 f0 c3 83 fa 08 73 2b 83 fa 04 73 16 83 fa 01 7c 10 8a 0e 74 0a 0f b7 74 16 fe 66 89 74 17 fe 88 0f c3 <8b> 4c 16 fc 8b 36 89 4c 17 fc 89 37 c3 0f 1f 00 48 8b 4c 16 f8 48
[  727.567090] mt7921e 0000:03:00.0 wlp3s0: renamed from wlan0 (while UP)
[  728.574277] iwd[5299]: segfault at c ip 00007f1beab66c00 sp 00007ffe98f57c38 error 4 in libc.so.6[a7c00,7f1beaae7000+159000] likely on CPU 1 (core 1, socket 0)
[  728.574362] Code: f0 0f 11 07 0f 11 4c 17 f0 c3 83 fa 08 73 2b 83 fa 04 73 16 83 fa 01 7c 10 8a 0e 74 0a 0f b7 74 16 fe 66 89 74 17 fe 88 0f c3 <8b> 4c 16 fc 8b 36 89 4c 17 fc 89 37 c3 0f 1f 00 48 8b 4c 16 f8 48
[  728.639088] mt7921e 0000:03:00.0 wlp3s0: renamed from wlan0 (while UP)
[  729.644647] iwd[5305]: segfault at c ip 00007f68111d8c00 sp 00007fffa77dabc8 error 4 in libc.so.6[a7c00,7f6811159000+159000] likely on CPU 1 (core 1, socket 0)
[  729.644684] Code: f0 0f 11 07 0f 11 4c 17 f0 c3 83 fa 08 73 2b 83 fa 04 73 16 83 fa 01 7c 10 8a 0e 74 0a 0f b7 74 16 fe 66 89 74 17 fe 88 0f c3 <8b> 4c 16 fc 8b 36 89 4c 17 fc 89 37 c3 0f 1f 00 48 8b 4c 16 f8 48
[  729.710338] mt7921e 0000:03:00.0 wlp3s0: renamed from wlan0 (while UP)
[  730.714891] iwd[5311]: segfault at c ip 00007ffb86344c00 sp 00007ffcee8ee748 error 4 in libc.so.6[a7c00,7ffb862c5000+159000] likely on CPU 0 (core 0, socket 0)
[  730.714929] Code: f0 0f 11 07 0f 11 4c 17 f0 c3 83 fa 08 73 2b 83 fa 04 73 16 83 fa 01 7c 10 8a 0e 74 0a 0f b7 74 16 fe 66 89 74 17 fe 88 0f c3 <8b> 4c 16 fc 8b 36 89 4c 17 fc 89 37 c3 0f 1f 00 48 8b 4c 16 f8 48
[  730.779282] mt7921e 0000:03:00.0 wlp3s0: renamed from wlan0 (while UP)
[  731.791014] iwd[5317]: segfault at c ip 00007f334f111c00 sp 00007fffb8cbf2a8 error 4 in libc.so.6[a7c00,7f334f092000+159000] likely on CPU 1 (core 1, socket 0)
[  731.791052] Code: f0 0f 11 07 0f 11 4c 17 f0 c3 83 fa 08 73 2b 83 fa 04 73 16 83 fa 01 7c 10 8a 0e 74 0a 0f b7 74 16 fe 66 89 74 17 fe 88 0f c3 <8b> 4c 16 fc 8b 36 89 4c 17 fc 89 37 c3 0f 1f 00 48 8b 4c 16 f8 48
[  731.856838] mt7921e 0000:03:00.0 wlp3s0: renamed from wlan0 (while UP)
[  732.869190] iwd[5323]: segfault at c ip 00007fb22be06c00 sp 00007ffee696c7a8 error 4 in libc.so.6[a7c00,7fb22bd87000+159000] likely on CPU 0 (core 0, socket 0)
[  732.869222] Code: f0 0f 11 07 0f 11 4c 17 f0 c3 83 fa 08 73 2b 83 fa 04 73 16 83 fa 01 7c 10 8a 0e 74 0a 0f b7 74 16 fe 66 89 74 17 fe 88 0f c3 <8b> 4c 16 fc 8b 36 89 4c 17 fc 89 37 c3 0f 1f 00 48 8b 4c 16 f8 48
[  732.929303] mt7921e 0000:03:00.0 wlp3s0: renamed from wlan0 (while UP)
[  733.943160] iwd[5329]: segfault at c ip 00007f722a332c00 sp 00007ffc41bdfb78 error 4 in libc.so.6[a7c00,7f722a2b3000+159000] likely on CPU 0 (core 0, socket 0)
[  733.943197] Code: f0 0f 11 07 0f 11 4c 17 f0 c3 83 fa 08 73 2b 83 fa 04 73 16 83 fa 01 7c 10 8a 0e 74 0a 0f b7 74 16 fe 66 89 74 17 fe 88 0f c3 <8b> 4c 16 fc 8b 36 89 4c 17 fc 89 37 c3 0f 1f 00 48 8b 4c 16 f8 48
[  734.005343] mt7921e 0000:03:00.0 wlp3s0: renamed from wlan0 (while UP)
[  735.014044] iwd[5335]: segfault at c ip 00007f2a5fe51c00 sp 00007ffeeee5d6a8 error 4 in libc.so.6[a7c00,7f2a5fdd2000+159000] likely on CPU 1 (core 1, socket 0)
[  735.014079] Code: f0 0f 11 07 0f 11 4c 17 f0 c3 83 fa 08 73 2b 83 fa 04 73 16 83 fa 01 7c 10 8a 0e 74 0a 0f b7 74 16 fe 66 89 74 17 fe 88 0f c3 <8b> 4c 16 fc 8b 36 89 4c 17 fc 89 37 c3 0f 1f 00 48 8b 4c 16 f8 48
[  735.083357] mt7921e 0000:03:00.0 wlp3s0: renamed from wlan0 (while UP)
[  736.093000] iwd[5341]: segfault at c ip 00007ff14ecffc00 sp 00007ffdcbb90b48 error 4 in libc.so.6[a7c00,7ff14ec80000+159000] likely on CPU 1 (core 1, socket 0)
[  736.093037] Code: f0 0f 11 07 0f 11 4c 17 f0 c3 83 fa 08 73 2b 83 fa 04 73 16 83 fa 01 7c 10 8a 0e 74 0a 0f b7 74 16 fe 66 89 74 17 fe 88 0f c3 <8b> 4c 16 fc 8b 36 89 4c 17 fc 89 37 c3 0f 1f 00 48 8b 4c 16 f8 48
[  736.162278] mt7921e 0000:03:00.0 wlp3s0: renamed from wlan0 (while UP)
[  737.168985] iwd[5347]: segfault at c ip 00007f179fedac00 sp 00007ffd9a9839a8 error 4 in libc.so.6[a7c00,7f179fe5b000+159000] likely on CPU 1 (core 1, socket 0)
[  737.169019] Code: f0 0f 11 07 0f 11 4c 17 f0 c3 83 fa 08 73 2b 83 fa 04 73 16 83 fa 01 7c 10 8a 0e 74 0a 0f b7 74 16 fe 66 89 74 17 fe 88 0f c3 <8b> 4c 16 fc 8b 36 89 4c 17 fc 89 37 c3 0f 1f 00 48 8b 4c 16 f8 48
[  737.241282] mt7921e 0000:03:00.0 wlp3s0: renamed from wlan0 (while UP)
[  738.255487] iwd[5353]: segfault at c ip 00007fcc7c0c1c00 sp 00007fff4043a808 error 4 in libc.so.6[a7c00,7fcc7c042000+159000] likely on CPU 0 (core 0, socket 0)
[  738.255528] Code: f0 0f 11 07 0f 11 4c 17 f0 c3 83 fa 08 73 2b 83 fa 04 73 16 83 fa 01 7c 10 8a 0e 74 0a 0f b7 74 16 fe 66 89 74 17 fe 88 0f c3 <8b> 4c 16 fc 8b 36 89 4c 17 fc 89 37 c3 0f 1f 00 48 8b 4c 16 f8 48
[  738.317859] mt7921e 0000:03:00.0 wlp3s0: renamed from wlan0 (while UP)
[  739.326755] iwd[5359]: segfault at c ip 00007f5a4bdf3c00 sp 00007ffe493a5138 error 4 in libc.so.6[a7c00,7f5a4bd74000+159000] likely on CPU 1 (core 1, socket 0)
[  739.326793] Code: f0 0f 11 07 0f 11 4c 17 f0 c3 83 fa 08 73 2b 83 fa 04 73 16 83 fa 01 7c 10 8a 0e 74 0a 0f b7 74 16 fe 66 89 74 17 fe 88 0f c3 <8b> 4c 16 fc 8b 36 89 4c 17 fc 89 37 c3 0f 1f 00 48 8b 4c 16 f8 48
[  739.368613] mt7921e 0000:03:00.0 wlp3s0: renamed from wlan0
[  740.401776] iwd[5365]: segfault at c ip 00007fb6dcff9c00 sp 00007ffc987e6c08 error 4 in libc.so.6[a7c00,7fb6dcf7a000+159000] likely on CPU 0 (core 0, socket 0)
[  740.401822] Code: f0 0f 11 07 0f 11 4c 17 f0 c3 83 fa 08 73 2b 83 fa 04 73 16 83 fa 01 7c 10 8a 0e 74 0a 0f b7 74 16 fe 66 89 74 17 fe 88 0f c3 <8b> 4c 16 fc 8b 36 89 4c 17 fc 89 37 c3 0f 1f 00 48 8b 4c 16 f8 48
[  740.470999] mt7921e 0000:03:00.0 wlp3s0: renamed from wlan0 (while UP)
[  741.480083] iwd[5371]: segfault at c ip 00007f51f147bc00 sp 00007ffda89ecbb8 error 4 in libc.so.6[a7c00,7f51f13fc000+159000] likely on CPU 1 (core 1, socket 0)
[  741.480124] Code: f0 0f 11 07 0f 11 4c 17 f0 c3 83 fa 08 73 2b 83 fa 04 73 16 83 fa 01 7c 10 8a 0e 74 0a 0f b7 74 16 fe 66 89 74 17 fe 88 0f c3 <8b> 4c 16 fc 8b 36 89 4c 17 fc 89 37 c3 0f 1f 00 48 8b 4c 16 f8 48
[  741.543088] mt7921e 0000:03:00.0 wlp3s0: renamed from wlan0 (while UP)
[  742.551578] iwd[5377]: segfault at c ip 00007fb960770c00 sp 00007ffde404bbf8 error 4 in libc.so.6[a7c00,7fb9606f1000+159000] likely on CPU 1 (core 1, socket 0)
[  742.551610] Code: f0 0f 11 07 0f 11 4c 17 f0 c3 83 fa 08 73 2b 83 fa 04 73 16 83 fa 01 7c 10 8a 0e 74 0a 0f b7 74 16 fe 66 89 74 17 fe 88 0f c3 <8b> 4c 16 fc 8b 36 89 4c 17 fc 89 37 c3 0f 1f 00 48 8b 4c 16 f8 48
[  742.619916] mt7921e 0000:03:00.0 wlp3s0: renamed from wlan0 (while UP)
[  743.625726] iwd[5383]: segfault at c ip 00007f728419cc00 sp 00007ffe5fcfe648 error 4 in libc.so.6[a7c00,7f728411d000+159000] likely on CPU 0 (core 0, socket 0)
[  743.625763] Code: f0 0f 11 07 0f 11 4c 17 f0 c3 83 fa 08 73 2b 83 fa 04 73 16 83 fa 01 7c 10 8a 0e 74 0a 0f b7 74 16 fe 66 89 74 17 fe 88 0f c3 <8b> 4c 16 fc 8b 36 89 4c 17 fc 89 37 c3 0f 1f 00 48 8b 4c 16 f8 48
[  743.692020] mt7921e 0000:03:00.0 wlp3s0: renamed from wlan0 (while UP)
[  744.695367] iwd[5389]: segfault at c ip 00007f20d3255c00 sp 00007ffea68a7ee8 error 4 in libc.so.6[a7c00,7f20d31d6000+159000] likely on CPU 1 (core 1, socket 0)
[  744.695404] Code: f0 0f 11 07 0f 11 4c 17 f0 c3 83 fa 08 73 2b 83 fa 04 73 16 83 fa 01 7c 10 8a 0e 74 0a 0f b7 74 16 fe 66 89 74 17 fe 88 0f c3 <8b> 4c 16 fc 8b 36 89 4c 17 fc 89 37 c3 0f 1f 00 48 8b 4c 16 f8 48
[  744.737217] mt7921e 0000:03:00.0 wlp3s0: renamed from wlan0
[  745.772457] iwd[5395]: segfault at c ip 00007f98b0f87c00 sp 00007ffcced58b28 error 4 in libc.so.6[a7c00,7f98b0f08000+159000] likely on CPU 1 (core 1, socket 0)
[  745.772514] Code: f0 0f 11 07 0f 11 4c 17 f0 c3 83 fa 08 73 2b 83 fa 04 73 16 83 fa 01 7c 10 8a 0e 74 0a 0f b7 74 16 fe 66 89 74 17 fe 88 0f c3 <8b> 4c 16 fc 8b 36 89 4c 17 fc 89 37 c3 0f 1f 00 48 8b 4c 16 f8 48
[  745.842437] mt7921e 0000:03:00.0 wlp3s0: renamed from wlan0 (while UP)
[  746.850110] iwd[5401]: segfault at c ip 00007f375704fc00 sp 00007ffd6dc19e08 error 4 in libc.so.6[a7c00,7f3756fd0000+159000] likely on CPU 0 (core 0, socket 0)
[  746.850143] Code: f0 0f 11 07 0f 11 4c 17 f0 c3 83 fa 08 73 2b 83 fa 04 73 16 83 fa 01 7c 10 8a 0e 74 0a 0f b7 74 16 fe 66 89 74 17 fe 88 0f c3 <8b> 4c 16 fc 8b 36 89 4c 17 fc 89 37 c3 0f 1f 00 48 8b 4c 16 f8 48
[  746.915229] mt7921e 0000:03:00.0 wlp3s0: renamed from wlan0 (while UP)
[  747.926986] iwd[5407]: segfault at c ip 00007f2983812c00 sp 00007ffe34eab198 error 4 in libc.so.6[a7c00,7f2983793000+159000] likely on CPU 0 (core 0, socket 0)
[  747.927025] Code: f0 0f 11 07 0f 11 4c 17 f0 c3 83 fa 08 73 2b 83 fa 04 73 16 83 fa 01 7c 10 8a 0e 74 0a 0f b7 74 16 fe 66 89 74 17 fe 88 0f c3 <8b> 4c 16 fc 8b 36 89 4c 17 fc 89 37 c3 0f 1f 00 48 8b 4c 16 f8 48
[  747.990149] mt7921e 0000:03:00.0 wlp3s0: renamed from wlan0 (while UP)
[  748.996534] iwd[5413]: segfault at c ip 00007fd8d14f7c00 sp 00007ffecca2e748 error 4 in libc.so.6[a7c00,7fd8d1478000+159000] likely on CPU 0 (core 0, socket 0)
[  748.996576] Code: f0 0f 11 07 0f 11 4c 17 f0 c3 83 fa 08 73 2b 83 fa 04 73 16 83 fa 01 7c 10 8a 0e 74 0a 0f b7 74 16 fe 66 89 74 17 fe 88 0f c3 <8b> 4c 16 fc 8b 36 89 4c 17 fc 89 37 c3 0f 1f 00 48 8b 4c 16 f8 48
[  749.064434] mt7921e 0000:03:00.0 wlp3s0: renamed from wlan0 (while UP)
[  750.069533] iwd[5419]: segfault at c ip 00007f16342d1c00 sp 00007ffd8af96028 error 4 in libc.so.6[a7c00,7f1634252000+159000] likely on CPU 0 (core 0, socket 0)
[  750.069566] Code: f0 0f 11 07 0f 11 4c 17 f0 c3 83 fa 08 73 2b 83 fa 04 73 16 83 fa 01 7c 10 8a 0e 74 0a 0f b7 74 16 fe 66 89 74 17 fe 88 0f c3 <8b> 4c 16 fc 8b 36 89 4c 17 fc 89 37 c3 0f 1f 00 48 8b 4c 16 f8 48
[  750.140183] mt7921e 0000:03:00.0 wlp3s0: renamed from wlan0 (while UP)
[  751.146678] iwd[5425]: segfault at c ip 00007fb9deaffc00 sp 00007ffcc8b151d8 error 4 in libc.so.6[a7c00,7fb9dea80000+159000] likely on CPU 1 (core 1, socket 0)
[  751.146723] Code: f0 0f 11 07 0f 11 4c 17 f0 c3 83 fa 08 73 2b 83 fa 04 73 16 83 fa 01 7c 10 8a 0e 74 0a 0f b7 74 16 fe 66 89 74 17 fe 88 0f c3 <8b> 4c 16 fc 8b 36 89 4c 17 fc 89 37 c3 0f 1f 00 48 8b 4c 16 f8 48
[  751.209560] mt7921e 0000:03:00.0 wlp3s0: renamed from wlan0 (while UP)
[  752.216048] iwd[5431]: segfault at c ip 00007f74c38f1c00 sp 00007ffe112b1268 error 4 in libc.so.6[a7c00,7f74c3872000+159000] likely on CPU 1 (core 1, socket 0)
[  752.216088] Code: f0 0f 11 07 0f 11 4c 17 f0 c3 83 fa 08 73 2b 83 fa 04 73 16 83 fa 01 7c 10 8a 0e 74 0a 0f b7 74 16 fe 66 89 74 17 fe 88 0f c3 <8b> 4c 16 fc 8b 36 89 4c 17 fc 89 37 c3 0f 1f 00 48 8b 4c 16 f8 48
[  752.279318] mt7921e 0000:03:00.0 wlp3s0: renamed from wlan0 (while UP)
[  753.283262] iwd[5437]: segfault at c ip 00007f13b29acc00 sp 00007fff13393be8 error 4 in libc.so.6[a7c00,7f13b292d000+159000] likely on CPU 1 (core 1, socket 0)
[  753.283352] Code: f0 0f 11 07 0f 11 4c 17 f0 c3 83 fa 08 73 2b 83 fa 04 73 16 83 fa 01 7c 10 8a 0e 74 0a 0f b7 74 16 fe 66 89 74 17 fe 88 0f c3 <8b> 4c 16 fc 8b 36 89 4c 17 fc 89 37 c3 0f 1f 00 48 8b 4c 16 f8 48
[  753.355962] mt7921e 0000:03:00.0 wlp3s0: renamed from wlan0 (while UP)
[  754.367865] iwd[5443]: segfault at c ip 00007f4137a81c00 sp 00007ffe6a6a9728 error 4 in libc.so.6[a7c00,7f4137a02000+159000] likely on CPU 1 (core 1, socket 0)
[  754.367897] Code: f0 0f 11 07 0f 11 4c 17 f0 c3 83 fa 08 73 2b 83 fa 04 73 16 83 fa 01 7c 10 8a 0e 74 0a 0f b7 74 16 fe 66 89 74 17 fe 88 0f c3 <8b> 4c 16 fc 8b 36 89 4c 17 fc 89 37 c3 0f 1f 00 48 8b 4c 16 f8 48
[  754.434991] mt7921e 0000:03:00.0 wlp3s0: renamed from wlan0 (while UP)
[  755.441207] iwd[5451]: segfault at c ip 00007f95c1602c00 sp 00007ffdd5f1bb98 error 4 in libc.so.6[a7c00,7f95c1583000+159000] likely on CPU 0 (core 0, socket 0)
[  755.441245] Code: f0 0f 11 07 0f 11 4c 17 f0 c3 83 fa 08 73 2b 83 fa 04 73 16 83 fa 01 7c 10 8a 0e 74 0a 0f b7 74 16 fe 66 89 74 17 fe 88 0f c3 <8b> 4c 16 fc 8b 36 89 4c 17 fc 89 37 c3 0f 1f 00 48 8b 4c 16 f8 48
[  755.505100] mt7921e 0000:03:00.0 wlp3s0: renamed from wlan0 (while UP)
[  756.511444] iwd[5457]: segfault at c ip 00007f896d683c00 sp 00007fff69a878f8 error 4 in libc.so.6[a7c00,7f896d604000+159000] likely on CPU 0 (core 0, socket 0)
[  756.511480] Code: f0 0f 11 07 0f 11 4c 17 f0 c3 83 fa 08 73 2b 83 fa 04 73 16 83 fa 01 7c 10 8a 0e 74 0a 0f b7 74 16 fe 66 89 74 17 fe 88 0f c3 <8b> 4c 16 fc 8b 36 89 4c 17 fc 89 37 c3 0f 1f 00 48 8b 4c 16 f8 48
[  756.554822] mt7921e 0000:03:00.0 wlp3s0: renamed from wlan0
[  757.591071] iwd[5463]: segfault at c ip 00007fbed40e2c00 sp 00007fffea5e8c88 error 4 in libc.so.6[a7c00,7fbed4063000+159000] likely on CPU 0 (core 0, socket 0)
[  757.591103] Code: f0 0f 11 07 0f 11 4c 17 f0 c3 83 fa 08 73 2b 83 fa 04 73 16 83 fa 01 7c 10 8a 0e 74 0a 0f b7 74 16 fe 66 89 74 17 fe 88 0f c3 <8b> 4c 16 fc 8b 36 89 4c 17 fc 89 37 c3 0f 1f 00 48 8b 4c 16 f8 48
[  757.655837] mt7921e 0000:03:00.0 wlp3s0: renamed from wlan0 (while UP)
[  758.667175] iwd[5469]: segfault at c ip 00007f2070cffc00 sp 00007fff3db9c8d8 error 4 in libc.so.6[a7c00,7f2070c80000+159000] likely on CPU 0 (core 0, socket 0)
[  758.667212] Code: f0 0f 11 07 0f 11 4c 17 f0 c3 83 fa 08 73 2b 83 fa 04 73 16 83 fa 01 7c 10 8a 0e 74 0a 0f b7 74 16 fe 66 89 74 17 fe 88 0f c3 <8b> 4c 16 fc 8b 36 89 4c 17 fc 89 37 c3 0f 1f 00 48 8b 4c 16 f8 48
[  758.727589] mt7921e 0000:03:00.0 wlp3s0: renamed from wlan0 (while UP)
[  759.735459] iwd[5475]: segfault at c ip 00007faed8bacc00 sp 00007ffe9e5fc6c8 error 4 in libc.so.6[a7c00,7faed8b2d000+159000] likely on CPU 0 (core 0, socket 0)
[  759.735491] Code: f0 0f 11 07 0f 11 4c 17 f0 c3 83 fa 08 73 2b 83 fa 04 73 16 83 fa 01 7c 10 8a 0e 74 0a 0f b7 74 16 fe 66 89 74 17 fe 88 0f c3 <8b> 4c 16 fc 8b 36 89 4c 17 fc 89 37 c3 0f 1f 00 48 8b 4c 16 f8 48
[  759.791895] mt7921e 0000:03:00.0 wlp3s0: renamed from wlan0 (while UP)
[  760.798389] iwd[5481]: segfault at c ip 00007fd48cee6c00 sp 00007ffd1de883c8 error 4 in libc.so.6[a7c00,7fd48ce67000+159000] likely on CPU 1 (core 1, socket 0)
[  760.798424] Code: f0 0f 11 07 0f 11 4c 17 f0 c3 83 fa 08 73 2b 83 fa 04 73 16 83 fa 01 7c 10 8a 0e 74 0a 0f b7 74 16 fe 66 89 74 17 fe 88 0f c3 <8b> 4c 16 fc 8b 36 89 4c 17 fc 89 37 c3 0f 1f 00 48 8b 4c 16 f8 48
[  760.868929] mt7921e 0000:03:00.0 wlp3s0: renamed from wlan0 (while UP)
[  761.891869] iwd[5487]: segfault at c ip 00007f89455a3c00 sp 00007fff002ea788 error 4 in libc.so.6[a7c00,7f8945524000+159000] likely on CPU 0 (core 0, socket 0)
[  761.891907] Code: f0 0f 11 07 0f 11 4c 17 f0 c3 83 fa 08 73 2b 83 fa 04 73 16 83 fa 01 7c 10 8a 0e 74 0a 0f b7 74 16 fe 66 89 74 17 fe 88 0f c3 <8b> 4c 16 fc 8b 36 89 4c 17 fc 89 37 c3 0f 1f 00 48 8b 4c 16 f8 48
[  761.956330] mt7921e 0000:03:00.0 wlp3s0: renamed from wlan0 (while UP)
[  762.960966] iwd[5493]: segfault at c ip 00007fd8160d6c00 sp 00007ffeaf542b18 error 4 in libc.so.6[a7c00,7fd816057000+159000] likely on CPU 1 (core 1, socket 0)
[  762.960998] Code: f0 0f 11 07 0f 11 4c 17 f0 c3 83 fa 08 73 2b 83 fa 04 73 16 83 fa 01 7c 10 8a 0e 74 0a 0f b7 74 16 fe 66 89 74 17 fe 88 0f c3 <8b> 4c 16 fc 8b 36 89 4c 17 fc 89 37 c3 0f 1f 00 48 8b 4c 16 f8 48
[  763.027003] mt7921e 0000:03:00.0 wlp3s0: renamed from wlan0 (while UP)
[  764.033464] iwd[5501]: segfault at c ip 00007f15c2ca0c00 sp 00007fffa987c028 error 4 in libc.so.6[a7c00,7f15c2c21000+159000] likely on CPU 0 (core 0, socket 0)
[  764.033505] Code: f0 0f 11 07 0f 11 4c 17 f0 c3 83 fa 08 73 2b 83 fa 04 73 16 83 fa 01 7c 10 8a 0e 74 0a 0f b7 74 16 fe 66 89 74 17 fe 88 0f c3 <8b> 4c 16 fc 8b 36 89 4c 17 fc 89 37 c3 0f 1f 00 48 8b 4c 16 f8 48
[  764.097593] mt7921e 0000:03:00.0 wlp3s0: renamed from wlan0 (while UP)
[  765.102907] iwd[5507]: segfault at c ip 00007f740a0e3c00 sp 00007ffd872dfbf8 error 4 in libc.so.6[a7c00,7f740a064000+159000] likely on CPU 0 (core 0, socket 0)
[  765.102989] Code: f0 0f 11 07 0f 11 4c 17 f0 c3 83 fa 08 73 2b 83 fa 04 73 16 83 fa 01 7c 10 8a 0e 74 0a 0f b7 74 16 fe 66 89 74 17 fe 88 0f c3 <8b> 4c 16 fc 8b 36 89 4c 17 fc 89 37 c3 0f 1f 00 48 8b 4c 16 f8 48
[  765.173093] mt7921e 0000:03:00.0 wlp3s0: renamed from wlan0 (while UP)
[  766.179898] iwd[5513]: segfault at c ip 00007f7fdc652c00 sp 00007ffcda89bac8 error 4 in libc.so.6[a7c00,7f7fdc5d3000+159000] likely on CPU 0 (core 0, socket 0)
[  766.179939] Code: f0 0f 11 07 0f 11 4c 17 f0 c3 83 fa 08 73 2b 83 fa 04 73 16 83 fa 01 7c 10 8a 0e 74 0a 0f b7 74 16 fe 66 89 74 17 fe 88 0f c3 <8b> 4c 16 fc 8b 36 89 4c 17 fc 89 37 c3 0f 1f 00 48 8b 4c 16 f8 48
[  766.249118] mt7921e 0000:03:00.0 wlp3s0: renamed from wlan0 (while UP)
[  767.261648] iwd[5519]: segfault at c ip 00007f64e4af8c00 sp 00007ffdc5dd4708 error 4 in libc.so.6[a7c00,7f64e4a79000+159000] likely on CPU 1 (core 1, socket 0)
[  767.261685] Code: f0 0f 11 07 0f 11 4c 17 f0 c3 83 fa 08 73 2b 83 fa 04 73 16 83 fa 01 7c 10 8a 0e 74 0a 0f b7 74 16 fe 66 89 74 17 fe 88 0f c3 <8b> 4c 16 fc 8b 36 89 4c 17 fc 89 37 c3 0f 1f 00 48 8b 4c 16 f8 48
[  767.329707] mt7921e 0000:03:00.0 wlp3s0: renamed from wlan0 (while UP)
[  768.339101] iwd[5525]: segfault at c ip 00007f9764472c00 sp 00007ffcdc21f498 error 4 in libc.so.6[a7c00,7f97643f3000+159000] likely on CPU 1 (core 1, socket 0)
[  768.339142] Code: f0 0f 11 07 0f 11 4c 17 f0 c3 83 fa 08 73 2b 83 fa 04 73 16 83 fa 01 7c 10 8a 0e 74 0a 0f b7 74 16 fe 66 89 74 17 fe 88 0f c3 <8b> 4c 16 fc 8b 36 89 4c 17 fc 89 37 c3 0f 1f 00 48 8b 4c 16 f8 48
[  768.408016] mt7921e 0000:03:00.0 wlp3s0: renamed from wlan0 (while UP)
[  769.421215] iwd[5531]: segfault at c ip 00007f0b922dcc00 sp 00007fff9b835d78 error 4 in libc.so.6[a7c00,7f0b9225d000+159000] likely on CPU 0 (core 0, socket 0)
[  769.421247] Code: f0 0f 11 07 0f 11 4c 17 f0 c3 83 fa 08 73 2b 83 fa 04 73 16 83 fa 01 7c 10 8a 0e 74 0a 0f b7 74 16 fe 66 89 74 17 fe 88 0f c3 <8b> 4c 16 fc 8b 36 89 4c 17 fc 89 37 c3 0f 1f 00 48 8b 4c 16 f8 48
[  769.484034] mt7921e 0000:03:00.0 wlp3s0: renamed from wlan0 (while UP)
[  770.506361] iwd[5537]: segfault at c ip 00007f2dd29b8c00 sp 00007ffeb4dee898 error 4 in libc.so.6[a7c00,7f2dd2939000+159000] likely on CPU 0 (core 0, socket 0)
[  770.506397] Code: f0 0f 11 07 0f 11 4c 17 f0 c3 83 fa 08 73 2b 83 fa 04 73 16 83 fa 01 7c 10 8a 0e 74 0a 0f b7 74 16 fe 66 89 74 17 fe 88 0f c3 <8b> 4c 16 fc 8b 36 89 4c 17 fc 89 37 c3 0f 1f 00 48 8b 4c 16 f8 48
[  770.563661] mt7921e 0000:03:00.0 wlp3s0: renamed from wlan0 (while UP)
[  771.579768] iwd[5543]: segfault at c ip 00007f5bc1b98c00 sp 00007ffcb6574a38 error 4 in libc.so.6[a7c00,7f5bc1b19000+159000] likely on CPU 1 (core 1, socket 0)
[  771.579802] Code: f0 0f 11 07 0f 11 4c 17 f0 c3 83 fa 08 73 2b 83 fa 04 73 16 83 fa 01 7c 10 8a 0e 74 0a 0f b7 74 16 fe 66 89 74 17 fe 88 0f c3 <8b> 4c 16 fc 8b 36 89 4c 17 fc 89 37 c3 0f 1f 00 48 8b 4c 16 f8 48
[  771.651003] mt7921e 0000:03:00.0 wlp3s0: renamed from wlan0 (while UP)
[  772.656480] iwd[5549]: segfault at c ip 00007f0f167d8c00 sp 00007fff9262a3a8 error 4 in libc.so.6[a7c00,7f0f16759000+159000] likely on CPU 1 (core 1, socket 0)
[  772.656512] Code: f0 0f 11 07 0f 11 4c 17 f0 c3 83 fa 08 73 2b 83 fa 04 73 16 83 fa 01 7c 10 8a 0e 74 0a 0f b7 74 16 fe 66 89 74 17 fe 88 0f c3 <8b> 4c 16 fc 8b 36 89 4c 17 fc 89 37 c3 0f 1f 00 48 8b 4c 16 f8 48
[  772.718545] mt7921e 0000:03:00.0 wlp3s0: renamed from wlan0 (while UP)
[  773.725835] iwd[5557]: segfault at c ip 00007f07601e6c00 sp 00007ffcce18c938 error 4 in libc.so.6[a7c00,7f0760167000+159000] likely on CPU 1 (core 1, socket 0)
[  773.725870] Code: f0 0f 11 07 0f 11 4c 17 f0 c3 83 fa 08 73 2b 83 fa 04 73 16 83 fa 01 7c 10 8a 0e 74 0a 0f b7 74 16 fe 66 89 74 17 fe 88 0f c3 <8b> 4c 16 fc 8b 36 89 4c 17 fc 89 37 c3 0f 1f 00 48 8b 4c 16 f8 48
[  773.795752] mt7921e 0000:03:00.0 wlp3s0: renamed from wlan0 (while UP)
[  774.812466] iwd[5563]: segfault at c ip 00007f69427a0c00 sp 00007ffc630973a8 error 4 in libc.so.6[a7c00,7f6942721000+159000] likely on CPU 1 (core 1, socket 0)
[  774.812501] Code: f0 0f 11 07 0f 11 4c 17 f0 c3 83 fa 08 73 2b 83 fa 04 73 16 83 fa 01 7c 10 8a 0e 74 0a 0f b7 74 16 fe 66 89 74 17 fe 88 0f c3 <8b> 4c 16 fc 8b 36 89 4c 17 fc 89 37 c3 0f 1f 00 48 8b 4c 16 f8 48
[  774.873656] mt7921e 0000:03:00.0 wlp3s0: renamed from wlan0 (while UP)
[  775.879129] iwd[5569]: segfault at c ip 00007f1dffe92c00 sp 00007ffc258fab28 error 4 in libc.so.6[a7c00,7f1dffe13000+159000] likely on CPU 1 (core 1, socket 0)
[  775.879161] Code: f0 0f 11 07 0f 11 4c 17 f0 c3 83 fa 08 73 2b 83 fa 04 73 16 83 fa 01 7c 10 8a 0e 74 0a 0f b7 74 16 fe 66 89 74 17 fe 88 0f c3 <8b> 4c 16 fc 8b 36 89 4c 17 fc 89 37 c3 0f 1f 00 48 8b 4c 16 f8 48
[  775.927886] mt7921e 0000:03:00.0 wlp3s0: renamed from wlan0 (while UP)
[  776.939567] iwd[5575]: segfault at c ip 00007fd09ce60c00 sp 00007ffce4f48a88 error 4 in libc.so.6[a7c00,7fd09cde1000+159000] likely on CPU 1 (core 1, socket 0)
[  776.939599] Code: f0 0f 11 07 0f 11 4c 17 f0 c3 83 fa 08 73 2b 83 fa 04 73 16 83 fa 01 7c 10 8a 0e 74 0a 0f b7 74 16 fe 66 89 74 17 fe 88 0f c3 <8b> 4c 16 fc 8b 36 89 4c 17 fc 89 37 c3 0f 1f 00 48 8b 4c 16 f8 48
[  777.000176] mt7921e 0000:03:00.0 wlp3s0: renamed from wlan0 (while UP)
[  778.006961] iwd[5581]: segfault at c ip 00007fc28699dc00 sp 00007ffc37158c28 error 4 in libc.so.6[a7c00,7fc28691e000+159000] likely on CPU 1 (core 1, socket 0)
[  778.006996] Code: f0 0f 11 07 0f 11 4c 17 f0 c3 83 fa 08 73 2b 83 fa 04 73 16 83 fa 01 7c 10 8a 0e 74 0a 0f b7 74 16 fe 66 89 74 17 fe 88 0f c3 <8b> 4c 16 fc 8b 36 89 4c 17 fc 89 37 c3 0f 1f 00 48 8b 4c 16 f8 48
[  778.077795] mt7921e 0000:03:00.0 wlp3s0: renamed from wlan0 (while UP)
[  779.085370] iwd[5587]: segfault at c ip 00007f6147b17c00 sp 00007ffe15270458 error 4 in libc.so.6[a7c00,7f6147a98000+159000] likely on CPU 0 (core 0, socket 0)
[  779.085405] Code: f0 0f 11 07 0f 11 4c 17 f0 c3 83 fa 08 73 2b 83 fa 04 73 16 83 fa 01 7c 10 8a 0e 74 0a 0f b7 74 16 fe 66 89 74 17 fe 88 0f c3 <8b> 4c 16 fc 8b 36 89 4c 17 fc 89 37 c3 0f 1f 00 48 8b 4c 16 f8 48
[  779.126332] mt7921e 0000:03:00.0 wlp3s0: renamed from wlan0
[  780.162114] iwd[5593]: segfault at c ip 00007fa18963fc00 sp 00007fff0db26a28 error 4 in libc.so.6[a7c00,7fa1895c0000+159000] likely on CPU 0 (core 0, socket 0)
[  780.162147] Code: f0 0f 11 07 0f 11 4c 17 f0 c3 83 fa 08 73 2b 83 fa 04 73 16 83 fa 01 7c 10 8a 0e 74 0a 0f b7 74 16 fe 66 89 74 17 fe 88 0f c3 <8b> 4c 16 fc 8b 36 89 4c 17 fc 89 37 c3 0f 1f 00 48 8b 4c 16 f8 48
[  780.224943] mt7921e 0000:03:00.0 wlp3s0: renamed from wlan0 (while UP)
[  781.229389] iwd[5599]: segfault at c ip 00007f56673c8c00 sp 00007fff932bd7f8 error 4 in libc.so.6[a7c00,7f5667349000+159000] likely on CPU 0 (core 0, socket 0)
[  781.229422] Code: f0 0f 11 07 0f 11 4c 17 f0 c3 83 fa 08 73 2b 83 fa 04 73 16 83 fa 01 7c 10 8a 0e 74 0a 0f b7 74 16 fe 66 89 74 17 fe 88 0f c3 <8b> 4c 16 fc 8b 36 89 4c 17 fc 89 37 c3 0f 1f 00 48 8b 4c 16 f8 48
[  781.288120] mt7921e 0000:03:00.0 wlp3s0: renamed from wlan0 (while UP)
[  782.296008] iwd[5607]: segfault at c ip 00007fc193514c00 sp 00007fff413bb688 error 4 in libc.so.6[a7c00,7fc193495000+159000] likely on CPU 1 (core 1, socket 0)
[  782.296042] Code: f0 0f 11 07 0f 11 4c 17 f0 c3 83 fa 08 73 2b 83 fa 04 73 16 83 fa 01 7c 10 8a 0e 74 0a 0f b7 74 16 fe 66 89 74 17 fe 88 0f c3 <8b> 4c 16 fc 8b 36 89 4c 17 fc 89 37 c3 0f 1f 00 48 8b 4c 16 f8 48
[  782.373979] mt7921e 0000:03:00.0 wlp3s0: renamed from wlan0 (while UP)
[  783.378545] iwd[5613]: segfault at c ip 00007f5315b3dc00 sp 00007fff98b857b8 error 4 in libc.so.6[a7c00,7f5315abe000+159000] likely on CPU 1 (core 1, socket 0)
[  783.378601] Code: f0 0f 11 07 0f 11 4c 17 f0 c3 83 fa 08 73 2b 83 fa 04 73 16 83 fa 01 7c 10 8a 0e 74 0a 0f b7 74 16 fe 66 89 74 17 fe 88 0f c3 <8b> 4c 16 fc 8b 36 89 4c 17 fc 89 37 c3 0f 1f 00 48 8b 4c 16 f8 48
[  783.449436] mt7921e 0000:03:00.0 wlp3s0: renamed from wlan0 (while UP)
[  784.455406] iwd[5621]: segfault at c ip 00007f83096c3c00 sp 00007ffc25247308 error 4 in libc.so.6[a7c00,7f8309644000+159000] likely on CPU 1 (core 1, socket 0)
[  784.455443] Code: f0 0f 11 07 0f 11 4c 17 f0 c3 83 fa 08 73 2b 83 fa 04 73 16 83 fa 01 7c 10 8a 0e 74 0a 0f b7 74 16 fe 66 89 74 17 fe 88 0f c3 <8b> 4c 16 fc 8b 36 89 4c 17 fc 89 37 c3 0f 1f 00 48 8b 4c 16 f8 48
[  784.516370] mt7921e 0000:03:00.0 wlp3s0: renamed from wlan0 (while UP)
[  785.520495] iwd[5627]: segfault at c ip 00007f8af5322c00 sp 00007ffeae8402c8 error 4 in libc.so.6[a7c00,7f8af52a3000+159000] likely on CPU 1 (core 1, socket 0)
[  785.520532] Code: f0 0f 11 07 0f 11 4c 17 f0 c3 83 fa 08 73 2b 83 fa 04 73 16 83 fa 01 7c 10 8a 0e 74 0a 0f b7 74 16 fe 66 89 74 17 fe 88 0f c3 <8b> 4c 16 fc 8b 36 89 4c 17 fc 89 37 c3 0f 1f 00 48 8b 4c 16 f8 48
[  785.591057] mt7921e 0000:03:00.0 wlp3s0: renamed from wlan0 (while UP)
[  786.601033] iwd[5633]: segfault at c ip 00007fe7e9ecec00 sp 00007ffc521fbed8 error 4 in libc.so.6[a7c00,7fe7e9e4f000+159000] likely on CPU 1 (core 1, socket 0)
[  786.601073] Code: f0 0f 11 07 0f 11 4c 17 f0 c3 83 fa 08 73 2b 83 fa 04 73 16 83 fa 01 7c 10 8a 0e 74 0a 0f b7 74 16 fe 66 89 74 17 fe 88 0f c3 <8b> 4c 16 fc 8b 36 89 4c 17 fc 89 37 c3 0f 1f 00 48 8b 4c 16 f8 48
[  786.662700] mt7921e 0000:03:00.0 wlp3s0: renamed from wlan0 (while UP)
[  787.669635] iwd[5639]: segfault at c ip 00007fd769526c00 sp 00007fffae10e288 error 4 in libc.so.6[a7c00,7fd7694a7000+159000] likely on CPU 1 (core 1, socket 0)
[  787.669673] Code: f0 0f 11 07 0f 11 4c 17 f0 c3 83 fa 08 73 2b 83 fa 04 73 16 83 fa 01 7c 10 8a 0e 74 0a 0f b7 74 16 fe 66 89 74 17 fe 88 0f c3 <8b> 4c 16 fc 8b 36 89 4c 17 fc 89 37 c3 0f 1f 00 48 8b 4c 16 f8 48
[  787.736571] mt7921e 0000:03:00.0 wlp3s0: renamed from wlan0 (while UP)
[  788.747407] iwd[5645]: segfault at c ip 00007f4b01b8ac00 sp 00007ffee5fa1ef8 error 4 in libc.so.6[a7c00,7f4b01b0b000+159000] likely on CPU 1 (core 1, socket 0)
[  788.747447] Code: f0 0f 11 07 0f 11 4c 17 f0 c3 83 fa 08 73 2b 83 fa 04 73 16 83 fa 01 7c 10 8a 0e 74 0a 0f b7 74 16 fe 66 89 74 17 fe 88 0f c3 <8b> 4c 16 fc 8b 36 89 4c 17 fc 89 37 c3 0f 1f 00 48 8b 4c 16 f8 48
[  788.796215] mt7921e 0000:03:00.0 wlp3s0: renamed from wlan0
[  789.829397] iwd[5651]: segfault at c ip 00007fc4ac31ec00 sp 00007ffe871bb6a8 error 4 in libc.so.6[a7c00,7fc4ac29f000+159000] likely on CPU 0 (core 0, socket 0)
[  789.829434] Code: f0 0f 11 07 0f 11 4c 17 f0 c3 83 fa 08 73 2b 83 fa 04 73 16 83 fa 01 7c 10 8a 0e 74 0a 0f b7 74 16 fe 66 89 74 17 fe 88 0f c3 <8b> 4c 16 fc 8b 36 89 4c 17 fc 89 37 c3 0f 1f 00 48 8b 4c 16 f8 48
[  789.902319] mt7921e 0000:03:00.0 wlp3s0: renamed from wlan0 (while UP)
[  790.906852] iwd[5657]: segfault at c ip 00007f0dc902dc00 sp 00007fff59a303c8 error 4 in libc.so.6[a7c00,7f0dc8fae000+159000] likely on CPU 1 (core 1, socket 0)
[  790.906893] Code: f0 0f 11 07 0f 11 4c 17 f0 c3 83 fa 08 73 2b 83 fa 04 73 16 83 fa 01 7c 10 8a 0e 74 0a 0f b7 74 16 fe 66 89 74 17 fe 88 0f c3 <8b> 4c 16 fc 8b 36 89 4c 17 fc 89 37 c3 0f 1f 00 48 8b 4c 16 f8 48
[  790.970152] mt7921e 0000:03:00.0 wlp3s0: renamed from wlan0 (while UP)
[  791.977157] iwd[5663]: segfault at c ip 00007f3edab65c00 sp 00007ffdb685fcf8 error 4 in libc.so.6[a7c00,7f3edaae6000+159000] likely on CPU 0 (core 0, socket 0)
[  791.977192] Code: f0 0f 11 07 0f 11 4c 17 f0 c3 83 fa 08 73 2b 83 fa 04 73 16 83 fa 01 7c 10 8a 0e 74 0a 0f b7 74 16 fe 66 89 74 17 fe 88 0f c3 <8b> 4c 16 fc 8b 36 89 4c 17 fc 89 37 c3 0f 1f 00 48 8b 4c 16 f8 48
[  792.042114] mt7921e 0000:03:00.0 wlp3s0: renamed from wlan0 (while UP)
[  793.048401] iwd[5669]: segfault at c ip 00007fed35403c00 sp 00007ffdde57c7a8 error 4 in libc.so.6[a7c00,7fed35384000+159000] likely on CPU 0 (core 0, socket 0)
[  793.048441] Code: f0 0f 11 07 0f 11 4c 17 f0 c3 83 fa 08 73 2b 83 fa 04 73 16 83 fa 01 7c 10 8a 0e 74 0a 0f b7 74 16 fe 66 89 74 17 fe 88 0f c3 <8b> 4c 16 fc 8b 36 89 4c 17 fc 89 37 c3 0f 1f 00 48 8b 4c 16 f8 48
[  793.112221] mt7921e 0000:03:00.0 wlp3s0: renamed from wlan0 (while UP)
[  794.116719] iwd[5675]: segfault at c ip 00007f22e6420c00 sp 00007ffdf4a32728 error 4 in libc.so.6[a7c00,7f22e63a1000+159000] likely on CPU 1 (core 1, socket 0)
[  794.116763] Code: f0 0f 11 07 0f 11 4c 17 f0 c3 83 fa 08 73 2b 83 fa 04 73 16 83 fa 01 7c 10 8a 0e 74 0a 0f b7 74 16 fe 66 89 74 17 fe 88 0f c3 <8b> 4c 16 fc 8b 36 89 4c 17 fc 89 37 c3 0f 1f 00 48 8b 4c 16 f8 48
[  794.186976] mt7921e 0000:03:00.0 wlp3s0: renamed from wlan0 (while UP)
[  795.200935] iwd[5681]: segfault at c ip 00007f59e88d1c00 sp 00007fff72b79ca8 error 4 in libc.so.6[a7c00,7f59e8852000+159000] likely on CPU 1 (core 1, socket 0)
[  795.200967] Code: f0 0f 11 07 0f 11 4c 17 f0 c3 83 fa 08 73 2b 83 fa 04 73 16 83 fa 01 7c 10 8a 0e 74 0a 0f b7 74 16 fe 66 89 74 17 fe 88 0f c3 <8b> 4c 16 fc 8b 36 89 4c 17 fc 89 37 c3 0f 1f 00 48 8b 4c 16 f8 48
[  795.269161] mt7921e 0000:03:00.0 wlp3s0: renamed from wlan0 (while UP)
[  796.276422] iwd[5689]: segfault at c ip 00007fc9facd5c00 sp 00007ffc6ace9358 error 4 in libc.so.6[a7c00,7fc9fac56000+159000] likely on CPU 0 (core 0, socket 0)
[  796.276467] Code: f0 0f 11 07 0f 11 4c 17 f0 c3 83 fa 08 73 2b 83 fa 04 73 16 83 fa 01 7c 10 8a 0e 74 0a 0f b7 74 16 fe 66 89 74 17 fe 88 0f c3 <8b> 4c 16 fc 8b 36 89 4c 17 fc 89 37 c3 0f 1f 00 48 8b 4c 16 f8 48
[  796.344244] mt7921e 0000:03:00.0 wlp3s0: renamed from wlan0 (while UP)
[  797.350246] iwd[5695]: segfault at c ip 00007f3e176e3c00 sp 00007ffedac3fc78 error 4 in libc.so.6[a7c00,7f3e17664000+159000] likely on CPU 0 (core 0, socket 0)
[  797.350281] Code: f0 0f 11 07 0f 11 4c 17 f0 c3 83 fa 08 73 2b 83 fa 04 73 16 83 fa 01 7c 10 8a 0e 74 0a 0f b7 74 16 fe 66 89 74 17 fe 88 0f c3 <8b> 4c 16 fc 8b 36 89 4c 17 fc 89 37 c3 0f 1f 00 48 8b 4c 16 f8 48
[  797.413057] mt7921e 0000:03:00.0 wlp3s0: renamed from wlan0 (while UP)
[  798.422551] iwd[5701]: segfault at c ip 00007f78555cfc00 sp 00007ffda2991848 error 4 in libc.so.6[a7c00,7f7855550000+159000] likely on CPU 1 (core 1, socket 0)
[  798.422583] Code: f0 0f 11 07 0f 11 4c 17 f0 c3 83 fa 08 73 2b 83 fa 04 73 16 83 fa 01 7c 10 8a 0e 74 0a 0f b7 74 16 fe 66 89 74 17 fe 88 0f c3 <8b> 4c 16 fc 8b 36 89 4c 17 fc 89 37 c3 0f 1f 00 48 8b 4c 16 f8 48
[  798.486260] mt7921e 0000:03:00.0 wlp3s0: renamed from wlan0 (while UP)
[  799.492121] iwd[5707]: segfault at c ip 00007efec7765c00 sp 00007fffafaf2dd8 error 4 in libc.so.6[a7c00,7efec76e6000+159000] likely on CPU 1 (core 1, socket 0)
[  799.492158] Code: f0 0f 11 07 0f 11 4c 17 f0 c3 83 fa 08 73 2b 83 fa 04 73 16 83 fa 01 7c 10 8a 0e 74 0a 0f b7 74 16 fe 66 89 74 17 fe 88 0f c3 <8b> 4c 16 fc 8b 36 89 4c 17 fc 89 37 c3 0f 1f 00 48 8b 4c 16 f8 48
[  799.557772] mt7921e 0000:03:00.0 wlp3s0: renamed from wlan0 (while UP)
[  800.565638] iwd[5713]: segfault at c ip 00007f9416ac7c00 sp 00007ffdb7a97218 error 4 in libc.so.6[a7c00,7f9416a48000+159000] likely on CPU 1 (core 1, socket 0)
[  800.565673] Code: f0 0f 11 07 0f 11 4c 17 f0 c3 83 fa 08 73 2b 83 fa 04 73 16 83 fa 01 7c 10 8a 0e 74 0a 0f b7 74 16 fe 66 89 74 17 fe 88 0f c3 <8b> 4c 16 fc 8b 36 89 4c 17 fc 89 37 c3 0f 1f 00 48 8b 4c 16 f8 48
[  800.638916] mt7921e 0000:03:00.0 wlp3s0: renamed from wlan0 (while UP)
[  801.646252] iwd[5719]: segfault at c ip 00007fd5e7661c00 sp 00007ffd4453a9c8 error 4 in libc.so.6[a7c00,7fd5e75e2000+159000] likely on CPU 0 (core 0, socket 0)
[  801.646335] Code: f0 0f 11 07 0f 11 4c 17 f0 c3 83 fa 08 73 2b 83 fa 04 73 16 83 fa 01 7c 10 8a 0e 74 0a 0f b7 74 16 fe 66 89 74 17 fe 88 0f c3 <8b> 4c 16 fc 8b 36 89 4c 17 fc 89 37 c3 0f 1f 00 48 8b 4c 16 f8 48
[  801.704651] mt7921e 0000:03:00.0 wlp3s0: renamed from wlan0 (while UP)
[  802.715798] iwd[5725]: segfault at c ip 00007f3228824c00 sp 00007ffcfadd43e8 error 4 in libc.so.6[a7c00,7f32287a5000+159000] likely on CPU 1 (core 1, socket 0)
[  802.715833] Code: f0 0f 11 07 0f 11 4c 17 f0 c3 83 fa 08 73 2b 83 fa 04 73 16 83 fa 01 7c 10 8a 0e 74 0a 0f b7 74 16 fe 66 89 74 17 fe 88 0f c3 <8b> 4c 16 fc 8b 36 89 4c 17 fc 89 37 c3 0f 1f 00 48 8b 4c 16 f8 48
[  802.775739] mt7921e 0000:03:00.0 wlp3s0: renamed from wlan0 (while UP)
[  803.782166] iwd[5731]: segfault at c ip 00007fc569ee0c00 sp 00007fff69c81e98 error 4 in libc.so.6[a7c00,7fc569e61000+159000] likely on CPU 0 (core 0, socket 0)
[  803.782204] Code: f0 0f 11 07 0f 11 4c 17 f0 c3 83 fa 08 73 2b 83 fa 04 73 16 83 fa 01 7c 10 8a 0e 74 0a 0f b7 74 16 fe 66 89 74 17 fe 88 0f c3 <8b> 4c 16 fc 8b 36 89 4c 17 fc 89 37 c3 0f 1f 00 48 8b 4c 16 f8 48
[  803.854011] mt7921e 0000:03:00.0 wlp3s0: renamed from wlan0 (while UP)
[  804.860698] iwd[5737]: segfault at c ip 00007f1d0e611c00 sp 00007ffd21234418 error 4 in libc.so.6[a7c00,7f1d0e592000+159000] likely on CPU 1 (core 1, socket 0)
[  804.860738] Code: f0 0f 11 07 0f 11 4c 17 f0 c3 83 fa 08 73 2b 83 fa 04 73 16 83 fa 01 7c 10 8a 0e 74 0a 0f b7 74 16 fe 66 89 74 17 fe 88 0f c3 <8b> 4c 16 fc 8b 36 89 4c 17 fc 89 37 c3 0f 1f 00 48 8b 4c 16 f8 48
[  804.925554] mt7921e 0000:03:00.0 wlp3s0: renamed from wlan0 (while UP)
[  805.928655] iwd[5743]: segfault at c ip 00007f57f1316c00 sp 00007ffe601a7cf8 error 4 in libc.so.6[a7c00,7f57f1297000+159000] likely on CPU 0 (core 0, socket 0)
[  805.928687] Code: f0 0f 11 07 0f 11 4c 17 f0 c3 83 fa 08 73 2b 83 fa 04 73 16 83 fa 01 7c 10 8a 0e 74 0a 0f b7 74 16 fe 66 89 74 17 fe 88 0f c3 <8b> 4c 16 fc 8b 36 89 4c 17 fc 89 37 c3 0f 1f 00 48 8b 4c 16 f8 48
[  805.967333] mt7921e 0000:03:00.0 wlp3s0: renamed from wlan0
[  807.002516] iwd[5751]: segfault at c ip 00007f218ee7fc00 sp 00007fff4b5ea778 error 4 in libc.so.6[a7c00,7f218ee00000+159000] likely on CPU 0 (core 0, socket 0)
[  807.002550] Code: f0 0f 11 07 0f 11 4c 17 f0 c3 83 fa 08 73 2b 83 fa 04 73 16 83 fa 01 7c 10 8a 0e 74 0a 0f b7 74 16 fe 66 89 74 17 fe 88 0f c3 <8b> 4c 16 fc 8b 36 89 4c 17 fc 89 37 c3 0f 1f 00 48 8b 4c 16 f8 48
[  807.045233] mt7921e 0000:03:00.0 wlp3s0: renamed from wlan0
[  808.086690] iwd[5757]: segfault at c ip 00007f4350216c00 sp 00007ffc9320ce58 error 4 in libc.so.6[a7c00,7f4350197000+159000] likely on CPU 0 (core 0, socket 0)
[  808.086723] Code: f0 0f 11 07 0f 11 4c 17 f0 c3 83 fa 08 73 2b 83 fa 04 73 16 83 fa 01 7c 10 8a 0e 74 0a 0f b7 74 16 fe 66 89 74 17 fe 88 0f c3 <8b> 4c 16 fc 8b 36 89 4c 17 fc 89 37 c3 0f 1f 00 48 8b 4c 16 f8 48
[  808.158075] mt7921e 0000:03:00.0 wlp3s0: renamed from wlan0 (while UP)
[  809.163936] iwd[5763]: segfault at c ip 00007fb6a0cefc00 sp 00007fff8d747c48 error 4 in libc.so.6[a7c00,7fb6a0c70000+159000] likely on CPU 0 (core 0, socket 0)
[  809.163971] Code: f0 0f 11 07 0f 11 4c 17 f0 c3 83 fa 08 73 2b 83 fa 04 73 16 83 fa 01 7c 10 8a 0e 74 0a 0f b7 74 16 fe 66 89 74 17 fe 88 0f c3 <8b> 4c 16 fc 8b 36 89 4c 17 fc 89 37 c3 0f 1f 00 48 8b 4c 16 f8 48
[  809.233235] mt7921e 0000:03:00.0 wlp3s0: renamed from wlan0 (while UP)
[  810.238588] iwd[5769]: segfault at c ip 00007f53cb2efc00 sp 00007ffd7f4a5328 error 4 in libc.so.6[a7c00,7f53cb270000+159000] likely on CPU 0 (core 0, socket 0)
[  810.238625] Code: f0 0f 11 07 0f 11 4c 17 f0 c3 83 fa 08 73 2b 83 fa 04 73 16 83 fa 01 7c 10 8a 0e 74 0a 0f b7 74 16 fe 66 89 74 17 fe 88 0f c3 <8b> 4c 16 fc 8b 36 89 4c 17 fc 89 37 c3 0f 1f 00 48 8b 4c 16 f8 48
[  810.309007] mt7921e 0000:03:00.0 wlp3s0: renamed from wlan0 (while UP)
[  811.318500] iwd[5777]: segfault at c ip 00007f1669f97c00 sp 00007ffce97d8c78 error 4 in libc.so.6[a7c00,7f1669f18000+159000] likely on CPU 0 (core 0, socket 0)
[  811.318532] Code: f0 0f 11 07 0f 11 4c 17 f0 c3 83 fa 08 73 2b 83 fa 04 73 16 83 fa 01 7c 10 8a 0e 74 0a 0f b7 74 16 fe 66 89 74 17 fe 88 0f c3 <8b> 4c 16 fc 8b 36 89 4c 17 fc 89 37 c3 0f 1f 00 48 8b 4c 16 f8 48
[  811.364883] mt7921e 0000:03:00.0 wlp3s0: renamed from wlan0
[  812.406702] iwd[5783]: segfault at c ip 00007f68fca68c00 sp 00007fff0312c1e8 error 4 in libc.so.6[a7c00,7f68fc9e9000+159000] likely on CPU 0 (core 0, socket 0)
[  812.406735] Code: f0 0f 11 07 0f 11 4c 17 f0 c3 83 fa 08 73 2b 83 fa 04 73 16 83 fa 01 7c 10 8a 0e 74 0a 0f b7 74 16 fe 66 89 74 17 fe 88 0f c3 <8b> 4c 16 fc 8b 36 89 4c 17 fc 89 37 c3 0f 1f 00 48 8b 4c 16 f8 48
[  812.473387] mt7921e 0000:03:00.0 wlp3s0: renamed from wlan0 (while UP)
[  813.482408] iwd[5789]: segfault at c ip 00007f60887f7c00 sp 00007ffef7a3c048 error 4 in libc.so.6[a7c00,7f6088778000+159000] likely on CPU 1 (core 1, socket 0)
[  813.482445] Code: f0 0f 11 07 0f 11 4c 17 f0 c3 83 fa 08 73 2b 83 fa 04 73 16 83 fa 01 7c 10 8a 0e 74 0a 0f b7 74 16 fe 66 89 74 17 fe 88 0f c3 <8b> 4c 16 fc 8b 36 89 4c 17 fc 89 37 c3 0f 1f 00 48 8b 4c 16 f8 48
[  813.544221] mt7921e 0000:03:00.0 wlp3s0: renamed from wlan0 (while UP)
[  814.551329] iwd[5795]: segfault at c ip 00007f3dc0417c00 sp 00007fff8ef8f148 error 4 in libc.so.6[a7c00,7f3dc0398000+159000] likely on CPU 0 (core 0, socket 0)
[  814.551369] Code: f0 0f 11 07 0f 11 4c 17 f0 c3 83 fa 08 73 2b 83 fa 04 73 16 83 fa 01 7c 10 8a 0e 74 0a 0f b7 74 16 fe 66 89 74 17 fe 88 0f c3 <8b> 4c 16 fc 8b 36 89 4c 17 fc 89 37 c3 0f 1f 00 48 8b 4c 16 f8 48
[  814.609502] mt7921e 0000:03:00.0 wlp3s0: renamed from wlan0 (while UP)
[  815.618653] iwd[5801]: segfault at c ip 00007efeac1ecc00 sp 00007ffda71b1c08 error 4 in libc.so.6[a7c00,7efeac16d000+159000] likely on CPU 0 (core 0, socket 0)
[  815.618704] Code: f0 0f 11 07 0f 11 4c 17 f0 c3 83 fa 08 73 2b 83 fa 04 73 16 83 fa 01 7c 10 8a 0e 74 0a 0f b7 74 16 fe 66 89 74 17 fe 88 0f c3 <8b> 4c 16 fc 8b 36 89 4c 17 fc 89 37 c3 0f 1f 00 48 8b 4c 16 f8 48
[  815.678354] mt7921e 0000:03:00.0 wlp3s0: renamed from wlan0 (while UP)
[  816.682582] iwd[5807]: segfault at c ip 00007f31dd4ecc00 sp 00007ffe5ba57288 error 4 in libc.so.6[a7c00,7f31dd46d000+159000] likely on CPU 0 (core 0, socket 0)
[  816.682614] Code: f0 0f 11 07 0f 11 4c 17 f0 c3 83 fa 08 73 2b 83 fa 04 73 16 83 fa 01 7c 10 8a 0e 74 0a 0f b7 74 16 fe 66 89 74 17 fe 88 0f c3 <8b> 4c 16 fc 8b 36 89 4c 17 fc 89 37 c3 0f 1f 00 48 8b 4c 16 f8 48
[  816.717913] mt7921e 0000:03:00.0 wlp3s0: renamed from wlan0
[  817.755380] iwd[5815]: segfault at c ip 00007f0dbcc76c00 sp 00007fff4910ae98 error 4 in libc.so.6[a7c00,7f0dbcbf7000+159000] likely on CPU 0 (core 0, socket 0)
[  817.755438] Code: f0 0f 11 07 0f 11 4c 17 f0 c3 83 fa 08 73 2b 83 fa 04 73 16 83 fa 01 7c 10 8a 0e 74 0a 0f b7 74 16 fe 66 89 74 17 fe 88 0f c3 <8b> 4c 16 fc 8b 36 89 4c 17 fc 89 37 c3 0f 1f 00 48 8b 4c 16 f8 48
[  817.814528] mt7921e 0000:03:00.0 wlp3s0: renamed from wlan0 (while UP)
[  818.823764] iwd[5821]: segfault at c ip 00007f9adb679c00 sp 00007fffab51ec28 error 4 in libc.so.6[a7c00,7f9adb5fa000+159000] likely on CPU 0 (core 0, socket 0)
[  818.823801] Code: f0 0f 11 07 0f 11 4c 17 f0 c3 83 fa 08 73 2b 83 fa 04 73 16 83 fa 01 7c 10 8a 0e 74 0a 0f b7 74 16 fe 66 89 74 17 fe 88 0f c3 <8b> 4c 16 fc 8b 36 89 4c 17 fc 89 37 c3 0f 1f 00 48 8b 4c 16 f8 48
[  818.886824] mt7921e 0000:03:00.0 wlp3s0: renamed from wlan0 (while UP)
[  819.895226] iwd[5827]: segfault at c ip 00007f7078d11c00 sp 00007ffe02212d78 error 4 in libc.so.6[a7c00,7f7078c92000+159000] likely on CPU 1 (core 1, socket 0)
[  819.895263] Code: f0 0f 11 07 0f 11 4c 17 f0 c3 83 fa 08 73 2b 83 fa 04 73 16 83 fa 01 7c 10 8a 0e 74 0a 0f b7 74 16 fe 66 89 74 17 fe 88 0f c3 <8b> 4c 16 fc 8b 36 89 4c 17 fc 89 37 c3 0f 1f 00 48 8b 4c 16 f8 48
[  819.964850] mt7921e 0000:03:00.0 wlp3s0: renamed from wlan0 (while UP)
[  820.972469] iwd[5833]: segfault at c ip 00007fe563e3bc00 sp 00007ffc205ba1e8 error 4 in libc.so.6[a7c00,7fe563dbc000+159000] likely on CPU 1 (core 1, socket 0)
[  820.972501] Code: f0 0f 11 07 0f 11 4c 17 f0 c3 83 fa 08 73 2b 83 fa 04 73 16 83 fa 01 7c 10 8a 0e 74 0a 0f b7 74 16 fe 66 89 74 17 fe 88 0f c3 <8b> 4c 16 fc 8b 36 89 4c 17 fc 89 37 c3 0f 1f 00 48 8b 4c 16 f8 48
[  821.037436] mt7921e 0000:03:00.0 wlp3s0: renamed from wlan0 (while UP)
[  822.043485] iwd[5841]: segfault at c ip 00007f1d633b6c00 sp 00007ffed36da138 error 4 in libc.so.6[a7c00,7f1d63337000+159000] likely on CPU 0 (core 0, socket 0)
[  822.043517] Code: f0 0f 11 07 0f 11 4c 17 f0 c3 83 fa 08 73 2b 83 fa 04 73 16 83 fa 01 7c 10 8a 0e 74 0a 0f b7 74 16 fe 66 89 74 17 fe 88 0f c3 <8b> 4c 16 fc 8b 36 89 4c 17 fc 89 37 c3 0f 1f 00 48 8b 4c 16 f8 48
[  822.106844] mt7921e 0000:03:00.0 wlp3s0: renamed from wlan0 (while UP)
[  823.113767] iwd[5849]: segfault at c ip 00007f19e4af0c00 sp 00007ffea2d6bf48 error 4 in libc.so.6[a7c00,7f19e4a71000+159000] likely on CPU 0 (core 0, socket 0)
[  823.113802] Code: f0 0f 11 07 0f 11 4c 17 f0 c3 83 fa 08 73 2b 83 fa 04 73 16 83 fa 01 7c 10 8a 0e 74 0a 0f b7 74 16 fe 66 89 74 17 fe 88 0f c3 <8b> 4c 16 fc 8b 36 89 4c 17 fc 89 37 c3 0f 1f 00 48 8b 4c 16 f8 48
[  823.179396] mt7921e 0000:03:00.0 wlp3s0: renamed from wlan0 (while UP)
[  824.185608] iwd[5855]: segfault at c ip 00007f4c2a2e7c00 sp 00007ffde51701a8 error 4 in libc.so.6[a7c00,7f4c2a268000+159000] likely on CPU 0 (core 0, socket 0)
[  824.185641] Code: f0 0f 11 07 0f 11 4c 17 f0 c3 83 fa 08 73 2b 83 fa 04 73 16 83 fa 01 7c 10 8a 0e 74 0a 0f b7 74 16 fe 66 89 74 17 fe 88 0f c3 <8b> 4c 16 fc 8b 36 89 4c 17 fc 89 37 c3 0f 1f 00 48 8b 4c 16 f8 48
[  824.250136] mt7921e 0000:03:00.0 wlp3s0: renamed from wlan0 (while UP)
[  825.256329] iwd[5861]: segfault at c ip 00007fa8061eac00 sp 00007ffe33fa8d08 error 4 in libc.so.6[a7c00,7fa80616b000+159000] likely on CPU 0 (core 0, socket 0)
[  825.256385] Code: f0 0f 11 07 0f 11 4c 17 f0 c3 83 fa 08 73 2b 83 fa 04 73 16 83 fa 01 7c 10 8a 0e 74 0a 0f b7 74 16 fe 66 89 74 17 fe 88 0f c3 <8b> 4c 16 fc 8b 36 89 4c 17 fc 89 37 c3 0f 1f 00 48 8b 4c 16 f8 48
[  825.321315] mt7921e 0000:03:00.0 wlp3s0: renamed from wlan0 (while UP)
[  826.331629] iwd[5869]: segfault at c ip 00007fbe91ac9c00 sp 00007ffdd0a868f8 error 4 in libc.so.6[a7c00,7fbe91a4a000+159000] likely on CPU 0 (core 0, socket 0)
[  826.331685] Code: f0 0f 11 07 0f 11 4c 17 f0 c3 83 fa 08 73 2b 83 fa 04 73 16 83 fa 01 7c 10 8a 0e 74 0a 0f b7 74 16 fe 66 89 74 17 fe 88 0f c3 <8b> 4c 16 fc 8b 36 89 4c 17 fc 89 37 c3 0f 1f 00 48 8b 4c 16 f8 48
[  826.398123] mt7921e 0000:03:00.0 wlp3s0: renamed from wlan0 (while UP)
[  827.407396] iwd[5877]: segfault at c ip 00007ff5a63c7c00 sp 00007ffeeb5ad168 error 4 in libc.so.6[a7c00,7ff5a6348000+159000] likely on CPU 0 (core 0, socket 0)
[  827.407437] Code: f0 0f 11 07 0f 11 4c 17 f0 c3 83 fa 08 73 2b 83 fa 04 73 16 83 fa 01 7c 10 8a 0e 74 0a 0f b7 74 16 fe 66 89 74 17 fe 88 0f c3 <8b> 4c 16 fc 8b 36 89 4c 17 fc 89 37 c3 0f 1f 00 48 8b 4c 16 f8 48
[  827.462657] mt7921e 0000:03:00.0 wlp3s0: renamed from wlan0 (while UP)
[  828.478968] iwd[5883]: segfault at c ip 00007f2913f71c00 sp 00007ffd0c028a78 error 4 in libc.so.6[a7c00,7f2913ef2000+159000] likely on CPU 1 (core 1, socket 0)
[  828.479000] Code: f0 0f 11 07 0f 11 4c 17 f0 c3 83 fa 08 73 2b 83 fa 04 73 16 83 fa 01 7c 10 8a 0e 74 0a 0f b7 74 16 fe 66 89 74 17 fe 88 0f c3 <8b> 4c 16 fc 8b 36 89 4c 17 fc 89 37 c3 0f 1f 00 48 8b 4c 16 f8 48
[  828.552118] mt7921e 0000:03:00.0 wlp3s0: renamed from wlan0 (while UP)
[  829.559083] iwd[5889]: segfault at c ip 00007f4884ddec00 sp 00007ffc9dd31978 error 4 in libc.so.6[a7c00,7f4884d5f000+159000] likely on CPU 1 (core 1, socket 0)
[  829.559127] Code: f0 0f 11 07 0f 11 4c 17 f0 c3 83 fa 08 73 2b 83 fa 04 73 16 83 fa 01 7c 10 8a 0e 74 0a 0f b7 74 16 fe 66 89 74 17 fe 88 0f c3 <8b> 4c 16 fc 8b 36 89 4c 17 fc 89 37 c3 0f 1f 00 48 8b 4c 16 f8 48
[  829.620062] mt7921e 0000:03:00.0 wlp3s0: renamed from wlan0 (while UP)
[  830.628997] iwd[5895]: segfault at c ip 00007f324014bc00 sp 00007ffc1afc1388 error 4 in libc.so.6[a7c00,7f32400cc000+159000] likely on CPU 1 (core 1, socket 0)
[  830.629083] Code: f0 0f 11 07 0f 11 4c 17 f0 c3 83 fa 08 73 2b 83 fa 04 73 16 83 fa 01 7c 10 8a 0e 74 0a 0f b7 74 16 fe 66 89 74 17 fe 88 0f c3 <8b> 4c 16 fc 8b 36 89 4c 17 fc 89 37 c3 0f 1f 00 48 8b 4c 16 f8 48
[  830.698684] mt7921e 0000:03:00.0 wlp3s0: renamed from wlan0 (while UP)
[  831.705081] iwd[5901]: segfault at c ip 00007fb04ef38c00 sp 00007ffff652ce18 error 4 in libc.so.6[a7c00,7fb04eeb9000+159000] likely on CPU 1 (core 1, socket 0)
[  831.705122] Code: f0 0f 11 07 0f 11 4c 17 f0 c3 83 fa 08 73 2b 83 fa 04 73 16 83 fa 01 7c 10 8a 0e 74 0a 0f b7 74 16 fe 66 89 74 17 fe 88 0f c3 <8b> 4c 16 fc 8b 36 89 4c 17 fc 89 37 c3 0f 1f 00 48 8b 4c 16 f8 48
[  831.771249] mt7921e 0000:03:00.0 wlp3s0: renamed from wlan0 (while UP)
[  832.777494] iwd[5907]: segfault at c ip 00007f571385ac00 sp 00007ffdb79b4c38 error 4 in libc.so.6[a7c00,7f57137db000+159000] likely on CPU 0 (core 0, socket 0)
[  832.777535] Code: f0 0f 11 07 0f 11 4c 17 f0 c3 83 fa 08 73 2b 83 fa 04 73 16 83 fa 01 7c 10 8a 0e 74 0a 0f b7 74 16 fe 66 89 74 17 fe 88 0f c3 <8b> 4c 16 fc 8b 36 89 4c 17 fc 89 37 c3 0f 1f 00 48 8b 4c 16 f8 48
[  832.847668] mt7921e 0000:03:00.0 wlp3s0: renamed from wlan0 (while UP)
[  833.858360] iwd[5913]: segfault at c ip 00007f6a4dcf2c00 sp 00007ffd4ae2ddb8 error 4 in libc.so.6[a7c00,7f6a4dc73000+159000] likely on CPU 0 (core 0, socket 0)
[  833.858400] Code: f0 0f 11 07 0f 11 4c 17 f0 c3 83 fa 08 73 2b 83 fa 04 73 16 83 fa 01 7c 10 8a 0e 74 0a 0f b7 74 16 fe 66 89 74 17 fe 88 0f c3 <8b> 4c 16 fc 8b 36 89 4c 17 fc 89 37 c3 0f 1f 00 48 8b 4c 16 f8 48
[  833.917377] mt7921e 0000:03:00.0 wlp3s0: renamed from wlan0 (while UP)
[  834.920990] iwd[5919]: segfault at c ip 00007f0538f12c00 sp 00007ffd2898b2b8 error 4 in libc.so.6[a7c00,7f0538e93000+159000] likely on CPU 0 (core 0, socket 0)
[  834.921022] Code: f0 0f 11 07 0f 11 4c 17 f0 c3 83 fa 08 73 2b 83 fa 04 73 16 83 fa 01 7c 10 8a 0e 74 0a 0f b7 74 16 fe 66 89 74 17 fe 88 0f c3 <8b> 4c 16 fc 8b 36 89 4c 17 fc 89 37 c3 0f 1f 00 48 8b 4c 16 f8 48
[  834.985882] mt7921e 0000:03:00.0 wlp3s0: renamed from wlan0 (while UP)
[  836.000362] iwd[5925]: segfault at c ip 00007fa97470ec00 sp 00007ffd7320b628 error 4 in libc.so.6[a7c00,7fa97468f000+159000] likely on CPU 0 (core 0, socket 0)
[  836.000396] Code: f0 0f 11 07 0f 11 4c 17 f0 c3 83 fa 08 73 2b 83 fa 04 73 16 83 fa 01 7c 10 8a 0e 74 0a 0f b7 74 16 fe 66 89 74 17 fe 88 0f c3 <8b> 4c 16 fc 8b 36 89 4c 17 fc 89 37 c3 0f 1f 00 48 8b 4c 16 f8 48
[  836.069833] mt7921e 0000:03:00.0 wlp3s0: renamed from wlan0 (while UP)
[  837.074667] iwd[5931]: segfault at c ip 00007ff8d11adc00 sp 00007ffe1ec0b6e8 error 4 in libc.so.6[a7c00,7ff8d112e000+159000] likely on CPU 0 (core 0, socket 0)
[  837.074699] Code: f0 0f 11 07 0f 11 4c 17 f0 c3 83 fa 08 73 2b 83 fa 04 73 16 83 fa 01 7c 10 8a 0e 74 0a 0f b7 74 16 fe 66 89 74 17 fe 88 0f c3 <8b> 4c 16 fc 8b 36 89 4c 17 fc 89 37 c3 0f 1f 00 48 8b 4c 16 f8 48
[  837.131066] mt7921e 0000:03:00.0 wlp3s0: renamed from wlan0 (while UP)
[  838.136911] iwd[5937]: segfault at c ip 00007fe51dda3c00 sp 00007ffdb0f8bf08 error 4 in libc.so.6[a7c00,7fe51dd24000+159000] likely on CPU 1 (core 1, socket 0)
[  838.136948] Code: f0 0f 11 07 0f 11 4c 17 f0 c3 83 fa 08 73 2b 83 fa 04 73 16 83 fa 01 7c 10 8a 0e 74 0a 0f b7 74 16 fe 66 89 74 17 fe 88 0f c3 <8b> 4c 16 fc 8b 36 89 4c 17 fc 89 37 c3 0f 1f 00 48 8b 4c 16 f8 48
[  838.203877] mt7921e 0000:03:00.0 wlp3s0: renamed from wlan0 (while UP)
[  839.208184] iwd[5943]: segfault at c ip 00007fb2d3ea6c00 sp 00007ffd88095e68 error 4 in libc.so.6[a7c00,7fb2d3e27000+159000] likely on CPU 1 (core 1, socket 0)
[  839.208217] Code: f0 0f 11 07 0f 11 4c 17 f0 c3 83 fa 08 73 2b 83 fa 04 73 16 83 fa 01 7c 10 8a 0e 74 0a 0f b7 74 16 fe 66 89 74 17 fe 88 0f c3 <8b> 4c 16 fc 8b 36 89 4c 17 fc 89 37 c3 0f 1f 00 48 8b 4c 16 f8 48
[  839.277913] mt7921e 0000:03:00.0 wlp3s0: renamed from wlan0 (while UP)
[  840.281644] iwd[5951]: segfault at c ip 00007f5a6c9cdc00 sp 00007ffed9d02c68 error 4 in libc.so.6[a7c00,7f5a6c94e000+159000] likely on CPU 1 (core 1, socket 0)
[  840.281677] Code: f0 0f 11 07 0f 11 4c 17 f0 c3 83 fa 08 73 2b 83 fa 04 73 16 83 fa 01 7c 10 8a 0e 74 0a 0f b7 74 16 fe 66 89 74 17 fe 88 0f c3 <8b> 4c 16 fc 8b 36 89 4c 17 fc 89 37 c3 0f 1f 00 48 8b 4c 16 f8 48
[  840.352051] mt7921e 0000:03:00.0 wlp3s0: renamed from wlan0 (while UP)
[  841.359202] iwd[5957]: segfault at c ip 00007f30a5ee8c00 sp 00007ffeeb407008 error 4 in libc.so.6[a7c00,7f30a5e69000+159000] likely on CPU 0 (core 0, socket 0)
[  841.359240] Code: f0 0f 11 07 0f 11 4c 17 f0 c3 83 fa 08 73 2b 83 fa 04 73 16 83 fa 01 7c 10 8a 0e 74 0a 0f b7 74 16 fe 66 89 74 17 fe 88 0f c3 <8b> 4c 16 fc 8b 36 89 4c 17 fc 89 37 c3 0f 1f 00 48 8b 4c 16 f8 48
[  841.421348] mt7921e 0000:03:00.0 wlp3s0: renamed from wlan0 (while UP)
[  842.429157] iwd[5963]: segfault at c ip 00007fcf85987c00 sp 00007ffd9e7d0968 error 4 in libc.so.6[a7c00,7fcf85908000+159000] likely on CPU 1 (core 1, socket 0)
[  842.429189] Code: f0 0f 11 07 0f 11 4c 17 f0 c3 83 fa 08 73 2b 83 fa 04 73 16 83 fa 01 7c 10 8a 0e 74 0a 0f b7 74 16 fe 66 89 74 17 fe 88 0f c3 <8b> 4c 16 fc 8b 36 89 4c 17 fc 89 37 c3 0f 1f 00 48 8b 4c 16 f8 48
[  842.491618] mt7921e 0000:03:00.0 wlp3s0: renamed from wlan0 (while UP)
[  843.500241] iwd[5969]: segfault at c ip 00007fa7ced90c00 sp 00007ffc83065868 error 4 in libc.so.6[a7c00,7fa7ced11000+159000] likely on CPU 1 (core 1, socket 0)
[  843.500276] Code: f0 0f 11 07 0f 11 4c 17 f0 c3 83 fa 08 73 2b 83 fa 04 73 16 83 fa 01 7c 10 8a 0e 74 0a 0f b7 74 16 fe 66 89 74 17 fe 88 0f c3 <8b> 4c 16 fc 8b 36 89 4c 17 fc 89 37 c3 0f 1f 00 48 8b 4c 16 f8 48
[  843.563153] mt7921e 0000:03:00.0 wlp3s0: renamed from wlan0 (while UP)
[  844.574492] iwd[5975]: segfault at c ip 00007fa606b23c00 sp 00007ffdaeff2c78 error 4 in libc.so.6[a7c00,7fa606aa4000+159000] likely on CPU 0 (core 0, socket 0)
[  844.574529] Code: f0 0f 11 07 0f 11 4c 17 f0 c3 83 fa 08 73 2b 83 fa 04 73 16 83 fa 01 7c 10 8a 0e 74 0a 0f b7 74 16 fe 66 89 74 17 fe 88 0f c3 <8b> 4c 16 fc 8b 36 89 4c 17 fc 89 37 c3 0f 1f 00 48 8b 4c 16 f8 48
[  844.636353] mt7921e 0000:03:00.0 wlp3s0: renamed from wlan0 (while UP)
[  845.647116] iwd[5981]: segfault at c ip 00007f472b8d4c00 sp 00007fffbda8bbc8 error 4 in libc.so.6[a7c00,7f472b855000+159000] likely on CPU 0 (core 0, socket 0)
[  845.647148] Code: f0 0f 11 07 0f 11 4c 17 f0 c3 83 fa 08 73 2b 83 fa 04 73 16 83 fa 01 7c 10 8a 0e 74 0a 0f b7 74 16 fe 66 89 74 17 fe 88 0f c3 <8b> 4c 16 fc 8b 36 89 4c 17 fc 89 37 c3 0f 1f 00 48 8b 4c 16 f8 48
[  845.706836] mt7921e 0000:03:00.0 wlp3s0: renamed from wlan0 (while UP)
[  846.714651] iwd[5987]: segfault at c ip 00007fb4c2cdac00 sp 00007ffef83423b8 error 4 in libc.so.6[a7c00,7fb4c2c5b000+159000] likely on CPU 0 (core 0, socket 0)
[  846.714703] Code: f0 0f 11 07 0f 11 4c 17 f0 c3 83 fa 08 73 2b 83 fa 04 73 16 83 fa 01 7c 10 8a 0e 74 0a 0f b7 74 16 fe 66 89 74 17 fe 88 0f c3 <8b> 4c 16 fc 8b 36 89 4c 17 fc 89 37 c3 0f 1f 00 48 8b 4c 16 f8 48
[  846.782320] mt7921e 0000:03:00.0 wlp3s0: renamed from wlan0 (while UP)
[  847.789008] iwd[5993]: segfault at c ip 00007f403451ac00 sp 00007ffde843d318 error 4 in libc.so.6[a7c00,7f403449b000+159000] likely on CPU 0 (core 0, socket 0)
[  847.789045] Code: f0 0f 11 07 0f 11 4c 17 f0 c3 83 fa 08 73 2b 83 fa 04 73 16 83 fa 01 7c 10 8a 0e 74 0a 0f b7 74 16 fe 66 89 74 17 fe 88 0f c3 <8b> 4c 16 fc 8b 36 89 4c 17 fc 89 37 c3 0f 1f 00 48 8b 4c 16 f8 48
[  847.853817] mt7921e 0000:03:00.0 wlp3s0: renamed from wlan0 (while UP)
[  848.860574] iwd[5999]: segfault at c ip 00007f0c47f14c00 sp 00007ffe4bf2b2c8 error 4 in libc.so.6[a7c00,7f0c47e95000+159000] likely on CPU 0 (core 0, socket 0)
[  848.860615] Code: f0 0f 11 07 0f 11 4c 17 f0 c3 83 fa 08 73 2b 83 fa 04 73 16 83 fa 01 7c 10 8a 0e 74 0a 0f b7 74 16 fe 66 89 74 17 fe 88 0f c3 <8b> 4c 16 fc 8b 36 89 4c 17 fc 89 37 c3 0f 1f 00 48 8b 4c 16 f8 48
[  848.934035] mt7921e 0000:03:00.0 wlp3s0: renamed from wlan0 (while UP)
[  849.941644] iwd[6005]: segfault at c ip 00007f9e38cb3c00 sp 00007ffefec75db8 error 4 in libc.so.6[a7c00,7f9e38c34000+159000] likely on CPU 0 (core 0, socket 0)
[  849.941680] Code: f0 0f 11 07 0f 11 4c 17 f0 c3 83 fa 08 73 2b 83 fa 04 73 16 83 fa 01 7c 10 8a 0e 74 0a 0f b7 74 16 fe 66 89 74 17 fe 88 0f c3 <8b> 4c 16 fc 8b 36 89 4c 17 fc 89 37 c3 0f 1f 00 48 8b 4c 16 f8 48
[  850.004748] mt7921e 0000:03:00.0 wlp3s0: renamed from wlan0 (while UP)
[  851.012064] iwd[6011]: segfault at c ip 00007fd408746c00 sp 00007ffc9c148438 error 4 in libc.so.6[a7c00,7fd4086c7000+159000] likely on CPU 0 (core 0, socket 0)
[  851.012097] Code: f0 0f 11 07 0f 11 4c 17 f0 c3 83 fa 08 73 2b 83 fa 04 73 16 83 fa 01 7c 10 8a 0e 74 0a 0f b7 74 16 fe 66 89 74 17 fe 88 0f c3 <8b> 4c 16 fc 8b 36 89 4c 17 fc 89 37 c3 0f 1f 00 48 8b 4c 16 f8 48
[  851.075576] mt7921e 0000:03:00.0 wlp3s0: renamed from wlan0 (while UP)
[  852.082473] iwd[6019]: segfault at c ip 00007fee2c565c00 sp 00007ffd48848af8 error 4 in libc.so.6[a7c00,7fee2c4e6000+159000] likely on CPU 0 (core 0, socket 0)
[  852.082513] Code: f0 0f 11 07 0f 11 4c 17 f0 c3 83 fa 08 73 2b 83 fa 04 73 16 83 fa 01 7c 10 8a 0e 74 0a 0f b7 74 16 fe 66 89 74 17 fe 88 0f c3 <8b> 4c 16 fc 8b 36 89 4c 17 fc 89 37 c3 0f 1f 00 48 8b 4c 16 f8 48
[  852.152587] mt7921e 0000:03:00.0 wlp3s0: renamed from wlan0 (while UP)
[  853.160376] iwd[6025]: segfault at c ip 00007efc7a9a3c00 sp 00007ffe49386c18 error 4 in libc.so.6[a7c00,7efc7a924000+159000] likely on CPU 1 (core 1, socket 0)
[  853.160413] Code: f0 0f 11 07 0f 11 4c 17 f0 c3 83 fa 08 73 2b 83 fa 04 73 16 83 fa 01 7c 10 8a 0e 74 0a 0f b7 74 16 fe 66 89 74 17 fe 88 0f c3 <8b> 4c 16 fc 8b 36 89 4c 17 fc 89 37 c3 0f 1f 00 48 8b 4c 16 f8 48
[  853.221163] mt7921e 0000:03:00.0 wlp3s0: renamed from wlan0 (while UP)
[  854.226942] iwd[6031]: segfault at c ip 00007f990ae86c00 sp 00007ffe07518bc8 error 4 in libc.so.6[a7c00,7f990ae07000+159000] likely on CPU 1 (core 1, socket 0)
[  854.226979] Code: f0 0f 11 07 0f 11 4c 17 f0 c3 83 fa 08 73 2b 83 fa 04 73 16 83 fa 01 7c 10 8a 0e 74 0a 0f b7 74 16 fe 66 89 74 17 fe 88 0f c3 <8b> 4c 16 fc 8b 36 89 4c 17 fc 89 37 c3 0f 1f 00 48 8b 4c 16 f8 48
[  854.293521] mt7921e 0000:03:00.0 wlp3s0: renamed from wlan0 (while UP)
[  855.297127] iwd[6037]: segfault at c ip 00007fe920df5c00 sp 00007ffce3a6c308 error 4 in libc.so.6[a7c00,7fe920d76000+159000] likely on CPU 0 (core 0, socket 0)
[  855.297159] Code: f0 0f 11 07 0f 11 4c 17 f0 c3 83 fa 08 73 2b 83 fa 04 73 16 83 fa 01 7c 10 8a 0e 74 0a 0f b7 74 16 fe 66 89 74 17 fe 88 0f c3 <8b> 4c 16 fc 8b 36 89 4c 17 fc 89 37 c3 0f 1f 00 48 8b 4c 16 f8 48
[  855.359803] mt7921e 0000:03:00.0 wlp3s0: renamed from wlan0 (while UP)
[  856.370367] iwd[6043]: segfault at c ip 00007fc7d28c8c00 sp 00007fff4e67fef8 error 4 in libc.so.6[a7c00,7fc7d2849000+159000] likely on CPU 1 (core 1, socket 0)
[  856.370401] Code: f0 0f 11 07 0f 11 4c 17 f0 c3 83 fa 08 73 2b 83 fa 04 73 16 83 fa 01 7c 10 8a 0e 74 0a 0f b7 74 16 fe 66 89 74 17 fe 88 0f c3 <8b> 4c 16 fc 8b 36 89 4c 17 fc 89 37 c3 0f 1f 00 48 8b 4c 16 f8 48
[  856.411413] mt7921e 0000:03:00.0 wlp3s0: renamed from wlan0
[  857.447375] iwd[6049]: segfault at c ip 00007fc3eb774c00 sp 00007ffcc89fc9d8 error 4 in libc.so.6[a7c00,7fc3eb6f5000+159000] likely on CPU 1 (core 1, socket 0)
[  857.447407] Code: f0 0f 11 07 0f 11 4c 17 f0 c3 83 fa 08 73 2b 83 fa 04 73 16 83 fa 01 7c 10 8a 0e 74 0a 0f b7 74 16 fe 66 89 74 17 fe 88 0f c3 <8b> 4c 16 fc 8b 36 89 4c 17 fc 89 37 c3 0f 1f 00 48 8b 4c 16 f8 48
[  857.515077] mt7921e 0000:03:00.0 wlp3s0: renamed from wlan0 (while UP)
[  858.520228] iwd[6055]: segfault at c ip 00007f09ca306c00 sp 00007ffc1a48f3d8 error 4 in libc.so.6[a7c00,7f09ca287000+159000] likely on CPU 1 (core 1, socket 0)
[  858.520261] Code: f0 0f 11 07 0f 11 4c 17 f0 c3 83 fa 08 73 2b 83 fa 04 73 16 83 fa 01 7c 10 8a 0e 74 0a 0f b7 74 16 fe 66 89 74 17 fe 88 0f c3 <8b> 4c 16 fc 8b 36 89 4c 17 fc 89 37 c3 0f 1f 00 48 8b 4c 16 f8 48
[  858.584099] mt7921e 0000:03:00.0 wlp3s0: renamed from wlan0 (while UP)
[  859.590543] iwd[6063]: segfault at c ip 00007fc90257bc00 sp 00007ffe4cb738e8 error 4 in libc.so.6[a7c00,7fc9024fc000+159000] likely on CPU 1 (core 1, socket 0)
[  859.590582] Code: f0 0f 11 07 0f 11 4c 17 f0 c3 83 fa 08 73 2b 83 fa 04 73 16 83 fa 01 7c 10 8a 0e 74 0a 0f b7 74 16 fe 66 89 74 17 fe 88 0f c3 <8b> 4c 16 fc 8b 36 89 4c 17 fc 89 37 c3 0f 1f 00 48 8b 4c 16 f8 48
[  859.656975] mt7921e 0000:03:00.0 wlp3s0: renamed from wlan0 (while UP)
[  860.662900] iwd[6069]: segfault at c ip 00007f88c56a3c00 sp 00007ffe62ab3768 error 4 in libc.so.6[a7c00,7f88c5624000+159000] likely on CPU 0 (core 0, socket 0)
[  860.662941] Code: f0 0f 11 07 0f 11 4c 17 f0 c3 83 fa 08 73 2b 83 fa 04 73 16 83 fa 01 7c 10 8a 0e 74 0a 0f b7 74 16 fe 66 89 74 17 fe 88 0f c3 <8b> 4c 16 fc 8b 36 89 4c 17 fc 89 37 c3 0f 1f 00 48 8b 4c 16 f8 48
[  860.737661] mt7921e 0000:03:00.0 wlp3s0: renamed from wlan0 (while UP)
[  861.744734] iwd[6075]: segfault at c ip 00007fdd08eb2c00 sp 00007ffe7667f7a8 error 4 in libc.so.6[a7c00,7fdd08e33000+159000] likely on CPU 0 (core 0, socket 0)
[  861.744766] Code: f0 0f 11 07 0f 11 4c 17 f0 c3 83 fa 08 73 2b 83 fa 04 73 16 83 fa 01 7c 10 8a 0e 74 0a 0f b7 74 16 fe 66 89 74 17 fe 88 0f c3 <8b> 4c 16 fc 8b 36 89 4c 17 fc 89 37 c3 0f 1f 00 48 8b 4c 16 f8 48
[  861.807369] mt7921e 0000:03:00.0 wlp3s0: renamed from wlan0 (while UP)
[  862.815592] iwd[6083]: segfault at c ip 00007fc9ffa87c00 sp 00007ffe836c4f58 error 4 in libc.so.6[a7c00,7fc9ffa08000+159000] likely on CPU 1 (core 1, socket 0)
[  862.815631] Code: f0 0f 11 07 0f 11 4c 17 f0 c3 83 fa 08 73 2b 83 fa 04 73 16 83 fa 01 7c 10 8a 0e 74 0a 0f b7 74 16 fe 66 89 74 17 fe 88 0f c3 <8b> 4c 16 fc 8b 36 89 4c 17 fc 89 37 c3 0f 1f 00 48 8b 4c 16 f8 48
[  862.850941] mt7921e 0000:03:00.0 wlp3s0: renamed from wlan0
[  863.884255] iwd[6089]: segfault at c ip 00007ff4d4282c00 sp 00007ffcb47a77b8 error 4 in libc.so.6[a7c00,7ff4d4203000+159000] likely on CPU 1 (core 1, socket 0)
[  863.884287] Code: f0 0f 11 07 0f 11 4c 17 f0 c3 83 fa 08 73 2b 83 fa 04 73 16 83 fa 01 7c 10 8a 0e 74 0a 0f b7 74 16 fe 66 89 74 17 fe 88 0f c3 <8b> 4c 16 fc 8b 36 89 4c 17 fc 89 37 c3 0f 1f 00 48 8b 4c 16 f8 48
[  863.943888] mt7921e 0000:03:00.0 wlp3s0: renamed from wlan0 (while UP)
[  864.958916] iwd[6095]: segfault at c ip 00007f5edb8b8c00 sp 00007fff7c434e58 error 4 in libc.so.6[a7c00,7f5edb839000+159000] likely on CPU 0 (core 0, socket 0)
[  864.958951] Code: f0 0f 11 07 0f 11 4c 17 f0 c3 83 fa 08 73 2b 83 fa 04 73 16 83 fa 01 7c 10 8a 0e 74 0a 0f b7 74 16 fe 66 89 74 17 fe 88 0f c3 <8b> 4c 16 fc 8b 36 89 4c 17 fc 89 37 c3 0f 1f 00 48 8b 4c 16 f8 48
[  865.029403] mt7921e 0000:03:00.0 wlp3s0: renamed from wlan0 (while UP)
[  866.043671] iwd[6101]: segfault at c ip 00007fdec490cc00 sp 00007ffd93c04148 error 4 in libc.so.6[a7c00,7fdec488d000+159000] likely on CPU 1 (core 1, socket 0)
[  866.043705] Code: f0 0f 11 07 0f 11 4c 17 f0 c3 83 fa 08 73 2b 83 fa 04 73 16 83 fa 01 7c 10 8a 0e 74 0a 0f b7 74 16 fe 66 89 74 17 fe 88 0f c3 <8b> 4c 16 fc 8b 36 89 4c 17 fc 89 37 c3 0f 1f 00 48 8b 4c 16 f8 48
[  866.110911] mt7921e 0000:03:00.0 wlp3s0: renamed from wlan0 (while UP)
[  867.121587] iwd[6107]: segfault at c ip 00007fd3a777fc00 sp 00007ffc064f3648 error 4 in libc.so.6[a7c00,7fd3a7700000+159000] likely on CPU 0 (core 0, socket 0)
[  867.121625] Code: f0 0f 11 07 0f 11 4c 17 f0 c3 83 fa 08 73 2b 83 fa 04 73 16 83 fa 01 7c 10 8a 0e 74 0a 0f b7 74 16 fe 66 89 74 17 fe 88 0f c3 <8b> 4c 16 fc 8b 36 89 4c 17 fc 89 37 c3 0f 1f 00 48 8b 4c 16 f8 48
[  867.174443] mt7921e 0000:03:00.0 wlp3s0: renamed from wlan0 (while UP)
[  868.180376] iwd[6113]: segfault at c ip 00007fc06bf57c00 sp 00007ffce2dcdf68 error 4 in libc.so.6[a7c00,7fc06bed8000+159000] likely on CPU 1 (core 1, socket 0)
[  868.180413] Code: f0 0f 11 07 0f 11 4c 17 f0 c3 83 fa 08 73 2b 83 fa 04 73 16 83 fa 01 7c 10 8a 0e 74 0a 0f b7 74 16 fe 66 89 74 17 fe 88 0f c3 <8b> 4c 16 fc 8b 36 89 4c 17 fc 89 37 c3 0f 1f 00 48 8b 4c 16 f8 48
[  868.238658] mt7921e 0000:03:00.0 wlp3s0: renamed from wlan0 (while UP)
[  869.249014] iwd[6119]: segfault at c ip 00007f8af97a2c00 sp 00007fff0ce33068 error 4 in libc.so.6[a7c00,7f8af9723000+159000] likely on CPU 0 (core 0, socket 0)
[  869.249049] Code: f0 0f 11 07 0f 11 4c 17 f0 c3 83 fa 08 73 2b 83 fa 04 73 16 83 fa 01 7c 10 8a 0e 74 0a 0f b7 74 16 fe 66 89 74 17 fe 88 0f c3 <8b> 4c 16 fc 8b 36 89 4c 17 fc 89 37 c3 0f 1f 00 48 8b 4c 16 f8 48
[  869.319107] mt7921e 0000:03:00.0 wlp3s0: renamed from wlan0 (while UP)
[  870.328179] iwd[6127]: segfault at c ip 00007fa7487a0c00 sp 00007ffce671a008 error 4 in libc.so.6[a7c00,7fa748721000+159000] likely on CPU 0 (core 0, socket 0)
[  870.328220] Code: f0 0f 11 07 0f 11 4c 17 f0 c3 83 fa 08 73 2b 83 fa 04 73 16 83 fa 01 7c 10 8a 0e 74 0a 0f b7 74 16 fe 66 89 74 17 fe 88 0f c3 <8b> 4c 16 fc 8b 36 89 4c 17 fc 89 37 c3 0f 1f 00 48 8b 4c 16 f8 48
[  870.391804] mt7921e 0000:03:00.0 wlp3s0: renamed from wlan0 (while UP)
[  871.395939] iwd[6133]: segfault at c ip 00007f65688ebc00 sp 00007fff3ce82d38 error 4 in libc.so.6[a7c00,7f656886c000+159000] likely on CPU 0 (core 0, socket 0)
[  871.395956] Code: f0 0f 11 07 0f 11 4c 17 f0 c3 83 fa 08 73 2b 83 fa 04 73 16 83 fa 01 7c 10 8a 0e 74 0a 0f b7 74 16 fe 66 89 74 17 fe 88 0f c3 <8b> 4c 16 fc 8b 36 89 4c 17 fc 89 37 c3 0f 1f 00 48 8b 4c 16 f8 48
[  871.457779] mt7921e 0000:03:00.0 wlp3s0: renamed from wlan0 (while UP)
[  872.463260] iwd[6139]: segfault at c ip 00007ff1d9490c00 sp 00007ffdd79dae98 error 4 in libc.so.6[a7c00,7ff1d9411000+159000] likely on CPU 0 (core 0, socket 0)
[  872.463343] Code: f0 0f 11 07 0f 11 4c 17 f0 c3 83 fa 08 73 2b 83 fa 04 73 16 83 fa 01 7c 10 8a 0e 74 0a 0f b7 74 16 fe 66 89 74 17 fe 88 0f c3 <8b> 4c 16 fc 8b 36 89 4c 17 fc 89 37 c3 0f 1f 00 48 8b 4c 16 f8 48
[  872.532323] mt7921e 0000:03:00.0 wlp3s0: renamed from wlan0 (while UP)
[  873.536116] iwd[6145]: segfault at c ip 00007f76b4191c00 sp 00007ffd6d200dc8 error 4 in libc.so.6[a7c00,7f76b4112000+159000] likely on CPU 0 (core 0, socket 0)
[  873.536139] Code: f0 0f 11 07 0f 11 4c 17 f0 c3 83 fa 08 73 2b 83 fa 04 73 16 83 fa 01 7c 10 8a 0e 74 0a 0f b7 74 16 fe 66 89 74 17 fe 88 0f c3 <8b> 4c 16 fc 8b 36 89 4c 17 fc 89 37 c3 0f 1f 00 48 8b 4c 16 f8 48
[  873.605499] mt7921e 0000:03:00.0 wlp3s0: renamed from wlan0 (while UP)
[  874.608427] iwd[6154]: segfault at c ip 00007fb7ca099c00 sp 00007ffdde9f0118 error 4 in libc.so.6[a7c00,7fb7ca01a000+159000] likely on CPU 1 (core 1, socket 0)
[  874.608453] Code: f0 0f 11 07 0f 11 4c 17 f0 c3 83 fa 08 73 2b 83 fa 04 73 16 83 fa 01 7c 10 8a 0e 74 0a 0f b7 74 16 fe 66 89 74 17 fe 88 0f c3 <8b> 4c 16 fc 8b 36 89 4c 17 fc 89 37 c3 0f 1f 00 48 8b 4c 16 f8 48
[  874.668698] mt7921e 0000:03:00.0 wlp3s0: renamed from wlan0 (while UP)
[  875.679685] iwd[6160]: segfault at c ip 00007f1a91c1ec00 sp 00007fff770a8998 error 4 in libc.so.6[a7c00,7f1a91b9f000+159000] likely on CPU 1 (core 1, socket 0)
[  875.679720] Code: f0 0f 11 07 0f 11 4c 17 f0 c3 83 fa 08 73 2b 83 fa 04 73 16 83 fa 01 7c 10 8a 0e 74 0a 0f b7 74 16 fe 66 89 74 17 fe 88 0f c3 <8b> 4c 16 fc 8b 36 89 4c 17 fc 89 37 c3 0f 1f 00 48 8b 4c 16 f8 48
[  875.747725] mt7921e 0000:03:00.0 wlp3s0: renamed from wlan0 (while UP)
[  876.753157] iwd[6166]: segfault at c ip 00007f0683d31c00 sp 00007fff0c65ceb8 error 4 in libc.so.6[a7c00,7f0683cb2000+159000] likely on CPU 1 (core 1, socket 0)
[  876.753195] Code: f0 0f 11 07 0f 11 4c 17 f0 c3 83 fa 08 73 2b 83 fa 04 73 16 83 fa 01 7c 10 8a 0e 74 0a 0f b7 74 16 fe 66 89 74 17 fe 88 0f c3 <8b> 4c 16 fc 8b 36 89 4c 17 fc 89 37 c3 0f 1f 00 48 8b 4c 16 f8 48
[  876.820565] mt7921e 0000:03:00.0 wlp3s0: renamed from wlan0 (while UP)
[  877.833285] iwd[6172]: segfault at c ip 00007f680236ec00 sp 00007fff99686d28 error 4 in libc.so.6[a7c00,7f68022ef000+159000] likely on CPU 1 (core 1, socket 0)
[  877.833361] Code: f0 0f 11 07 0f 11 4c 17 f0 c3 83 fa 08 73 2b 83 fa 04 73 16 83 fa 01 7c 10 8a 0e 74 0a 0f b7 74 16 fe 66 89 74 17 fe 88 0f c3 <8b> 4c 16 fc 8b 36 89 4c 17 fc 89 37 c3 0f 1f 00 48 8b 4c 16 f8 48
[  877.897323] mt7921e 0000:03:00.0 wlp3s0: renamed from wlan0 (while UP)
[  878.901428] iwd[6178]: segfault at c ip 00007f2b7dcc0c00 sp 00007fff171087b8 error 4 in libc.so.6[a7c00,7f2b7dc41000+159000] likely on CPU 1 (core 1, socket 0)
[  878.901461] Code: f0 0f 11 07 0f 11 4c 17 f0 c3 83 fa 08 73 2b 83 fa 04 73 16 83 fa 01 7c 10 8a 0e 74 0a 0f b7 74 16 fe 66 89 74 17 fe 88 0f c3 <8b> 4c 16 fc 8b 36 89 4c 17 fc 89 37 c3 0f 1f 00 48 8b 4c 16 f8 48
[  878.963776] mt7921e 0000:03:00.0 wlp3s0: renamed from wlan0 (while UP)
[  879.969722] iwd[6184]: segfault at c ip 00007f13ff831c00 sp 00007ffc8d0f30a8 error 4 in libc.so.6[a7c00,7f13ff7b2000+159000] likely on CPU 0 (core 0, socket 0)
[  879.969757] Code: f0 0f 11 07 0f 11 4c 17 f0 c3 83 fa 08 73 2b 83 fa 04 73 16 83 fa 01 7c 10 8a 0e 74 0a 0f b7 74 16 fe 66 89 74 17 fe 88 0f c3 <8b> 4c 16 fc 8b 36 89 4c 17 fc 89 37 c3 0f 1f 00 48 8b 4c 16 f8 48
[  880.033554] mt7921e 0000:03:00.0 wlp3s0: renamed from wlan0 (while UP)
[  881.041220] iwd[6190]: segfault at c ip 00007f5ad9b47c00 sp 00007ffdf2675928 error 4 in libc.so.6[a7c00,7f5ad9ac8000+159000] likely on CPU 0 (core 0, socket 0)
[  881.041257] Code: f0 0f 11 07 0f 11 4c 17 f0 c3 83 fa 08 73 2b 83 fa 04 73 16 83 fa 01 7c 10 8a 0e 74 0a 0f b7 74 16 fe 66 89 74 17 fe 88 0f c3 <8b> 4c 16 fc 8b 36 89 4c 17 fc 89 37 c3 0f 1f 00 48 8b 4c 16 f8 48
[  881.105175] mt7921e 0000:03:00.0 wlp3s0: renamed from wlan0 (while UP)
[  882.130970] iwd[6196]: segfault at c ip 00007f375e832c00 sp 00007ffcd570a968 error 4 in libc.so.6[a7c00,7f375e7b3000+159000] likely on CPU 0 (core 0, socket 0)
[  882.131003] Code: f0 0f 11 07 0f 11 4c 17 f0 c3 83 fa 08 73 2b 83 fa 04 73 16 83 fa 01 7c 10 8a 0e 74 0a 0f b7 74 16 fe 66 89 74 17 fe 88 0f c3 <8b> 4c 16 fc 8b 36 89 4c 17 fc 89 37 c3 0f 1f 00 48 8b 4c 16 f8 48
[  882.198329] mt7921e 0000:03:00.0 wlp3s0: renamed from wlan0 (while UP)
[  883.202449] iwd[6202]: segfault at c ip 00007f687772cc00 sp 00007ffd5ffbeb28 error 4 in libc.so.6[a7c00,7f68776ad000+159000] likely on CPU 0 (core 0, socket 0)
[  883.202481] Code: f0 0f 11 07 0f 11 4c 17 f0 c3 83 fa 08 73 2b 83 fa 04 73 16 83 fa 01 7c 10 8a 0e 74 0a 0f b7 74 16 fe 66 89 74 17 fe 88 0f c3 <8b> 4c 16 fc 8b 36 89 4c 17 fc 89 37 c3 0f 1f 00 48 8b 4c 16 f8 48
[  883.267116] mt7921e 0000:03:00.0 wlp3s0: renamed from wlan0 (while UP)
[  884.274227] iwd[6208]: segfault at c ip 00007fe49800ec00 sp 00007ffcfe747448 error 4 in libc.so.6[a7c00,7fe497f8f000+159000] likely on CPU 0 (core 0, socket 0)
[  884.274268] Code: f0 0f 11 07 0f 11 4c 17 f0 c3 83 fa 08 73 2b 83 fa 04 73 16 83 fa 01 7c 10 8a 0e 74 0a 0f b7 74 16 fe 66 89 74 17 fe 88 0f c3 <8b> 4c 16 fc 8b 36 89 4c 17 fc 89 37 c3 0f 1f 00 48 8b 4c 16 f8 48
[  884.336862] mt7921e 0000:03:00.0 wlp3s0: renamed from wlan0 (while UP)
[  885.343121] iwd[6214]: segfault at c ip 00007f849bec7c00 sp 00007ffd4cf32dc8 error 4 in libc.so.6[a7c00,7f849be48000+159000] likely on CPU 0 (core 0, socket 0)
[  885.343159] Code: f0 0f 11 07 0f 11 4c 17 f0 c3 83 fa 08 73 2b 83 fa 04 73 16 83 fa 01 7c 10 8a 0e 74 0a 0f b7 74 16 fe 66 89 74 17 fe 88 0f c3 <8b> 4c 16 fc 8b 36 89 4c 17 fc 89 37 c3 0f 1f 00 48 8b 4c 16 f8 48
[  885.412895] mt7921e 0000:03:00.0 wlp3s0: renamed from wlan0 (while UP)
[  886.423194] iwd[6220]: segfault at c ip 00007fc54760bc00 sp 00007fff648fea78 error 4 in libc.so.6[a7c00,7fc54758c000+159000] likely on CPU 0 (core 0, socket 0)
[  886.423235] Code: f0 0f 11 07 0f 11 4c 17 f0 c3 83 fa 08 73 2b 83 fa 04 73 16 83 fa 01 7c 10 8a 0e 74 0a 0f b7 74 16 fe 66 89 74 17 fe 88 0f c3 <8b> 4c 16 fc 8b 36 89 4c 17 fc 89 37 c3 0f 1f 00 48 8b 4c 16 f8 48
[  886.487619] mt7921e 0000:03:00.0 wlp3s0: renamed from wlan0 (while UP)
[  887.492928] iwd[6226]: segfault at c ip 00007f89e6227c00 sp 00007ffce09b3e98 error 4 in libc.so.6[a7c00,7f89e61a8000+159000] likely on CPU 0 (core 0, socket 0)
[  887.492961] Code: f0 0f 11 07 0f 11 4c 17 f0 c3 83 fa 08 73 2b 83 fa 04 73 16 83 fa 01 7c 10 8a 0e 74 0a 0f b7 74 16 fe 66 89 74 17 fe 88 0f c3 <8b> 4c 16 fc 8b 36 89 4c 17 fc 89 37 c3 0f 1f 00 48 8b 4c 16 f8 48
[  887.559415] mt7921e 0000:03:00.0 wlp3s0: renamed from wlan0 (while UP)
[  888.565047] iwd[6232]: segfault at c ip 00007fc3f9ca6c00 sp 00007ffdbd1020e8 error 4 in libc.so.6[a7c00,7fc3f9c27000+159000] likely on CPU 1 (core 1, socket 0)
[  888.565078] Code: f0 0f 11 07 0f 11 4c 17 f0 c3 83 fa 08 73 2b 83 fa 04 73 16 83 fa 01 7c 10 8a 0e 74 0a 0f b7 74 16 fe 66 89 74 17 fe 88 0f c3 <8b> 4c 16 fc 8b 36 89 4c 17 fc 89 37 c3 0f 1f 00 48 8b 4c 16 f8 48
[  888.632722] mt7921e 0000:03:00.0 wlp3s0: renamed from wlan0 (while UP)
[  889.638983] iwd[6238]: segfault at c ip 00007fd076becc00 sp 00007ffc98e170c8 error 4 in libc.so.6[a7c00,7fd076b6d000+159000] likely on CPU 0 (core 0, socket 0)
[  889.639015] Code: f0 0f 11 07 0f 11 4c 17 f0 c3 83 fa 08 73 2b 83 fa 04 73 16 83 fa 01 7c 10 8a 0e 74 0a 0f b7 74 16 fe 66 89 74 17 fe 88 0f c3 <8b> 4c 16 fc 8b 36 89 4c 17 fc 89 37 c3 0f 1f 00 48 8b 4c 16 f8 48
[  889.698906] mt7921e 0000:03:00.0 wlp3s0: renamed from wlan0 (while UP)
[  890.706389] iwd[6246]: segfault at c ip 00007f371a2acc00 sp 00007ffcb6d6b1e8 error 4 in libc.so.6[a7c00,7f371a22d000+159000] likely on CPU 0 (core 0, socket 0)
[  890.706427] Code: f0 0f 11 07 0f 11 4c 17 f0 c3 83 fa 08 73 2b 83 fa 04 73 16 83 fa 01 7c 10 8a 0e 74 0a 0f b7 74 16 fe 66 89 74 17 fe 88 0f c3 <8b> 4c 16 fc 8b 36 89 4c 17 fc 89 37 c3 0f 1f 00 48 8b 4c 16 f8 48
[  890.769523] mt7921e 0000:03:00.0 wlp3s0: renamed from wlan0 (while UP)
[  891.773225] iwd[6252]: segfault at c ip 00007fd98bbe1c00 sp 00007ffd499d21f8 error 4 in libc.so.6[a7c00,7fd98bb62000+159000] likely on CPU 0 (core 0, socket 0)
[  891.773257] Code: f0 0f 11 07 0f 11 4c 17 f0 c3 83 fa 08 73 2b 83 fa 04 73 16 83 fa 01 7c 10 8a 0e 74 0a 0f b7 74 16 fe 66 89 74 17 fe 88 0f c3 <8b> 4c 16 fc 8b 36 89 4c 17 fc 89 37 c3 0f 1f 00 48 8b 4c 16 f8 48
[  891.809028] mt7921e 0000:03:00.0 wlp3s0: renamed from wlan0
[  892.846786] iwd[6260]: segfault at c ip 00007f9bbdfb7c00 sp 00007ffc1ca94cc8 error 4 in libc.so.6[a7c00,7f9bbdf38000+159000] likely on CPU 0 (core 0, socket 0)
[  892.846818] Code: f0 0f 11 07 0f 11 4c 17 f0 c3 83 fa 08 73 2b 83 fa 04 73 16 83 fa 01 7c 10 8a 0e 74 0a 0f b7 74 16 fe 66 89 74 17 fe 88 0f c3 <8b> 4c 16 fc 8b 36 89 4c 17 fc 89 37 c3 0f 1f 00 48 8b 4c 16 f8 48
[  892.915164] mt7921e 0000:03:00.0 wlp3s0: renamed from wlan0 (while UP)
[  893.921797] iwd[6266]: segfault at c ip 00007f54b0954c00 sp 00007ffc72570868 error 4 in libc.so.6[a7c00,7f54b08d5000+159000] likely on CPU 0 (core 0, socket 0)
[  893.921838] Code: f0 0f 11 07 0f 11 4c 17 f0 c3 83 fa 08 73 2b 83 fa 04 73 16 83 fa 01 7c 10 8a 0e 74 0a 0f b7 74 16 fe 66 89 74 17 fe 88 0f c3 <8b> 4c 16 fc 8b 36 89 4c 17 fc 89 37 c3 0f 1f 00 48 8b 4c 16 f8 48
[  893.984455] mt7921e 0000:03:00.0 wlp3s0: renamed from wlan0 (while UP)
[  894.989790] iwd[6272]: segfault at c ip 00007f91e48dfc00 sp 00007ffdf2e06408 error 4 in libc.so.6[a7c00,7f91e4860000+159000] likely on CPU 0 (core 0, socket 0)
[  894.989825] Code: f0 0f 11 07 0f 11 4c 17 f0 c3 83 fa 08 73 2b 83 fa 04 73 16 83 fa 01 7c 10 8a 0e 74 0a 0f b7 74 16 fe 66 89 74 17 fe 88 0f c3 <8b> 4c 16 fc 8b 36 89 4c 17 fc 89 37 c3 0f 1f 00 48 8b 4c 16 f8 48
[  895.064290] mt7921e 0000:03:00.0 wlp3s0: renamed from wlan0 (while UP)
[  896.068271] iwd[6278]: segfault at c ip 00007f084000dc00 sp 00007fffcb16ffa8 error 4 in libc.so.6[a7c00,7f083ff8e000+159000] likely on CPU 0 (core 0, socket 0)
[  896.068356] Code: f0 0f 11 07 0f 11 4c 17 f0 c3 83 fa 08 73 2b 83 fa 04 73 16 83 fa 01 7c 10 8a 0e 74 0a 0f b7 74 16 fe 66 89 74 17 fe 88 0f c3 <8b> 4c 16 fc 8b 36 89 4c 17 fc 89 37 c3 0f 1f 00 48 8b 4c 16 f8 48
[  896.131881] mt7921e 0000:03:00.0 wlp3s0: renamed from wlan0 (while UP)
[  897.145847] iwd[6284]: segfault at c ip 00007f8b17ab7c00 sp 00007ffed7c03118 error 4 in libc.so.6[a7c00,7f8b17a38000+159000] likely on CPU 0 (core 0, socket 0)
[  897.145884] Code: f0 0f 11 07 0f 11 4c 17 f0 c3 83 fa 08 73 2b 83 fa 04 73 16 83 fa 01 7c 10 8a 0e 74 0a 0f b7 74 16 fe 66 89 74 17 fe 88 0f c3 <8b> 4c 16 fc 8b 36 89 4c 17 fc 89 37 c3 0f 1f 00 48 8b 4c 16 f8 48
[  897.208333] mt7921e 0000:03:00.0 wlp3s0: renamed from wlan0 (while UP)
[  898.222714] iwd[6290]: segfault at c ip 00007f67c0262c00 sp 00007ffd7fcd10b8 error 4 in libc.so.6[a7c00,7f67c01e3000+159000] likely on CPU 1 (core 1, socket 0)
[  898.222746] Code: f0 0f 11 07 0f 11 4c 17 f0 c3 83 fa 08 73 2b 83 fa 04 73 16 83 fa 01 7c 10 8a 0e 74 0a 0f b7 74 16 fe 66 89 74 17 fe 88 0f c3 <8b> 4c 16 fc 8b 36 89 4c 17 fc 89 37 c3 0f 1f 00 48 8b 4c 16 f8 48
[  898.286028] mt7921e 0000:03:00.0 wlp3s0: renamed from wlan0 (while UP)
[  899.292195] iwd[6296]: segfault at c ip 00007f616746fc00 sp 00007ffff5022338 error 4 in libc.so.6[a7c00,7f61673f0000+159000] likely on CPU 0 (core 0, socket 0)
[  899.292227] Code: f0 0f 11 07 0f 11 4c 17 f0 c3 83 fa 08 73 2b 83 fa 04 73 16 83 fa 01 7c 10 8a 0e 74 0a 0f b7 74 16 fe 66 89 74 17 fe 88 0f c3 <8b> 4c 16 fc 8b 36 89 4c 17 fc 89 37 c3 0f 1f 00 48 8b 4c 16 f8 48
[  899.354590] mt7921e 0000:03:00.0 wlp3s0: renamed from wlan0 (while UP)
[  900.363460] iwd[6302]: segfault at c ip 00007f249aaa3c00 sp 00007ffe8a77f378 error 4 in libc.so.6[a7c00,7f249aa24000+159000] likely on CPU 1 (core 1, socket 0)
[  900.363498] Code: f0 0f 11 07 0f 11 4c 17 f0 c3 83 fa 08 73 2b 83 fa 04 73 16 83 fa 01 7c 10 8a 0e 74 0a 0f b7 74 16 fe 66 89 74 17 fe 88 0f c3 <8b> 4c 16 fc 8b 36 89 4c 17 fc 89 37 c3 0f 1f 00 48 8b 4c 16 f8 48
[  900.427111] mt7921e 0000:03:00.0 wlp3s0: renamed from wlan0 (while UP)
[  901.433370] iwd[6308]: segfault at c ip 00007f33e4c00c00 sp 00007fffae15b078 error 4 in libc.so.6[a7c00,7f33e4b81000+159000] likely on CPU 1 (core 1, socket 0)
[  901.433419] Code: f0 0f 11 07 0f 11 4c 17 f0 c3 83 fa 08 73 2b 83 fa 04 73 16 83 fa 01 7c 10 8a 0e 74 0a 0f b7 74 16 fe 66 89 74 17 fe 88 0f c3 <8b> 4c 16 fc 8b 36 89 4c 17 fc 89 37 c3 0f 1f 00 48 8b 4c 16 f8 48
[  901.505035] mt7921e 0000:03:00.0 wlp3s0: renamed from wlan0 (while UP)
[  902.511394] iwd[6314]: segfault at c ip 00007ff0df8ddc00 sp 00007ffeb5232228 error 4 in libc.so.6[a7c00,7ff0df85e000+159000] likely on CPU 1 (core 1, socket 0)
[  902.511435] Code: f0 0f 11 07 0f 11 4c 17 f0 c3 83 fa 08 73 2b 83 fa 04 73 16 83 fa 01 7c 10 8a 0e 74 0a 0f b7 74 16 fe 66 89 74 17 fe 88 0f c3 <8b> 4c 16 fc 8b 36 89 4c 17 fc 89 37 c3 0f 1f 00 48 8b 4c 16 f8 48
[  902.575397] mt7921e 0000:03:00.0 wlp3s0: renamed from wlan0 (while UP)
[  903.582239] iwd[6320]: segfault at c ip 00007fc00f830c00 sp 00007ffd3006c628 error 4 in libc.so.6[a7c00,7fc00f7b1000+159000] likely on CPU 1 (core 1, socket 0)
[  903.582280] Code: f0 0f 11 07 0f 11 4c 17 f0 c3 83 fa 08 73 2b 83 fa 04 73 16 83 fa 01 7c 10 8a 0e 74 0a 0f b7 74 16 fe 66 89 74 17 fe 88 0f c3 <8b> 4c 16 fc 8b 36 89 4c 17 fc 89 37 c3 0f 1f 00 48 8b 4c 16 f8 48
[  903.644895] mt7921e 0000:03:00.0 wlp3s0: renamed from wlan0 (while UP)
[  904.650365] iwd[6326]: segfault at c ip 00007f1aeee43c00 sp 00007ffc2bf4b2d8 error 4 in libc.so.6[a7c00,7f1aeedc4000+159000] likely on CPU 1 (core 1, socket 0)
[  904.650399] Code: f0 0f 11 07 0f 11 4c 17 f0 c3 83 fa 08 73 2b 83 fa 04 73 16 83 fa 01 7c 10 8a 0e 74 0a 0f b7 74 16 fe 66 89 74 17 fe 88 0f c3 <8b> 4c 16 fc 8b 36 89 4c 17 fc 89 37 c3 0f 1f 00 48 8b 4c 16 f8 48
[  904.719421] mt7921e 0000:03:00.0 wlp3s0: renamed from wlan0 (while UP)
[  905.726856] iwd[6332]: segfault at c ip 00007fa33b3cec00 sp 00007fff64b04cb8 error 4 in libc.so.6[a7c00,7fa33b34f000+159000] likely on CPU 0 (core 0, socket 0)
[  905.726896] Code: f0 0f 11 07 0f 11 4c 17 f0 c3 83 fa 08 73 2b 83 fa 04 73 16 83 fa 01 7c 10 8a 0e 74 0a 0f b7 74 16 fe 66 89 74 17 fe 88 0f c3 <8b> 4c 16 fc 8b 36 89 4c 17 fc 89 37 c3 0f 1f 00 48 8b 4c 16 f8 48
[  905.787433] mt7921e 0000:03:00.0 wlp3s0: renamed from wlan0 (while UP)
[  906.795793] iwd[6338]: segfault at c ip 00007f4319609c00 sp 00007fffe3e4c8c8 error 4 in libc.so.6[a7c00,7f431958a000+159000] likely on CPU 0 (core 0, socket 0)
[  906.795830] Code: f0 0f 11 07 0f 11 4c 17 f0 c3 83 fa 08 73 2b 83 fa 04 73 16 83 fa 01 7c 10 8a 0e 74 0a 0f b7 74 16 fe 66 89 74 17 fe 88 0f c3 <8b> 4c 16 fc 8b 36 89 4c 17 fc 89 37 c3 0f 1f 00 48 8b 4c 16 f8 48
[  906.842479] mt7921e 0000:03:00.0 wlp3s0: renamed from wlan0
[  907.877215] iwd[6344]: segfault at c ip 00007f66ffe1fc00 sp 00007fff31c70368 error 4 in libc.so.6[a7c00,7f66ffda0000+159000] likely on CPU 0 (core 0, socket 0)
[  907.877247] Code: f0 0f 11 07 0f 11 4c 17 f0 c3 83 fa 08 73 2b 83 fa 04 73 16 83 fa 01 7c 10 8a 0e 74 0a 0f b7 74 16 fe 66 89 74 17 fe 88 0f c3 <8b> 4c 16 fc 8b 36 89 4c 17 fc 89 37 c3 0f 1f 00 48 8b 4c 16 f8 48
[  907.936029] mt7921e 0000:03:00.0 wlp3s0: renamed from wlan0 (while UP)
[  908.945441] iwd[6350]: segfault at c ip 00007f0fb7f6fc00 sp 00007ffcd3b04048 error 4 in libc.so.6[a7c00,7f0fb7ef0000+159000] likely on CPU 0 (core 0, socket 0)
[  908.945496] Code: f0 0f 11 07 0f 11 4c 17 f0 c3 83 fa 08 73 2b 83 fa 04 73 16 83 fa 01 7c 10 8a 0e 74 0a 0f b7 74 16 fe 66 89 74 17 fe 88 0f c3 <8b> 4c 16 fc 8b 36 89 4c 17 fc 89 37 c3 0f 1f 00 48 8b 4c 16 f8 48
[  909.006175] mt7921e 0000:03:00.0 wlp3s0: renamed from wlan0 (while UP)
[  910.011374] iwd[6356]: segfault at c ip 00007f67b2523c00 sp 00007ffd9e4eba18 error 4 in libc.so.6[a7c00,7f67b24a4000+159000] likely on CPU 1 (core 1, socket 0)
[  910.011411] Code: f0 0f 11 07 0f 11 4c 17 f0 c3 83 fa 08 73 2b 83 fa 04 73 16 83 fa 01 7c 10 8a 0e 74 0a 0f b7 74 16 fe 66 89 74 17 fe 88 0f c3 <8b> 4c 16 fc 8b 36 89 4c 17 fc 89 37 c3 0f 1f 00 48 8b 4c 16 f8 48
[  910.071923] mt7921e 0000:03:00.0 wlp3s0: renamed from wlan0 (while UP)
[  911.081200] iwd[6365]: segfault at c ip 00007f6a070a1c00 sp 00007ffe496f32a8 error 4 in libc.so.6[a7c00,7f6a07022000+159000] likely on CPU 1 (core 1, socket 0)
[  911.081235] Code: f0 0f 11 07 0f 11 4c 17 f0 c3 83 fa 08 73 2b 83 fa 04 73 16 83 fa 01 7c 10 8a 0e 74 0a 0f b7 74 16 fe 66 89 74 17 fe 88 0f c3 <8b> 4c 16 fc 8b 36 89 4c 17 fc 89 37 c3 0f 1f 00 48 8b 4c 16 f8 48
[  911.153985] mt7921e 0000:03:00.0 wlp3s0: renamed from wlan0 (while UP)
[  912.162536] iwd[6371]: segfault at c ip 00007fb873a25c00 sp 00007ffe4506dbd8 error 4 in libc.so.6[a7c00,7fb8739a6000+159000] likely on CPU 1 (core 1, socket 0)
[  912.162572] Code: f0 0f 11 07 0f 11 4c 17 f0 c3 83 fa 08 73 2b 83 fa 04 73 16 83 fa 01 7c 10 8a 0e 74 0a 0f b7 74 16 fe 66 89 74 17 fe 88 0f c3 <8b> 4c 16 fc 8b 36 89 4c 17 fc 89 37 c3 0f 1f 00 48 8b 4c 16 f8 48
[  912.230603] mt7921e 0000:03:00.0 wlp3s0: renamed from wlan0 (while UP)
[  913.252887] iwd[6377]: segfault at c ip 00007f8ec6633c00 sp 00007fff964913b8 error 4 in libc.so.6[a7c00,7f8ec65b4000+159000] likely on CPU 0 (core 0, socket 0)
[  913.252921] Code: f0 0f 11 07 0f 11 4c 17 f0 c3 83 fa 08 73 2b 83 fa 04 73 16 83 fa 01 7c 10 8a 0e 74 0a 0f b7 74 16 fe 66 89 74 17 fe 88 0f c3 <8b> 4c 16 fc 8b 36 89 4c 17 fc 89 37 c3 0f 1f 00 48 8b 4c 16 f8 48
[  913.321692] mt7921e 0000:03:00.0 wlp3s0: renamed from wlan0 (while UP)
[  914.327391] iwd[6383]: segfault at c ip 00007f85398e7c00 sp 00007ffc28e25718 error 4 in libc.so.6[a7c00,7f8539868000+159000] likely on CPU 1 (core 1, socket 0)
[  914.327447] Code: f0 0f 11 07 0f 11 4c 17 f0 c3 83 fa 08 73 2b 83 fa 04 73 16 83 fa 01 7c 10 8a 0e 74 0a 0f b7 74 16 fe 66 89 74 17 fe 88 0f c3 <8b> 4c 16 fc 8b 36 89 4c 17 fc 89 37 c3 0f 1f 00 48 8b 4c 16 f8 48
[  914.389923] mt7921e 0000:03:00.0 wlp3s0: renamed from wlan0 (while UP)
[  915.398855] iwd[6389]: segfault at c ip 00007f6cb4967c00 sp 00007ffc654b3668 error 4 in libc.so.6[a7c00,7f6cb48e8000+159000] likely on CPU 1 (core 1, socket 0)
[  915.398889] Code: f0 0f 11 07 0f 11 4c 17 f0 c3 83 fa 08 73 2b 83 fa 04 73 16 83 fa 01 7c 10 8a 0e 74 0a 0f b7 74 16 fe 66 89 74 17 fe 88 0f c3 <8b> 4c 16 fc 8b 36 89 4c 17 fc 89 37 c3 0f 1f 00 48 8b 4c 16 f8 48
[  915.463526] mt7921e 0000:03:00.0 wlp3s0: renamed from wlan0 (while UP)
[  916.473403] iwd[6395]: segfault at c ip 00007f3bd6741c00 sp 00007ffdab826578 error 4 in libc.so.6[a7c00,7f3bd66c2000+159000] likely on CPU 1 (core 1, socket 0)
[  916.473437] Code: f0 0f 11 07 0f 11 4c 17 f0 c3 83 fa 08 73 2b 83 fa 04 73 16 83 fa 01 7c 10 8a 0e 74 0a 0f b7 74 16 fe 66 89 74 17 fe 88 0f c3 <8b> 4c 16 fc 8b 36 89 4c 17 fc 89 37 c3 0f 1f 00 48 8b 4c 16 f8 48
[  916.516397] mt7921e 0000:03:00.0 wlp3s0: renamed from wlan0
[  917.549816] iwd[6401]: segfault at c ip 00007f6d4e663c00 sp 00007ffdf2ed43b8 error 4 in libc.so.6[a7c00,7f6d4e5e4000+159000] likely on CPU 0 (core 0, socket 0)
[  917.549848] Code: f0 0f 11 07 0f 11 4c 17 f0 c3 83 fa 08 73 2b 83 fa 04 73 16 83 fa 01 7c 10 8a 0e 74 0a 0f b7 74 16 fe 66 89 74 17 fe 88 0f c3 <8b> 4c 16 fc 8b 36 89 4c 17 fc 89 37 c3 0f 1f 00 48 8b 4c 16 f8 48
[  917.622147] mt7921e 0000:03:00.0 wlp3s0: renamed from wlan0 (while UP)
[  918.631946] iwd[6407]: segfault at c ip 00007fb7453fac00 sp 00007ffd6d46f968 error 4 in libc.so.6[a7c00,7fb74537b000+159000] likely on CPU 0 (core 0, socket 0)
[  918.631987] Code: f0 0f 11 07 0f 11 4c 17 f0 c3 83 fa 08 73 2b 83 fa 04 73 16 83 fa 01 7c 10 8a 0e 74 0a 0f b7 74 16 fe 66 89 74 17 fe 88 0f c3 <8b> 4c 16 fc 8b 36 89 4c 17 fc 89 37 c3 0f 1f 00 48 8b 4c 16 f8 48
[  918.699955] mt7921e 0000:03:00.0 wlp3s0: renamed from wlan0 (while UP)
[  919.708268] iwd[6413]: segfault at c ip 00007fb1832a3c00 sp 00007ffc3647c6c8 error 4 in libc.so.6[a7c00,7fb183224000+159000] likely on CPU 0 (core 0, socket 0)
[  919.708359] Code: f0 0f 11 07 0f 11 4c 17 f0 c3 83 fa 08 73 2b 83 fa 04 73 16 83 fa 01 7c 10 8a 0e 74 0a 0f b7 74 16 fe 66 89 74 17 fe 88 0f c3 <8b> 4c 16 fc 8b 36 89 4c 17 fc 89 37 c3 0f 1f 00 48 8b 4c 16 f8 48
[  919.769528] mt7921e 0000:03:00.0 wlp3s0: renamed from wlan0 (while UP)
[  920.778250] iwd[6419]: segfault at c ip 00007fda46930c00 sp 00007ffe190af3c8 error 4 in libc.so.6[a7c00,7fda468b1000+159000] likely on CPU 0 (core 0, socket 0)
[  920.778284] Code: f0 0f 11 07 0f 11 4c 17 f0 c3 83 fa 08 73 2b 83 fa 04 73 16 83 fa 01 7c 10 8a 0e 74 0a 0f b7 74 16 fe 66 89 74 17 fe 88 0f c3 <8b> 4c 16 fc 8b 36 89 4c 17 fc 89 37 c3 0f 1f 00 48 8b 4c 16 f8 48
[  920.845456] mt7921e 0000:03:00.0 wlp3s0: renamed from wlan0 (while UP)
[  921.851630] iwd[6425]: segfault at c ip 00007fbce16d3c00 sp 00007fff51b0d228 error 4 in libc.so.6[a7c00,7fbce1654000+159000] likely on CPU 0 (core 0, socket 0)
[  921.851668] Code: f0 0f 11 07 0f 11 4c 17 f0 c3 83 fa 08 73 2b 83 fa 04 73 16 83 fa 01 7c 10 8a 0e 74 0a 0f b7 74 16 fe 66 89 74 17 fe 88 0f c3 <8b> 4c 16 fc 8b 36 89 4c 17 fc 89 37 c3 0f 1f 00 48 8b 4c 16 f8 48
[  921.920207] mt7921e 0000:03:00.0 wlp3s0: renamed from wlan0 (while UP)
[  922.933837] iwd[6431]: segfault at c ip 00007f23acc8fc00 sp 00007ffcde7b41b8 error 4 in libc.so.6[a7c00,7f23acc10000+159000] likely on CPU 0 (core 0, socket 0)
[  922.933878] Code: f0 0f 11 07 0f 11 4c 17 f0 c3 83 fa 08 73 2b 83 fa 04 73 16 83 fa 01 7c 10 8a 0e 74 0a 0f b7 74 16 fe 66 89 74 17 fe 88 0f c3 <8b> 4c 16 fc 8b 36 89 4c 17 fc 89 37 c3 0f 1f 00 48 8b 4c 16 f8 48
[  923.004031] mt7921e 0000:03:00.0 wlp3s0: renamed from wlan0 (while UP)
[  924.015699] iwd[6437]: segfault at c ip 00007f8807d07c00 sp 00007ffd34d45b98 error 4 in libc.so.6[a7c00,7f8807c88000+159000] likely on CPU 0 (core 0, socket 0)
[  924.015736] Code: f0 0f 11 07 0f 11 4c 17 f0 c3 83 fa 08 73 2b 83 fa 04 73 16 83 fa 01 7c 10 8a 0e 74 0a 0f b7 74 16 fe 66 89 74 17 fe 88 0f c3 <8b> 4c 16 fc 8b 36 89 4c 17 fc 89 37 c3 0f 1f 00 48 8b 4c 16 f8 48
[  924.076348] mt7921e 0000:03:00.0 wlp3s0: renamed from wlan0 (while UP)
[  925.082576] iwd[6443]: segfault at c ip 00007f26db02bc00 sp 00007ffe681e8508 error 4 in libc.so.6[a7c00,7f26dafac000+159000] likely on CPU 1 (core 1, socket 0)
[  925.082611] Code: f0 0f 11 07 0f 11 4c 17 f0 c3 83 fa 08 73 2b 83 fa 04 73 16 83 fa 01 7c 10 8a 0e 74 0a 0f b7 74 16 fe 66 89 74 17 fe 88 0f c3 <8b> 4c 16 fc 8b 36 89 4c 17 fc 89 37 c3 0f 1f 00 48 8b 4c 16 f8 48
[  925.144373] mt7921e 0000:03:00.0 wlp3s0: renamed from wlan0 (while UP)
[  926.149289] iwd[6449]: segfault at c ip 00007fe5988c2c00 sp 00007fffafd946f8 error 4 in libc.so.6[a7c00,7fe598843000+159000] likely on CPU 1 (core 1, socket 0)
[  926.149360] Code: f0 0f 11 07 0f 11 4c 17 f0 c3 83 fa 08 73 2b 83 fa 04 73 16 83 fa 01 7c 10 8a 0e 74 0a 0f b7 74 16 fe 66 89 74 17 fe 88 0f c3 <8b> 4c 16 fc 8b 36 89 4c 17 fc 89 37 c3 0f 1f 00 48 8b 4c 16 f8 48
[  926.214948] mt7921e 0000:03:00.0 wlp3s0: renamed from wlan0 (while UP)
[  927.220730] iwd[6455]: segfault at c ip 00007f7fd936bc00 sp 00007ffc7df84478 error 4 in libc.so.6[a7c00,7f7fd92ec000+159000] likely on CPU 1 (core 1, socket 0)
[  927.220771] Code: f0 0f 11 07 0f 11 4c 17 f0 c3 83 fa 08 73 2b 83 fa 04 73 16 83 fa 01 7c 10 8a 0e 74 0a 0f b7 74 16 fe 66 89 74 17 fe 88 0f c3 <8b> 4c 16 fc 8b 36 89 4c 17 fc 89 37 c3 0f 1f 00 48 8b 4c 16 f8 48
[  927.287056] mt7921e 0000:03:00.0 wlp3s0: renamed from wlan0 (while UP)
[  928.292457] iwd[6461]: segfault at c ip 00007fa3154d0c00 sp 00007ffcb6780e68 error 4 in libc.so.6[a7c00,7fa315451000+159000] likely on CPU 0 (core 0, socket 0)
[  928.292490] Code: f0 0f 11 07 0f 11 4c 17 f0 c3 83 fa 08 73 2b 83 fa 04 73 16 83 fa 01 7c 10 8a 0e 74 0a 0f b7 74 16 fe 66 89 74 17 fe 88 0f c3 <8b> 4c 16 fc 8b 36 89 4c 17 fc 89 37 c3 0f 1f 00 48 8b 4c 16 f8 48
[  928.357108] mt7921e 0000:03:00.0 wlp3s0: renamed from wlan0 (while UP)
[  929.371913] iwd[6469]: segfault at c ip 00007f2dea2a0c00 sp 00007ffc665bd628 error 4 in libc.so.6[a7c00,7f2dea221000+159000] likely on CPU 1 (core 1, socket 0)
[  929.371949] Code: f0 0f 11 07 0f 11 4c 17 f0 c3 83 fa 08 73 2b 83 fa 04 73 16 83 fa 01 7c 10 8a 0e 74 0a 0f b7 74 16 fe 66 89 74 17 fe 88 0f c3 <8b> 4c 16 fc 8b 36 89 4c 17 fc 89 37 c3 0f 1f 00 48 8b 4c 16 f8 48
[  929.432630] mt7921e 0000:03:00.0 wlp3s0: renamed from wlan0 (while UP)
[  930.438211] iwd[6475]: segfault at c ip 00007fcc7f5ffc00 sp 00007fff61b68708 error 4 in libc.so.6[a7c00,7fcc7f580000+159000] likely on CPU 1 (core 1, socket 0)
[  930.438248] Code: f0 0f 11 07 0f 11 4c 17 f0 c3 83 fa 08 73 2b 83 fa 04 73 16 83 fa 01 7c 10 8a 0e 74 0a 0f b7 74 16 fe 66 89 74 17 fe 88 0f c3 <8b> 4c 16 fc 8b 36 89 4c 17 fc 89 37 c3 0f 1f 00 48 8b 4c 16 f8 48
[  930.506144] mt7921e 0000:03:00.0 wlp3s0: renamed from wlan0 (while UP)
[  931.512883] iwd[6481]: segfault at c ip 00007ffa712dbc00 sp 00007ffe9546d5d8 error 4 in libc.so.6[a7c00,7ffa7125c000+159000] likely on CPU 1 (core 1, socket 0)
[  931.512917] Code: f0 0f 11 07 0f 11 4c 17 f0 c3 83 fa 08 73 2b 83 fa 04 73 16 83 fa 01 7c 10 8a 0e 74 0a 0f b7 74 16 fe 66 89 74 17 fe 88 0f c3 <8b> 4c 16 fc 8b 36 89 4c 17 fc 89 37 c3 0f 1f 00 48 8b 4c 16 f8 48
[  931.575028] mt7921e 0000:03:00.0 wlp3s0: renamed from wlan0 (while UP)
[  932.582814] iwd[6487]: segfault at c ip 00007fc39e9c4c00 sp 00007ffdd5f7a088 error 4 in libc.so.6[a7c00,7fc39e945000+159000] likely on CPU 1 (core 1, socket 0)
[  932.582849] Code: f0 0f 11 07 0f 11 4c 17 f0 c3 83 fa 08 73 2b 83 fa 04 73 16 83 fa 01 7c 10 8a 0e 74 0a 0f b7 74 16 fe 66 89 74 17 fe 88 0f c3 <8b> 4c 16 fc 8b 36 89 4c 17 fc 89 37 c3 0f 1f 00 48 8b 4c 16 f8 48
[  932.643537] mt7921e 0000:03:00.0 wlp3s0: renamed from wlan0 (while UP)
[  933.649252] iwd[6493]: segfault at c ip 00007fbf1b36dc00 sp 00007ffdec391d08 error 4 in libc.so.6[a7c00,7fbf1b2ee000+159000] likely on CPU 1 (core 1, socket 0)
[  933.649284] Code: f0 0f 11 07 0f 11 4c 17 f0 c3 83 fa 08 73 2b 83 fa 04 73 16 83 fa 01 7c 10 8a 0e 74 0a 0f b7 74 16 fe 66 89 74 17 fe 88 0f c3 <8b> 4c 16 fc 8b 36 89 4c 17 fc 89 37 c3 0f 1f 00 48 8b 4c 16 f8 48
[  933.707682] mt7921e 0000:03:00.0 wlp3s0: renamed from wlan0 (while UP)
[  934.717167] iwd[6499]: segfault at c ip 00007fecdfd1cc00 sp 00007ffe0480f918 error 4 in libc.so.6[a7c00,7fecdfc9d000+159000] likely on CPU 1 (core 1, socket 0)
[  934.717201] Code: f0 0f 11 07 0f 11 4c 17 f0 c3 83 fa 08 73 2b 83 fa 04 73 16 83 fa 01 7c 10 8a 0e 74 0a 0f b7 74 16 fe 66 89 74 17 fe 88 0f c3 <8b> 4c 16 fc 8b 36 89 4c 17 fc 89 37 c3 0f 1f 00 48 8b 4c 16 f8 48
[  934.756922] mt7921e 0000:03:00.0 wlp3s0: renamed from wlan0
[  935.792414] iwd[6505]: segfault at c ip 00007fdd29a55c00 sp 00007ffd16b39e68 error 4 in libc.so.6[a7c00,7fdd299d6000+159000] likely on CPU 1 (core 1, socket 0)
[  935.792447] Code: f0 0f 11 07 0f 11 4c 17 f0 c3 83 fa 08 73 2b 83 fa 04 73 16 83 fa 01 7c 10 8a 0e 74 0a 0f b7 74 16 fe 66 89 74 17 fe 88 0f c3 <8b> 4c 16 fc 8b 36 89 4c 17 fc 89 37 c3 0f 1f 00 48 8b 4c 16 f8 48
[  935.867946] mt7921e 0000:03:00.0 wlp3s0: renamed from wlan0 (while UP)
[  936.878278] iwd[6511]: segfault at c ip 00007fe4e1c7ec00 sp 00007ffdee13f2e8 error 4 in libc.so.6[a7c00,7fe4e1bff000+159000] likely on CPU 1 (core 1, socket 0)
[  936.878367] Code: f0 0f 11 07 0f 11 4c 17 f0 c3 83 fa 08 73 2b 83 fa 04 73 16 83 fa 01 7c 10 8a 0e 74 0a 0f b7 74 16 fe 66 89 74 17 fe 88 0f c3 <8b> 4c 16 fc 8b 36 89 4c 17 fc 89 37 c3 0f 1f 00 48 8b 4c 16 f8 48
[  936.943105] mt7921e 0000:03:00.0 wlp3s0: renamed from wlan0 (while UP)
[  937.949252] iwd[6519]: segfault at c ip 00007f203a8d3c00 sp 00007ffced7688c8 error 4 in libc.so.6[a7c00,7f203a854000+159000] likely on CPU 0 (core 0, socket 0)
[  937.949284] Code: f0 0f 11 07 0f 11 4c 17 f0 c3 83 fa 08 73 2b 83 fa 04 73 16 83 fa 01 7c 10 8a 0e 74 0a 0f b7 74 16 fe 66 89 74 17 fe 88 0f c3 <8b> 4c 16 fc 8b 36 89 4c 17 fc 89 37 c3 0f 1f 00 48 8b 4c 16 f8 48
[  938.020441] mt7921e 0000:03:00.0 wlp3s0: renamed from wlan0 (while UP)
[  939.027671] iwd[6527]: segfault at c ip 00007f26760cfc00 sp 00007ffee230e178 error 4 in libc.so.6[a7c00,7f2676050000+159000] likely on CPU 0 (core 0, socket 0)
[  939.027703] Code: f0 0f 11 07 0f 11 4c 17 f0 c3 83 fa 08 73 2b 83 fa 04 73 16 83 fa 01 7c 10 8a 0e 74 0a 0f b7 74 16 fe 66 89 74 17 fe 88 0f c3 <8b> 4c 16 fc 8b 36 89 4c 17 fc 89 37 c3 0f 1f 00 48 8b 4c 16 f8 48
[  939.089727] mt7921e 0000:03:00.0 wlp3s0: renamed from wlan0 (while UP)
[  940.095527] iwd[6533]: segfault at c ip 00007fd67b308c00 sp 00007ffdcd28a598 error 4 in libc.so.6[a7c00,7fd67b289000+159000] likely on CPU 0 (core 0, socket 0)
[  940.095564] Code: f0 0f 11 07 0f 11 4c 17 f0 c3 83 fa 08 73 2b 83 fa 04 73 16 83 fa 01 7c 10 8a 0e 74 0a 0f b7 74 16 fe 66 89 74 17 fe 88 0f c3 <8b> 4c 16 fc 8b 36 89 4c 17 fc 89 37 c3 0f 1f 00 48 8b 4c 16 f8 48
[  940.161775] mt7921e 0000:03:00.0 wlp3s0: renamed from wlan0 (while UP)
[  941.170753] iwd[6539]: segfault at c ip 00007f37f2324c00 sp 00007ffe4df600a8 error 4 in libc.so.6[a7c00,7f37f22a5000+159000] likely on CPU 0 (core 0, socket 0)
[  941.170795] Code: f0 0f 11 07 0f 11 4c 17 f0 c3 83 fa 08 73 2b 83 fa 04 73 16 83 fa 01 7c 10 8a 0e 74 0a 0f b7 74 16 fe 66 89 74 17 fe 88 0f c3 <8b> 4c 16 fc 8b 36 89 4c 17 fc 89 37 c3 0f 1f 00 48 8b 4c 16 f8 48
[  941.234809] mt7921e 0000:03:00.0 wlp3s0: renamed from wlan0 (while UP)
[  942.239902] iwd[6545]: segfault at c ip 00007f61da6b4c00 sp 00007ffd5a9f6f38 error 4 in libc.so.6[a7c00,7f61da635000+159000] likely on CPU 0 (core 0, socket 0)
[  942.239934] Code: f0 0f 11 07 0f 11 4c 17 f0 c3 83 fa 08 73 2b 83 fa 04 73 16 83 fa 01 7c 10 8a 0e 74 0a 0f b7 74 16 fe 66 89 74 17 fe 88 0f c3 <8b> 4c 16 fc 8b 36 89 4c 17 fc 89 37 c3 0f 1f 00 48 8b 4c 16 f8 48
[  942.312020] mt7921e 0000:03:00.0 wlp3s0: renamed from wlan0 (while UP)
[  943.319474] iwd[6551]: segfault at c ip 00007f2ac4869c00 sp 00007ffefab85bc8 error 4 in libc.so.6[a7c00,7f2ac47ea000+159000] likely on CPU 1 (core 1, socket 0)
[  943.319511] Code: f0 0f 11 07 0f 11 4c 17 f0 c3 83 fa 08 73 2b 83 fa 04 73 16 83 fa 01 7c 10 8a 0e 74 0a 0f b7 74 16 fe 66 89 74 17 fe 88 0f c3 <8b> 4c 16 fc 8b 36 89 4c 17 fc 89 37 c3 0f 1f 00 48 8b 4c 16 f8 48
[  943.378890] mt7921e 0000:03:00.0 wlp3s0: renamed from wlan0 (while UP)
[  944.385503] iwd[6557]: segfault at c ip 00007faf4be8bc00 sp 00007ffc2c193d78 error 4 in libc.so.6[a7c00,7faf4be0c000+159000] likely on CPU 0 (core 0, socket 0)
[  944.385557] Code: f0 0f 11 07 0f 11 4c 17 f0 c3 83 fa 08 73 2b 83 fa 04 73 16 83 fa 01 7c 10 8a 0e 74 0a 0f b7 74 16 fe 66 89 74 17 fe 88 0f c3 <8b> 4c 16 fc 8b 36 89 4c 17 fc 89 37 c3 0f 1f 00 48 8b 4c 16 f8 48
[  944.448717] mt7921e 0000:03:00.0 wlp3s0: renamed from wlan0 (while UP)
[  945.456219] iwd[6563]: segfault at c ip 00007efcf77f8c00 sp 00007ffe66d33548 error 4 in libc.so.6[a7c00,7efcf7779000+159000] likely on CPU 0 (core 0, socket 0)
[  945.456260] Code: f0 0f 11 07 0f 11 4c 17 f0 c3 83 fa 08 73 2b 83 fa 04 73 16 83 fa 01 7c 10 8a 0e 74 0a 0f b7 74 16 fe 66 89 74 17 fe 88 0f c3 <8b> 4c 16 fc 8b 36 89 4c 17 fc 89 37 c3 0f 1f 00 48 8b 4c 16 f8 48
[  945.519330] mt7921e 0000:03:00.0 wlp3s0: renamed from wlan0 (while UP)
[  946.528543] iwd[6569]: segfault at c ip 00007f4e71d68c00 sp 00007ffd25787bd8 error 4 in libc.so.6[a7c00,7f4e71ce9000+159000] likely on CPU 0 (core 0, socket 0)
[  946.528577] Code: f0 0f 11 07 0f 11 4c 17 f0 c3 83 fa 08 73 2b 83 fa 04 73 16 83 fa 01 7c 10 8a 0e 74 0a 0f b7 74 16 fe 66 89 74 17 fe 88 0f c3 <8b> 4c 16 fc 8b 36 89 4c 17 fc 89 37 c3 0f 1f 00 48 8b 4c 16 f8 48
[  946.604862] mt7921e 0000:03:00.0 wlp3s0: renamed from wlan0 (while UP)
[  947.610604] iwd[6575]: segfault at c ip 00007fc0e2774c00 sp 00007ffda4652538 error 4 in libc.so.6[a7c00,7fc0e26f5000+159000] likely on CPU 1 (core 1, socket 0)
[  947.610649] Code: f0 0f 11 07 0f 11 4c 17 f0 c3 83 fa 08 73 2b 83 fa 04 73 16 83 fa 01 7c 10 8a 0e 74 0a 0f b7 74 16 fe 66 89 74 17 fe 88 0f c3 <8b> 4c 16 fc 8b 36 89 4c 17 fc 89 37 c3 0f 1f 00 48 8b 4c 16 f8 48
[  947.671997] mt7921e 0000:03:00.0 wlp3s0: renamed from wlan0 (while UP)
[  948.678398] iwd[6581]: segfault at c ip 00007fcf78c8dc00 sp 00007ffc69e26ce8 error 4 in libc.so.6[a7c00,7fcf78c0e000+159000] likely on CPU 1 (core 1, socket 0)
[  948.678435] Code: f0 0f 11 07 0f 11 4c 17 f0 c3 83 fa 08 73 2b 83 fa 04 73 16 83 fa 01 7c 10 8a 0e 74 0a 0f b7 74 16 fe 66 89 74 17 fe 88 0f c3 <8b> 4c 16 fc 8b 36 89 4c 17 fc 89 37 c3 0f 1f 00 48 8b 4c 16 f8 48
[  948.742658] mt7921e 0000:03:00.0 wlp3s0: renamed from wlan0 (while UP)
[  949.749458] iwd[6587]: segfault at c ip 00007f6dd34b9c00 sp 00007ffefaf8bb28 error 4 in libc.so.6[a7c00,7f6dd343a000+159000] likely on CPU 1 (core 1, socket 0)
[  949.749493] Code: f0 0f 11 07 0f 11 4c 17 f0 c3 83 fa 08 73 2b 83 fa 04 73 16 83 fa 01 7c 10 8a 0e 74 0a 0f b7 74 16 fe 66 89 74 17 fe 88 0f c3 <8b> 4c 16 fc 8b 36 89 4c 17 fc 89 37 c3 0f 1f 00 48 8b 4c 16 f8 48
[  949.811715] mt7921e 0000:03:00.0 wlp3s0: renamed from wlan0 (while UP)
[  950.818172] iwd[6593]: segfault at c ip 00007f363296dc00 sp 00007ffe4a4bf768 error 4 in libc.so.6[a7c00,7f36328ee000+159000] likely on CPU 0 (core 0, socket 0)
[  950.818209] Code: f0 0f 11 07 0f 11 4c 17 f0 c3 83 fa 08 73 2b 83 fa 04 73 16 83 fa 01 7c 10 8a 0e 74 0a 0f b7 74 16 fe 66 89 74 17 fe 88 0f c3 <8b> 4c 16 fc 8b 36 89 4c 17 fc 89 37 c3 0f 1f 00 48 8b 4c 16 f8 48
[  950.888093] mt7921e 0000:03:00.0 wlp3s0: renamed from wlan0 (while UP)
[  951.898901] iwd[6599]: segfault at c ip 00007f20e8771c00 sp 00007ffc7ed66ef8 error 4 in libc.so.6[a7c00,7f20e86f2000+159000] likely on CPU 0 (core 0, socket 0)
[  951.898938] Code: f0 0f 11 07 0f 11 4c 17 f0 c3 83 fa 08 73 2b 83 fa 04 73 16 83 fa 01 7c 10 8a 0e 74 0a 0f b7 74 16 fe 66 89 74 17 fe 88 0f c3 <8b> 4c 16 fc 8b 36 89 4c 17 fc 89 37 c3 0f 1f 00 48 8b 4c 16 f8 48
[  951.967588] mt7921e 0000:03:00.0 wlp3s0: renamed from wlan0 (while UP)
[  952.973210] iwd[6605]: segfault at c ip 00007fd619124c00 sp 00007ffe88a0fbd8 error 4 in libc.so.6[a7c00,7fd6190a5000+159000] likely on CPU 0 (core 0, socket 0)
[  952.973244] Code: f0 0f 11 07 0f 11 4c 17 f0 c3 83 fa 08 73 2b 83 fa 04 73 16 83 fa 01 7c 10 8a 0e 74 0a 0f b7 74 16 fe 66 89 74 17 fe 88 0f c3 <8b> 4c 16 fc 8b 36 89 4c 17 fc 89 37 c3 0f 1f 00 48 8b 4c 16 f8 48
[  953.036432] mt7921e 0000:03:00.0 wlp3s0: renamed from wlan0 (while UP)
[  954.044644] iwd[6611]: segfault at c ip 00007f5c29ca6c00 sp 00007fff81f039d8 error 4 in libc.so.6[a7c00,7f5c29c27000+159000] likely on CPU 1 (core 1, socket 0)
[  954.044679] Code: f0 0f 11 07 0f 11 4c 17 f0 c3 83 fa 08 73 2b 83 fa 04 73 16 83 fa 01 7c 10 8a 0e 74 0a 0f b7 74 16 fe 66 89 74 17 fe 88 0f c3 <8b> 4c 16 fc 8b 36 89 4c 17 fc 89 37 c3 0f 1f 00 48 8b 4c 16 f8 48
[  954.115400] mt7921e 0000:03:00.0 wlp3s0: renamed from wlan0 (while UP)
[  955.120576] iwd[6617]: segfault at c ip 00007fd428e07c00 sp 00007ffe02d508f8 error 4 in libc.so.6[a7c00,7fd428d88000+159000] likely on CPU 1 (core 1, socket 0)
[  955.120609] Code: f0 0f 11 07 0f 11 4c 17 f0 c3 83 fa 08 73 2b 83 fa 04 73 16 83 fa 01 7c 10 8a 0e 74 0a 0f b7 74 16 fe 66 89 74 17 fe 88 0f c3 <8b> 4c 16 fc 8b 36 89 4c 17 fc 89 37 c3 0f 1f 00 48 8b 4c 16 f8 48
[  955.184394] mt7921e 0000:03:00.0 wlp3s0: renamed from wlan0 (while UP)
[  956.197837] iwd[6625]: segfault at c ip 00007fe681fc6c00 sp 00007ffd89246348 error 4 in libc.so.6[a7c00,7fe681f47000+159000] likely on CPU 0 (core 0, socket 0)
[  956.197869] Code: f0 0f 11 07 0f 11 4c 17 f0 c3 83 fa 08 73 2b 83 fa 04 73 16 83 fa 01 7c 10 8a 0e 74 0a 0f b7 74 16 fe 66 89 74 17 fe 88 0f c3 <8b> 4c 16 fc 8b 36 89 4c 17 fc 89 37 c3 0f 1f 00 48 8b 4c 16 f8 48
[  956.261757] mt7921e 0000:03:00.0 wlp3s0: renamed from wlan0 (while UP)
[  957.265683] iwd[6631]: segfault at c ip 00007f0ee3b3dc00 sp 00007ffd026e0048 error 4 in libc.so.6[a7c00,7f0ee3abe000+159000] likely on CPU 0 (core 0, socket 0)
[  957.265715] Code: f0 0f 11 07 0f 11 4c 17 f0 c3 83 fa 08 73 2b 83 fa 04 73 16 83 fa 01 7c 10 8a 0e 74 0a 0f b7 74 16 fe 66 89 74 17 fe 88 0f c3 <8b> 4c 16 fc 8b 36 89 4c 17 fc 89 37 c3 0f 1f 00 48 8b 4c 16 f8 48
[  957.333222] mt7921e 0000:03:00.0 wlp3s0: renamed from wlan0 (while UP)
[  958.339988] iwd[6637]: segfault at c ip 00007faebc87cc00 sp 00007ffdc01db8a8 error 4 in libc.so.6[a7c00,7faebc7fd000+159000] likely on CPU 1 (core 1, socket 0)
[  958.340066] Code: f0 0f 11 07 0f 11 4c 17 f0 c3 83 fa 08 73 2b 83 fa 04 73 16 83 fa 01 7c 10 8a 0e 74 0a 0f b7 74 16 fe 66 89 74 17 fe 88 0f c3 <8b> 4c 16 fc 8b 36 89 4c 17 fc 89 37 c3 0f 1f 00 48 8b 4c 16 f8 48
[  958.398032] mt7921e 0000:03:00.0 wlp3s0: renamed from wlan0 (while UP)
[  959.402021] iwd[6643]: segfault at c ip 00007f1e77403c00 sp 00007ffd4633ce28 error 4 in libc.so.6[a7c00,7f1e77384000+159000] likely on CPU 1 (core 1, socket 0)
[  959.402053] Code: f0 0f 11 07 0f 11 4c 17 f0 c3 83 fa 08 73 2b 83 fa 04 73 16 83 fa 01 7c 10 8a 0e 74 0a 0f b7 74 16 fe 66 89 74 17 fe 88 0f c3 <8b> 4c 16 fc 8b 36 89 4c 17 fc 89 37 c3 0f 1f 00 48 8b 4c 16 f8 48
[  959.467127] mt7921e 0000:03:00.0 wlp3s0: renamed from wlan0 (while UP)
[  960.478581] iwd[6651]: segfault at c ip 00007f48c1fc2c00 sp 00007ffd3db2edc8 error 4 in libc.so.6[a7c00,7f48c1f43000+159000] likely on CPU 0 (core 0, socket 0)
[  960.478634] Code: f0 0f 11 07 0f 11 4c 17 f0 c3 83 fa 08 73 2b 83 fa 04 73 16 83 fa 01 7c 10 8a 0e 74 0a 0f b7 74 16 fe 66 89 74 17 fe 88 0f c3 <8b> 4c 16 fc 8b 36 89 4c 17 fc 89 37 c3 0f 1f 00 48 8b 4c 16 f8 48
[  960.537980] mt7921e 0000:03:00.0 wlp3s0: renamed from wlan0 (while UP)
[  961.547357] iwd[6657]: segfault at c ip 00007f1a348a2c00 sp 00007ffec7f47908 error 4 in libc.so.6[a7c00,7f1a34823000+159000] likely on CPU 1 (core 1, socket 0)
[  961.547395] Code: f0 0f 11 07 0f 11 4c 17 f0 c3 83 fa 08 73 2b 83 fa 04 73 16 83 fa 01 7c 10 8a 0e 74 0a 0f b7 74 16 fe 66 89 74 17 fe 88 0f c3 <8b> 4c 16 fc 8b 36 89 4c 17 fc 89 37 c3 0f 1f 00 48 8b 4c 16 f8 48
[  961.606853] mt7921e 0000:03:00.0 wlp3s0: renamed from wlan0 (while UP)
[  962.616087] iwd[6663]: segfault at c ip 00007f48f6469c00 sp 00007ffcbeb9b1c8 error 4 in libc.so.6[a7c00,7f48f63ea000+159000] likely on CPU 1 (core 1, socket 0)
[  962.616125] Code: f0 0f 11 07 0f 11 4c 17 f0 c3 83 fa 08 73 2b 83 fa 04 73 16 83 fa 01 7c 10 8a 0e 74 0a 0f b7 74 16 fe 66 89 74 17 fe 88 0f c3 <8b> 4c 16 fc 8b 36 89 4c 17 fc 89 37 c3 0f 1f 00 48 8b 4c 16 f8 48
[  962.680191] mt7921e 0000:03:00.0 wlp3s0: renamed from wlan0 (while UP)
[  963.688550] iwd[6669]: segfault at c ip 00007f2736bfdc00 sp 00007fffc1968d78 error 4 in libc.so.6[a7c00,7f2736b7e000+159000] likely on CPU 1 (core 1, socket 0)
[  963.688586] Code: f0 0f 11 07 0f 11 4c 17 f0 c3 83 fa 08 73 2b 83 fa 04 73 16 83 fa 01 7c 10 8a 0e 74 0a 0f b7 74 16 fe 66 89 74 17 fe 88 0f c3 <8b> 4c 16 fc 8b 36 89 4c 17 fc 89 37 c3 0f 1f 00 48 8b 4c 16 f8 48
[  963.751235] mt7921e 0000:03:00.0 wlp3s0: renamed from wlan0 (while UP)
[  964.757640] iwd[6675]: segfault at c ip 00007f7c7f0a5c00 sp 00007ffdd094ace8 error 4 in libc.so.6[a7c00,7f7c7f026000+159000] likely on CPU 0 (core 0, socket 0)
[  964.757678] Code: f0 0f 11 07 0f 11 4c 17 f0 c3 83 fa 08 73 2b 83 fa 04 73 16 83 fa 01 7c 10 8a 0e 74 0a 0f b7 74 16 fe 66 89 74 17 fe 88 0f c3 <8b> 4c 16 fc 8b 36 89 4c 17 fc 89 37 c3 0f 1f 00 48 8b 4c 16 f8 48
[  964.827236] mt7921e 0000:03:00.0 wlp3s0: renamed from wlan0 (while UP)
[  965.833430] iwd[6681]: segfault at c ip 00007fcb252efc00 sp 00007ffc2acda4d8 error 4 in libc.so.6[a7c00,7fcb25270000+159000] likely on CPU 1 (core 1, socket 0)
[  965.833466] Code: f0 0f 11 07 0f 11 4c 17 f0 c3 83 fa 08 73 2b 83 fa 04 73 16 83 fa 01 7c 10 8a 0e 74 0a 0f b7 74 16 fe 66 89 74 17 fe 88 0f c3 <8b> 4c 16 fc 8b 36 89 4c 17 fc 89 37 c3 0f 1f 00 48 8b 4c 16 f8 48
[  965.894725] mt7921e 0000:03:00.0 wlp3s0: renamed from wlan0 (while UP)
[  966.900338] iwd[6687]: segfault at c ip 00007fcae5786c00 sp 00007ffdd533caf8 error 4 in libc.so.6[a7c00,7fcae5707000+159000] likely on CPU 0 (core 0, socket 0)
[  966.900374] Code: f0 0f 11 07 0f 11 4c 17 f0 c3 83 fa 08 73 2b 83 fa 04 73 16 83 fa 01 7c 10 8a 0e 74 0a 0f b7 74 16 fe 66 89 74 17 fe 88 0f c3 <8b> 4c 16 fc 8b 36 89 4c 17 fc 89 37 c3 0f 1f 00 48 8b 4c 16 f8 48
[  966.961816] mt7921e 0000:03:00.0 wlp3s0: renamed from wlan0 (while UP)
[  967.968675] iwd[6693]: segfault at c ip 00007f8958fc1c00 sp 00007ffd28da8198 error 4 in libc.so.6[a7c00,7f8958f42000+159000] likely on CPU 1 (core 1, socket 0)
[  967.968709] Code: f0 0f 11 07 0f 11 4c 17 f0 c3 83 fa 08 73 2b 83 fa 04 73 16 83 fa 01 7c 10 8a 0e 74 0a 0f b7 74 16 fe 66 89 74 17 fe 88 0f c3 <8b> 4c 16 fc 8b 36 89 4c 17 fc 89 37 c3 0f 1f 00 48 8b 4c 16 f8 48
[  968.032895] mt7921e 0000:03:00.0 wlp3s0: renamed from wlan0 (while UP)
[  969.049450] iwd[6699]: segfault at c ip 00007fbc275ffc00 sp 00007ffd96a8e988 error 4 in libc.so.6[a7c00,7fbc27580000+159000] likely on CPU 1 (core 1, socket 0)
[  969.049482] Code: f0 0f 11 07 0f 11 4c 17 f0 c3 83 fa 08 73 2b 83 fa 04 73 16 83 fa 01 7c 10 8a 0e 74 0a 0f b7 74 16 fe 66 89 74 17 fe 88 0f c3 <8b> 4c 16 fc 8b 36 89 4c 17 fc 89 37 c3 0f 1f 00 48 8b 4c 16 f8 48
[  969.113003] mt7921e 0000:03:00.0 wlp3s0: renamed from wlan0 (while UP)
[  970.119648] iwd[6707]: segfault at c ip 00007faeb6960c00 sp 00007ffcf94878c8 error 4 in libc.so.6[a7c00,7faeb68e1000+159000] likely on CPU 0 (core 0, socket 0)
[  970.119701] Code: f0 0f 11 07 0f 11 4c 17 f0 c3 83 fa 08 73 2b 83 fa 04 73 16 83 fa 01 7c 10 8a 0e 74 0a 0f b7 74 16 fe 66 89 74 17 fe 88 0f c3 <8b> 4c 16 fc 8b 36 89 4c 17 fc 89 37 c3 0f 1f 00 48 8b 4c 16 f8 48
[  970.180156] mt7921e 0000:03:00.0 wlp3s0: renamed from wlan0 (while UP)
[  971.186203] iwd[6713]: segfault at c ip 00007fb11c7d3c00 sp 00007ffd9266aaa8 error 4 in libc.so.6[a7c00,7fb11c754000+159000] likely on CPU 0 (core 0, socket 0)
[  971.186243] Code: f0 0f 11 07 0f 11 4c 17 f0 c3 83 fa 08 73 2b 83 fa 04 73 16 83 fa 01 7c 10 8a 0e 74 0a 0f b7 74 16 fe 66 89 74 17 fe 88 0f c3 <8b> 4c 16 fc 8b 36 89 4c 17 fc 89 37 c3 0f 1f 00 48 8b 4c 16 f8 48
[  971.252560] mt7921e 0000:03:00.0 wlp3s0: renamed from wlan0 (while UP)
[  972.261887] iwd[6719]: segfault at c ip 00007f3d4834ac00 sp 00007ffe3e23a168 error 4 in libc.so.6[a7c00,7f3d482cb000+159000] likely on CPU 1 (core 1, socket 0)
[  972.261922] Code: f0 0f 11 07 0f 11 4c 17 f0 c3 83 fa 08 73 2b 83 fa 04 73 16 83 fa 01 7c 10 8a 0e 74 0a 0f b7 74 16 fe 66 89 74 17 fe 88 0f c3 <8b> 4c 16 fc 8b 36 89 4c 17 fc 89 37 c3 0f 1f 00 48 8b 4c 16 f8 48
[  972.326329] mt7921e 0000:03:00.0 wlp3s0: renamed from wlan0 (while UP)
[  973.331501] iwd[6725]: segfault at c ip 00007f6d85cdfc00 sp 00007ffe53b45388 error 4 in libc.so.6[a7c00,7f6d85c60000+159000] likely on CPU 1 (core 1, socket 0)
[  973.331554] Code: f0 0f 11 07 0f 11 4c 17 f0 c3 83 fa 08 73 2b 83 fa 04 73 16 83 fa 01 7c 10 8a 0e 74 0a 0f b7 74 16 fe 66 89 74 17 fe 88 0f c3 <8b> 4c 16 fc 8b 36 89 4c 17 fc 89 37 c3 0f 1f 00 48 8b 4c 16 f8 48
[  973.371498] mt7921e 0000:03:00.0 wlp3s0: renamed from wlan0
[  974.394530] iwd[6731]: segfault at c ip 00007f3d0f58bc00 sp 00007ffdc20c71f8 error 4 in libc.so.6[a7c00,7f3d0f50c000+159000] likely on CPU 0 (core 0, socket 0)
[  974.394584] Code: f0 0f 11 07 0f 11 4c 17 f0 c3 83 fa 08 73 2b 83 fa 04 73 16 83 fa 01 7c 10 8a 0e 74 0a 0f b7 74 16 fe 66 89 74 17 fe 88 0f c3 <8b> 4c 16 fc 8b 36 89 4c 17 fc 89 37 c3 0f 1f 00 48 8b 4c 16 f8 48
[  974.457105] mt7921e 0000:03:00.0 wlp3s0: renamed from wlan0 (while UP)
[  975.468343] iwd[6737]: segfault at c ip 00007f824e932c00 sp 00007fff5a4bd8a8 error 4 in libc.so.6[a7c00,7f824e8b3000+159000] likely on CPU 1 (core 1, socket 0)
[  975.468397] Code: f0 0f 11 07 0f 11 4c 17 f0 c3 83 fa 08 73 2b 83 fa 04 73 16 83 fa 01 7c 10 8a 0e 74 0a 0f b7 74 16 fe 66 89 74 17 fe 88 0f c3 <8b> 4c 16 fc 8b 36 89 4c 17 fc 89 37 c3 0f 1f 00 48 8b 4c 16 f8 48
[  975.528817] mt7921e 0000:03:00.0 wlp3s0: renamed from wlan0 (while UP)
[  976.537861] iwd[6743]: segfault at c ip 00007facaeb74c00 sp 00007ffc0126d618 error 4 in libc.so.6[a7c00,7facaeaf5000+159000] likely on CPU 1 (core 1, socket 0)
[  976.537899] Code: f0 0f 11 07 0f 11 4c 17 f0 c3 83 fa 08 73 2b 83 fa 04 73 16 83 fa 01 7c 10 8a 0e 74 0a 0f b7 74 16 fe 66 89 74 17 fe 88 0f c3 <8b> 4c 16 fc 8b 36 89 4c 17 fc 89 37 c3 0f 1f 00 48 8b 4c 16 f8 48
[  976.602580] mt7921e 0000:03:00.0 wlp3s0: renamed from wlan0 (while UP)
[  977.612648] iwd[6749]: segfault at c ip 00007fa9c3e1fc00 sp 00007ffc51b95a18 error 4 in libc.so.6[a7c00,7fa9c3da0000+159000] likely on CPU 1 (core 1, socket 0)
[  977.612680] Code: f0 0f 11 07 0f 11 4c 17 f0 c3 83 fa 08 73 2b 83 fa 04 73 16 83 fa 01 7c 10 8a 0e 74 0a 0f b7 74 16 fe 66 89 74 17 fe 88 0f c3 <8b> 4c 16 fc 8b 36 89 4c 17 fc 89 37 c3 0f 1f 00 48 8b 4c 16 f8 48
[  977.674411] mt7921e 0000:03:00.0 wlp3s0: renamed from wlan0 (while UP)
[  978.689573] iwd[6757]: segfault at c ip 00007ff6e5ba4c00 sp 00007ffe2d0ad318 error 4 in libc.so.6[a7c00,7ff6e5b25000+159000] likely on CPU 0 (core 0, socket 0)
[  978.689608] Code: f0 0f 11 07 0f 11 4c 17 f0 c3 83 fa 08 73 2b 83 fa 04 73 16 83 fa 01 7c 10 8a 0e 74 0a 0f b7 74 16 fe 66 89 74 17 fe 88 0f c3 <8b> 4c 16 fc 8b 36 89 4c 17 fc 89 37 c3 0f 1f 00 48 8b 4c 16 f8 48
[  978.754173] mt7921e 0000:03:00.0 wlp3s0: renamed from wlan0 (while UP)
[  979.765553] iwd[6763]: segfault at c ip 00007fcea9ac5c00 sp 00007fffcc1ef2c8 error 4 in libc.so.6[a7c00,7fcea9a46000+159000] likely on CPU 1 (core 1, socket 0)
[  979.765587] Code: f0 0f 11 07 0f 11 4c 17 f0 c3 83 fa 08 73 2b 83 fa 04 73 16 83 fa 01 7c 10 8a 0e 74 0a 0f b7 74 16 fe 66 89 74 17 fe 88 0f c3 <8b> 4c 16 fc 8b 36 89 4c 17 fc 89 37 c3 0f 1f 00 48 8b 4c 16 f8 48
[  979.837196] mt7921e 0000:03:00.0 wlp3s0: renamed from wlan0 (while UP)
[  980.841233] iwd[6769]: segfault at c ip 00007fda524f2c00 sp 00007ffd47226cc8 error 4 in libc.so.6[a7c00,7fda52473000+159000] likely on CPU 1 (core 1, socket 0)
[  980.841266] Code: f0 0f 11 07 0f 11 4c 17 f0 c3 83 fa 08 73 2b 83 fa 04 73 16 83 fa 01 7c 10 8a 0e 74 0a 0f b7 74 16 fe 66 89 74 17 fe 88 0f c3 <8b> 4c 16 fc 8b 36 89 4c 17 fc 89 37 c3 0f 1f 00 48 8b 4c 16 f8 48
[  980.902947] mt7921e 0000:03:00.0 wlp3s0: renamed from wlan0 (while UP)
[  981.911825] iwd[6775]: segfault at c ip 00007f4bff966c00 sp 00007fffb0b879b8 error 4 in libc.so.6[a7c00,7f4bff8e7000+159000] likely on CPU 1 (core 1, socket 0)
[  981.911843] Code: f0 0f 11 07 0f 11 4c 17 f0 c3 83 fa 08 73 2b 83 fa 04 73 16 83 fa 01 7c 10 8a 0e 74 0a 0f b7 74 16 fe 66 89 74 17 fe 88 0f c3 <8b> 4c 16 fc 8b 36 89 4c 17 fc 89 37 c3 0f 1f 00 48 8b 4c 16 f8 48
[  981.973407] mt7921e 0000:03:00.0 wlp3s0: renamed from wlan0 (while UP)
[  982.977516] iwd[6781]: segfault at c ip 00007fa840854c00 sp 00007ffffa445318 error 4 in libc.so.6[a7c00,7fa8407d5000+159000] likely on CPU 1 (core 1, socket 0)
[  982.977550] Code: f0 0f 11 07 0f 11 4c 17 f0 c3 83 fa 08 73 2b 83 fa 04 73 16 83 fa 01 7c 10 8a 0e 74 0a 0f b7 74 16 fe 66 89 74 17 fe 88 0f c3 <8b> 4c 16 fc 8b 36 89 4c 17 fc 89 37 c3 0f 1f 00 48 8b 4c 16 f8 48
[  983.050410] mt7921e 0000:03:00.0 wlp3s0: renamed from wlan0 (while UP)
[  984.055144] iwd[6797]: segfault at c ip 00007f22047a5c00 sp 00007fffbe56b888 error 4 in libc.so.6[a7c00,7f2204726000+159000] likely on CPU 1 (core 1, socket 0)
[  984.055176] Code: f0 0f 11 07 0f 11 4c 17 f0 c3 83 fa 08 73 2b 83 fa 04 73 16 83 fa 01 7c 10 8a 0e 74 0a 0f b7 74 16 fe 66 89 74 17 fe 88 0f c3 <8b> 4c 16 fc 8b 36 89 4c 17 fc 89 37 c3 0f 1f 00 48 8b 4c 16 f8 48
[  984.129927] mt7921e 0000:03:00.0 wlp3s0: renamed from wlan0 (while UP)
[  985.137769] iwd[6803]: segfault at c ip 00007fdfb6226c00 sp 00007ffffe70cbe8 error 4 in libc.so.6[a7c00,7fdfb61a7000+159000] likely on CPU 1 (core 1, socket 0)
[  985.137809] Code: f0 0f 11 07 0f 11 4c 17 f0 c3 83 fa 08 73 2b 83 fa 04 73 16 83 fa 01 7c 10 8a 0e 74 0a 0f b7 74 16 fe 66 89 74 17 fe 88 0f c3 <8b> 4c 16 fc 8b 36 89 4c 17 fc 89 37 c3 0f 1f 00 48 8b 4c 16 f8 48
[  985.139400] logitech-hidpp-device 0003:046D:4023.0003: HID++ 2.0 device connected.
[  985.173910] mt7921e 0000:03:00.0 wlp3s0: renamed from wlan0
[  986.208091] iwd[6810]: segfault at c ip 00007ff2027a5c00 sp 00007ffc9aa63f08 error 4 in libc.so.6[a7c00,7ff202726000+159000] likely on CPU 1 (core 1, socket 0)
[  986.208123] Code: f0 0f 11 07 0f 11 4c 17 f0 c3 83 fa 08 73 2b 83 fa 04 73 16 83 fa 01 7c 10 8a 0e 74 0a 0f b7 74 16 fe 66 89 74 17 fe 88 0f c3 <8b> 4c 16 fc 8b 36 89 4c 17 fc 89 37 c3 0f 1f 00 48 8b 4c 16 f8 48
[  986.285472] mt7921e 0000:03:00.0 wlp3s0: renamed from wlan0 (while UP)
[  987.292506] iwd[6816]: segfault at c ip 00007fd4ae6cfc00 sp 00007ffc2a2c8608 error 4 in libc.so.6[a7c00,7fd4ae650000+159000] likely on CPU 1 (core 1, socket 0)
[  987.292550] Code: f0 0f 11 07 0f 11 4c 17 f0 c3 83 fa 08 73 2b 83 fa 04 73 16 83 fa 01 7c 10 8a 0e 74 0a 0f b7 74 16 fe 66 89 74 17 fe 88 0f c3 <8b> 4c 16 fc 8b 36 89 4c 17 fc 89 37 c3 0f 1f 00 48 8b 4c 16 f8 48
[  987.353274] mt7921e 0000:03:00.0 wlp3s0: renamed from wlan0 (while UP)
[  988.362892] iwd[6822]: segfault at c ip 00007fbe62d6dc00 sp 00007ffff2da78f8 error 4 in libc.so.6[a7c00,7fbe62cee000+159000] likely on CPU 1 (core 1, socket 0)
[  988.362937] Code: f0 0f 11 07 0f 11 4c 17 f0 c3 83 fa 08 73 2b 83 fa 04 73 16 83 fa 01 7c 10 8a 0e 74 0a 0f b7 74 16 fe 66 89 74 17 fe 88 0f c3 <8b> 4c 16 fc 8b 36 89 4c 17 fc 89 37 c3 0f 1f 00 48 8b 4c 16 f8 48
[  988.429291] mt7921e 0000:03:00.0 wlp3s0: renamed from wlan0 (while UP)
[  989.437286] iwd[6828]: segfault at c ip 00007f5aee3b9c00 sp 00007ffd1fc23698 error 4 in libc.so.6[a7c00,7f5aee33a000+159000] likely on CPU 1 (core 1, socket 0)
[  989.437372] Code: f0 0f 11 07 0f 11 4c 17 f0 c3 83 fa 08 73 2b 83 fa 04 73 16 83 fa 01 7c 10 8a 0e 74 0a 0f b7 74 16 fe 66 89 74 17 fe 88 0f c3 <8b> 4c 16 fc 8b 36 89 4c 17 fc 89 37 c3 0f 1f 00 48 8b 4c 16 f8 48
[  989.513320] mt7921e 0000:03:00.0 wlp3s0: renamed from wlan0 (while UP)
[  990.520646] iwd[6834]: segfault at c ip 00007f48cef9cc00 sp 00007ffe832960e8 error 4 in libc.so.6[a7c00,7f48cef1d000+159000] likely on CPU 1 (core 1, socket 0)
[  990.520678] Code: f0 0f 11 07 0f 11 4c 17 f0 c3 83 fa 08 73 2b 83 fa 04 73 16 83 fa 01 7c 10 8a 0e 74 0a 0f b7 74 16 fe 66 89 74 17 fe 88 0f c3 <8b> 4c 16 fc 8b 36 89 4c 17 fc 89 37 c3 0f 1f 00 48 8b 4c 16 f8 48
[  990.588638] mt7921e 0000:03:00.0 wlp3s0: renamed from wlan0 (while UP)
[  991.594520] iwd[6842]: segfault at c ip 00007f098307bc00 sp 00007ffd8863d958 error 4 in libc.so.6[a7c00,7f0982ffc000+159000] likely on CPU 1 (core 1, socket 0)
[  991.594557] Code: f0 0f 11 07 0f 11 4c 17 f0 c3 83 fa 08 73 2b 83 fa 04 73 16 83 fa 01 7c 10 8a 0e 74 0a 0f b7 74 16 fe 66 89 74 17 fe 88 0f c3 <8b> 4c 16 fc 8b 36 89 4c 17 fc 89 37 c3 0f 1f 00 48 8b 4c 16 f8 48
[  991.659198] mt7921e 0000:03:00.0 wlp3s0: renamed from wlan0 (while UP)
[  992.664972] iwd[6848]: segfault at c ip 00007ffb59cc8c00 sp 00007ffff60b15f8 error 4 in libc.so.6[a7c00,7ffb59c49000+159000] likely on CPU 1 (core 1, socket 0)
[  992.665004] Code: f0 0f 11 07 0f 11 4c 17 f0 c3 83 fa 08 73 2b 83 fa 04 73 16 83 fa 01 7c 10 8a 0e 74 0a 0f b7 74 16 fe 66 89 74 17 fe 88 0f c3 <8b> 4c 16 fc 8b 36 89 4c 17 fc 89 37 c3 0f 1f 00 48 8b 4c 16 f8 48
[  992.730049] mt7921e 0000:03:00.0 wlp3s0: renamed from wlan0 (while UP)
[  993.734868] iwd[6854]: segfault at c ip 00007fc136b12c00 sp 00007fff2f23c2a8 error 4 in libc.so.6[a7c00,7fc136a93000+159000] likely on CPU 1 (core 1, socket 0)
[  993.734900] Code: f0 0f 11 07 0f 11 4c 17 f0 c3 83 fa 08 73 2b 83 fa 04 73 16 83 fa 01 7c 10 8a 0e 74 0a 0f b7 74 16 fe 66 89 74 17 fe 88 0f c3 <8b> 4c 16 fc 8b 36 89 4c 17 fc 89 37 c3 0f 1f 00 48 8b 4c 16 f8 48
[  993.807990] mt7921e 0000:03:00.0 wlp3s0: renamed from wlan0 (while UP)
[  994.823379] iwd[6862]: segfault at c ip 00007f83ff7c7c00 sp 00007fffbf57cc88 error 4 in libc.so.6[a7c00,7f83ff748000+159000] likely on CPU 0 (core 0, socket 0)
[  994.823420] Code: f0 0f 11 07 0f 11 4c 17 f0 c3 83 fa 08 73 2b 83 fa 04 73 16 83 fa 01 7c 10 8a 0e 74 0a 0f b7 74 16 fe 66 89 74 17 fe 88 0f c3 <8b> 4c 16 fc 8b 36 89 4c 17 fc 89 37 c3 0f 1f 00 48 8b 4c 16 f8 48
[  994.885910] mt7921e 0000:03:00.0 wlp3s0: renamed from wlan0 (while UP)
[  995.895544] iwd[6868]: segfault at c ip 00007f5bcf593c00 sp 00007fffb5e13828 error 4 in libc.so.6[a7c00,7f5bcf514000+159000] likely on CPU 0 (core 0, socket 0)
[  995.895585] Code: f0 0f 11 07 0f 11 4c 17 f0 c3 83 fa 08 73 2b 83 fa 04 73 16 83 fa 01 7c 10 8a 0e 74 0a 0f b7 74 16 fe 66 89 74 17 fe 88 0f c3 <8b> 4c 16 fc 8b 36 89 4c 17 fc 89 37 c3 0f 1f 00 48 8b 4c 16 f8 48
[  995.960907] mt7921e 0000:03:00.0 wlp3s0: renamed from wlan0 (while UP)
[  996.968788] iwd[6874]: segfault at c ip 00007f28cbd97c00 sp 00007ffe3982f2b8 error 4 in libc.so.6[a7c00,7f28cbd18000+159000] likely on CPU 1 (core 1, socket 0)
[  996.968820] Code: f0 0f 11 07 0f 11 4c 17 f0 c3 83 fa 08 73 2b 83 fa 04 73 16 83 fa 01 7c 10 8a 0e 74 0a 0f b7 74 16 fe 66 89 74 17 fe 88 0f c3 <8b> 4c 16 fc 8b 36 89 4c 17 fc 89 37 c3 0f 1f 00 48 8b 4c 16 f8 48
[  997.040345] mt7921e 0000:03:00.0 wlp3s0: renamed from wlan0 (while UP)
[  998.048188] iwd[6882]: segfault at c ip 00007f4259c8bc00 sp 00007ffea7519518 error 4 in libc.so.6[a7c00,7f4259c0c000+159000] likely on CPU 1 (core 1, socket 0)
[  998.048225] Code: f0 0f 11 07 0f 11 4c 17 f0 c3 83 fa 08 73 2b 83 fa 04 73 16 83 fa 01 7c 10 8a 0e 74 0a 0f b7 74 16 fe 66 89 74 17 fe 88 0f c3 <8b> 4c 16 fc 8b 36 89 4c 17 fc 89 37 c3 0f 1f 00 48 8b 4c 16 f8 48
[  998.112329] mt7921e 0000:03:00.0 wlp3s0: renamed from wlan0 (while UP)
[  999.119370] iwd[6888]: segfault at c ip 00007f5c54341c00 sp 00007ffe3fec2fb8 error 4 in libc.so.6[a7c00,7f5c542c2000+159000] likely on CPU 0 (core 0, socket 0)
[  999.119405] Code: f0 0f 11 07 0f 11 4c 17 f0 c3 83 fa 08 73 2b 83 fa 04 73 16 83 fa 01 7c 10 8a 0e 74 0a 0f b7 74 16 fe 66 89 74 17 fe 88 0f c3 <8b> 4c 16 fc 8b 36 89 4c 17 fc 89 37 c3 0f 1f 00 48 8b 4c 16 f8 48
[  999.186331] mt7921e 0000:03:00.0 wlp3s0: renamed from wlan0 (while UP)
[ 1000.192345] iwd[6894]: segfault at c ip 00007f0df2850c00 sp 00007ffd92bba2c8 error 4 in libc.so.6[a7c00,7f0df27d1000+159000] likely on CPU 1 (core 1, socket 0)
[ 1000.192382] Code: f0 0f 11 07 0f 11 4c 17 f0 c3 83 fa 08 73 2b 83 fa 04 73 16 83 fa 01 7c 10 8a 0e 74 0a 0f b7 74 16 fe 66 89 74 17 fe 88 0f c3 <8b> 4c 16 fc 8b 36 89 4c 17 fc 89 37 c3 0f 1f 00 48 8b 4c 16 f8 48
[ 1000.255446] mt7921e 0000:03:00.0 wlp3s0: renamed from wlan0 (while UP)
[ 1001.263666] iwd[6900]: segfault at c ip 00007f2174296c00 sp 00007ffd93b97778 error 4 in libc.so.6[a7c00,7f2174217000+159000] likely on CPU 0 (core 0, socket 0)
[ 1001.263698] Code: f0 0f 11 07 0f 11 4c 17 f0 c3 83 fa 08 73 2b 83 fa 04 73 16 83 fa 01 7c 10 8a 0e 74 0a 0f b7 74 16 fe 66 89 74 17 fe 88 0f c3 <8b> 4c 16 fc 8b 36 89 4c 17 fc 89 37 c3 0f 1f 00 48 8b 4c 16 f8 48
[ 1001.328026] mt7921e 0000:03:00.0 wlp3s0: renamed from wlan0 (while UP)
[ 1002.336124] iwd[6906]: segfault at c ip 00007ff5de0a2c00 sp 00007ffe4fece868 error 4 in libc.so.6[a7c00,7ff5de023000+159000] likely on CPU 1 (core 1, socket 0)
[ 1002.336156] Code: f0 0f 11 07 0f 11 4c 17 f0 c3 83 fa 08 73 2b 83 fa 04 73 16 83 fa 01 7c 10 8a 0e 74 0a 0f b7 74 16 fe 66 89 74 17 fe 88 0f c3 <8b> 4c 16 fc 8b 36 89 4c 17 fc 89 37 c3 0f 1f 00 48 8b 4c 16 f8 48
[ 1002.401223] mt7921e 0000:03:00.0 wlp3s0: renamed from wlan0 (while UP)
[ 1003.407210] iwd[6912]: segfault at c ip 00007f5c12399c00 sp 00007ffe82841d18 error 4 in libc.so.6[a7c00,7f5c1231a000+159000] likely on CPU 0 (core 0, socket 0)
[ 1003.407244] Code: f0 0f 11 07 0f 11 4c 17 f0 c3 83 fa 08 73 2b 83 fa 04 73 16 83 fa 01 7c 10 8a 0e 74 0a 0f b7 74 16 fe 66 89 74 17 fe 88 0f c3 <8b> 4c 16 fc 8b 36 89 4c 17 fc 89 37 c3 0f 1f 00 48 8b 4c 16 f8 48
[ 1003.475333] mt7921e 0000:03:00.0 wlp3s0: renamed from wlan0 (while UP)
[ 1004.485261] iwd[6918]: segfault at c ip 00007f92c0d6fc00 sp 00007ffc2ab257f8 error 4 in libc.so.6[a7c00,7f92c0cf0000+159000] likely on CPU 0 (core 0, socket 0)
[ 1004.485347] Code: f0 0f 11 07 0f 11 4c 17 f0 c3 83 fa 08 73 2b 83 fa 04 73 16 83 fa 01 7c 10 8a 0e 74 0a 0f b7 74 16 fe 66 89 74 17 fe 88 0f c3 <8b> 4c 16 fc 8b 36 89 4c 17 fc 89 37 c3 0f 1f 00 48 8b 4c 16 f8 48
[ 1004.551900] mt7921e 0000:03:00.0 wlp3s0: renamed from wlan0 (while UP)
[ 1005.563056] iwd[6924]: segfault at c ip 00007fd72ddcbc00 sp 00007ffcbb4b1858 error 4 in libc.so.6[a7c00,7fd72dd4c000+159000] likely on CPU 1 (core 1, socket 0)
[ 1005.563094] Code: f0 0f 11 07 0f 11 4c 17 f0 c3 83 fa 08 73 2b 83 fa 04 73 16 83 fa 01 7c 10 8a 0e 74 0a 0f b7 74 16 fe 66 89 74 17 fe 88 0f c3 <8b> 4c 16 fc 8b 36 89 4c 17 fc 89 37 c3 0f 1f 00 48 8b 4c 16 f8 48
[ 1005.625916] mt7921e 0000:03:00.0 wlp3s0: renamed from wlan0 (while UP)
[ 1006.639265] iwd[6930]: segfault at c ip 00007f394253ac00 sp 00007ffea5c8f388 error 4 in libc.so.6[a7c00,7f39424bb000+159000] likely on CPU 0 (core 0, socket 0)
[ 1006.639329] Code: f0 0f 11 07 0f 11 4c 17 f0 c3 83 fa 08 73 2b 83 fa 04 73 16 83 fa 01 7c 10 8a 0e 74 0a 0f b7 74 16 fe 66 89 74 17 fe 88 0f c3 <8b> 4c 16 fc 8b 36 89 4c 17 fc 89 37 c3 0f 1f 00 48 8b 4c 16 f8 48
[ 1006.706841] mt7921e 0000:03:00.0 wlp3s0: renamed from wlan0 (while UP)
[ 1007.714987] iwd[6936]: segfault at c ip 00007f668e1d6c00 sp 00007ffdbd404e08 error 4 in libc.so.6[a7c00,7f668e157000+159000] likely on CPU 1 (core 1, socket 0)
[ 1007.715021] Code: f0 0f 11 07 0f 11 4c 17 f0 c3 83 fa 08 73 2b 83 fa 04 73 16 83 fa 01 7c 10 8a 0e 74 0a 0f b7 74 16 fe 66 89 74 17 fe 88 0f c3 <8b> 4c 16 fc 8b 36 89 4c 17 fc 89 37 c3 0f 1f 00 48 8b 4c 16 f8 48
[ 1007.788366] mt7921e 0000:03:00.0 wlp3s0: renamed from wlan0 (while UP)
[ 1008.797004] iwd[6942]: segfault at c ip 00007f274dc5cc00 sp 00007fff3ce53f68 error 4 in libc.so.6[a7c00,7f274dbdd000+159000] likely on CPU 0 (core 0, socket 0)
[ 1008.797041] Code: f0 0f 11 07 0f 11 4c 17 f0 c3 83 fa 08 73 2b 83 fa 04 73 16 83 fa 01 7c 10 8a 0e 74 0a 0f b7 74 16 fe 66 89 74 17 fe 88 0f c3 <8b> 4c 16 fc 8b 36 89 4c 17 fc 89 37 c3 0f 1f 00 48 8b 4c 16 f8 48
[ 1008.866328] mt7921e 0000:03:00.0 wlp3s0: renamed from wlan0 (while UP)
[ 1009.870648] iwd[6948]: segfault at c ip 00007f97d70d5c00 sp 00007ffda666f358 error 4 in libc.so.6[a7c00,7f97d7056000+159000] likely on CPU 1 (core 1, socket 0)
[ 1009.870681] Code: f0 0f 11 07 0f 11 4c 17 f0 c3 83 fa 08 73 2b 83 fa 04 73 16 83 fa 01 7c 10 8a 0e 74 0a 0f b7 74 16 fe 66 89 74 17 fe 88 0f c3 <8b> 4c 16 fc 8b 36 89 4c 17 fc 89 37 c3 0f 1f 00 48 8b 4c 16 f8 48
[ 1009.935332] mt7921e 0000:03:00.0 wlp3s0: renamed from wlan0 (while UP)
[ 1010.940457] iwd[6954]: segfault at c ip 00007f8329559c00 sp 00007ffd2010d8d8 error 4 in libc.so.6[a7c00,7f83294da000+159000] likely on CPU 0 (core 0, socket 0)
[ 1010.940495] Code: f0 0f 11 07 0f 11 4c 17 f0 c3 83 fa 08 73 2b 83 fa 04 73 16 83 fa 01 7c 10 8a 0e 74 0a 0f b7 74 16 fe 66 89 74 17 fe 88 0f c3 <8b> 4c 16 fc 8b 36 89 4c 17 fc 89 37 c3 0f 1f 00 48 8b 4c 16 f8 48
[ 1011.005181] mt7921e 0000:03:00.0 wlp3s0: renamed from wlan0 (while UP)
[ 1012.018960] iwd[6960]: segfault at c ip 00007f1a447eec00 sp 00007fff269d2c78 error 4 in libc.so.6[a7c00,7f1a4476f000+159000] likely on CPU 0 (core 0, socket 0)
[ 1012.018998] Code: f0 0f 11 07 0f 11 4c 17 f0 c3 83 fa 08 73 2b 83 fa 04 73 16 83 fa 01 7c 10 8a 0e 74 0a 0f b7 74 16 fe 66 89 74 17 fe 88 0f c3 <8b> 4c 16 fc 8b 36 89 4c 17 fc 89 37 c3 0f 1f 00 48 8b 4c 16 f8 48
[ 1012.085164] mt7921e 0000:03:00.0 wlp3s0: renamed from wlan0 (while UP)
[ 1013.093121] iwd[6966]: segfault at c ip 00007f350808fc00 sp 00007ffcaa2147b8 error 4 in libc.so.6[a7c00,7f3508010000+159000] likely on CPU 0 (core 0, socket 0)
[ 1013.093153] Code: f0 0f 11 07 0f 11 4c 17 f0 c3 83 fa 08 73 2b 83 fa 04 73 16 83 fa 01 7c 10 8a 0e 74 0a 0f b7 74 16 fe 66 89 74 17 fe 88 0f c3 <8b> 4c 16 fc 8b 36 89 4c 17 fc 89 37 c3 0f 1f 00 48 8b 4c 16 f8 48
[ 1013.159322] mt7921e 0000:03:00.0 wlp3s0: renamed from wlan0 (while UP)
[ 1014.166591] iwd[6972]: segfault at c ip 00007f4b35cd7c00 sp 00007ffd65d18c88 error 4 in libc.so.6[a7c00,7f4b35c58000+159000] likely on CPU 1 (core 1, socket 0)
[ 1014.166632] Code: f0 0f 11 07 0f 11 4c 17 f0 c3 83 fa 08 73 2b 83 fa 04 73 16 83 fa 01 7c 10 8a 0e 74 0a 0f b7 74 16 fe 66 89 74 17 fe 88 0f c3 <8b> 4c 16 fc 8b 36 89 4c 17 fc 89 37 c3 0f 1f 00 48 8b 4c 16 f8 48
[ 1014.234571] mt7921e 0000:03:00.0 wlp3s0: renamed from wlan0 (while UP)
[ 1015.238914] iwd[6978]: segfault at c ip 00007fb99acb2c00 sp 00007ffe9296d798 error 4 in libc.so.6[a7c00,7fb99ac33000+159000] likely on CPU 0 (core 0, socket 0)
[ 1015.238946] Code: f0 0f 11 07 0f 11 4c 17 f0 c3 83 fa 08 73 2b 83 fa 04 73 16 83 fa 01 7c 10 8a 0e 74 0a 0f b7 74 16 fe 66 89 74 17 fe 88 0f c3 <8b> 4c 16 fc 8b 36 89 4c 17 fc 89 37 c3 0f 1f 00 48 8b 4c 16 f8 48
[ 1015.304429] mt7921e 0000:03:00.0 wlp3s0: renamed from wlan0 (while UP)
[ 1016.308363] iwd[6986]: segfault at c ip 00007fef57d79c00 sp 00007ffcc9007968 error 4 in libc.so.6[a7c00,7fef57cfa000+159000] likely on CPU 1 (core 1, socket 0)
[ 1016.308397] Code: f0 0f 11 07 0f 11 4c 17 f0 c3 83 fa 08 73 2b 83 fa 04 73 16 83 fa 01 7c 10 8a 0e 74 0a 0f b7 74 16 fe 66 89 74 17 fe 88 0f c3 <8b> 4c 16 fc 8b 36 89 4c 17 fc 89 37 c3 0f 1f 00 48 8b 4c 16 f8 48
[ 1016.370129] mt7921e 0000:03:00.0 wlp3s0: renamed from wlan0 (while UP)
[ 1017.375970] iwd[6992]: segfault at c ip 00007f9375d15c00 sp 00007ffe0bf59d48 error 4 in libc.so.6[a7c00,7f9375c96000+159000] likely on CPU 1 (core 1, socket 0)
[ 1017.376006] Code: f0 0f 11 07 0f 11 4c 17 f0 c3 83 fa 08 73 2b 83 fa 04 73 16 83 fa 01 7c 10 8a 0e 74 0a 0f b7 74 16 fe 66 89 74 17 fe 88 0f c3 <8b> 4c 16 fc 8b 36 89 4c 17 fc 89 37 c3 0f 1f 00 48 8b 4c 16 f8 48
[ 1017.437095] mt7921e 0000:03:00.0 wlp3s0: renamed from wlan0 (while UP)
[ 1018.444740] iwd[6998]: segfault at c ip 00007f631ecf7c00 sp 00007ffd9bde1ab8 error 4 in libc.so.6[a7c00,7f631ec78000+159000] likely on CPU 1 (core 1, socket 0)
[ 1018.444776] Code: f0 0f 11 07 0f 11 4c 17 f0 c3 83 fa 08 73 2b 83 fa 04 73 16 83 fa 01 7c 10 8a 0e 74 0a 0f b7 74 16 fe 66 89 74 17 fe 88 0f c3 <8b> 4c 16 fc 8b 36 89 4c 17 fc 89 37 c3 0f 1f 00 48 8b 4c 16 f8 48
[ 1018.506875] mt7921e 0000:03:00.0 wlp3s0: renamed from wlan0 (while UP)
[ 1019.514626] iwd[7004]: segfault at c ip 00007fd7d80fcc00 sp 00007fff00802a48 error 4 in libc.so.6[a7c00,7fd7d807d000+159000] likely on CPU 0 (core 0, socket 0)
[ 1019.514660] Code: f0 0f 11 07 0f 11 4c 17 f0 c3 83 fa 08 73 2b 83 fa 04 73 16 83 fa 01 7c 10 8a 0e 74 0a 0f b7 74 16 fe 66 89 74 17 fe 88 0f c3 <8b> 4c 16 fc 8b 36 89 4c 17 fc 89 37 c3 0f 1f 00 48 8b 4c 16 f8 48
[ 1019.578790] mt7921e 0000:03:00.0 wlp3s0: renamed from wlan0 (while UP)
[ 1020.588576] iwd[7012]: segfault at c ip 00007f04c32afc00 sp 00007ffef4717508 error 4 in libc.so.6[a7c00,7f04c3230000+159000] likely on CPU 1 (core 1, socket 0)
[ 1020.588617] Code: f0 0f 11 07 0f 11 4c 17 f0 c3 83 fa 08 73 2b 83 fa 04 73 16 83 fa 01 7c 10 8a 0e 74 0a 0f b7 74 16 fe 66 89 74 17 fe 88 0f c3 <8b> 4c 16 fc 8b 36 89 4c 17 fc 89 37 c3 0f 1f 00 48 8b 4c 16 f8 48
[ 1020.629999] mt7921e 0000:03:00.0 wlp3s0: renamed from wlan0
[ 1021.665087] iwd[7018]: segfault at c ip 00007f4356951c00 sp 00007fff9faee038 error 4 in libc.so.6[a7c00,7f43568d2000+159000] likely on CPU 0 (core 0, socket 0)
[ 1021.665120] Code: f0 0f 11 07 0f 11 4c 17 f0 c3 83 fa 08 73 2b 83 fa 04 73 16 83 fa 01 7c 10 8a 0e 74 0a 0f b7 74 16 fe 66 89 74 17 fe 88 0f c3 <8b> 4c 16 fc 8b 36 89 4c 17 fc 89 37 c3 0f 1f 00 48 8b 4c 16 f8 48
[ 1021.726962] mt7921e 0000:03:00.0 wlp3s0: renamed from wlan0 (while UP)
[ 1022.742780] iwd[7024]: segfault at c ip 00007fe34be57c00 sp 00007ffd67bf6818 error 4 in libc.so.6[a7c00,7fe34bdd8000+159000] likely on CPU 1 (core 1, socket 0)
[ 1022.742812] Code: f0 0f 11 07 0f 11 4c 17 f0 c3 83 fa 08 73 2b 83 fa 04 73 16 83 fa 01 7c 10 8a 0e 74 0a 0f b7 74 16 fe 66 89 74 17 fe 88 0f c3 <8b> 4c 16 fc 8b 36 89 4c 17 fc 89 37 c3 0f 1f 00 48 8b 4c 16 f8 48
[ 1022.803554] mt7921e 0000:03:00.0 wlp3s0: renamed from wlan0 (while UP)
[ 1023.813599] iwd[7032]: segfault at c ip 00007f28c85f7c00 sp 00007ffde68d3458 error 4 in libc.so.6[a7c00,7f28c8578000+159000] likely on CPU 1 (core 1, socket 0)
[ 1023.813633] Code: f0 0f 11 07 0f 11 4c 17 f0 c3 83 fa 08 73 2b 83 fa 04 73 16 83 fa 01 7c 10 8a 0e 74 0a 0f b7 74 16 fe 66 89 74 17 fe 88 0f c3 <8b> 4c 16 fc 8b 36 89 4c 17 fc 89 37 c3 0f 1f 00 48 8b 4c 16 f8 48
[ 1023.874419] mt7921e 0000:03:00.0 wlp3s0: renamed from wlan0 (while UP)
[ 1024.878778] iwd[7038]: segfault at c ip 00007f770e4ccc00 sp 00007fffe1ccb218 error 4 in libc.so.6[a7c00,7f770e44d000+159000] likely on CPU 0 (core 0, socket 0)
[ 1024.878839] Code: f0 0f 11 07 0f 11 4c 17 f0 c3 83 fa 08 73 2b 83 fa 04 73 16 83 fa 01 7c 10 8a 0e 74 0a 0f b7 74 16 fe 66 89 74 17 fe 88 0f c3 <8b> 4c 16 fc 8b 36 89 4c 17 fc 89 37 c3 0f 1f 00 48 8b 4c 16 f8 48
[ 1024.950335] mt7921e 0000:03:00.0 wlp3s0: renamed from wlan0 (while UP)
[ 1025.957057] iwd[7044]: segfault at c ip 00007f761108dc00 sp 00007ffe0e7e04d8 error 4 in libc.so.6[a7c00,7f761100e000+159000] likely on CPU 0 (core 0, socket 0)
[ 1025.957091] Code: f0 0f 11 07 0f 11 4c 17 f0 c3 83 fa 08 73 2b 83 fa 04 73 16 83 fa 01 7c 10 8a 0e 74 0a 0f b7 74 16 fe 66 89 74 17 fe 88 0f c3 <8b> 4c 16 fc 8b 36 89 4c 17 fc 89 37 c3 0f 1f 00 48 8b 4c 16 f8 48
[ 1026.021696] mt7921e 0000:03:00.0 wlp3s0: renamed from wlan0 (while UP)
[ 1027.029646] iwd[7050]: segfault at c ip 00007f2223c3fc00 sp 00007ffc4b91a048 error 4 in libc.so.6[a7c00,7f2223bc0000+159000] likely on CPU 1 (core 1, socket 0)
[ 1027.029679] Code: f0 0f 11 07 0f 11 4c 17 f0 c3 83 fa 08 73 2b 83 fa 04 73 16 83 fa 01 7c 10 8a 0e 74 0a 0f b7 74 16 fe 66 89 74 17 fe 88 0f c3 <8b> 4c 16 fc 8b 36 89 4c 17 fc 89 37 c3 0f 1f 00 48 8b 4c 16 f8 48
[ 1027.068388] mt7921e 0000:03:00.0 wlp3s0: renamed from wlan0
[ 1028.104063] iwd[7056]: segfault at c ip 00007f534ace6c00 sp 00007ffd3f8d59a8 error 4 in libc.so.6[a7c00,7f534ac67000+159000] likely on CPU 0 (core 0, socket 0)
[ 1028.104096] Code: f0 0f 11 07 0f 11 4c 17 f0 c3 83 fa 08 73 2b 83 fa 04 73 16 83 fa 01 7c 10 8a 0e 74 0a 0f b7 74 16 fe 66 89 74 17 fe 88 0f c3 <8b> 4c 16 fc 8b 36 89 4c 17 fc 89 37 c3 0f 1f 00 48 8b 4c 16 f8 48
[ 1028.170336] mt7921e 0000:03:00.0 wlp3s0: renamed from wlan0 (while UP)
[ 1029.175358] iwd[7062]: segfault at c ip 00007f107a68fc00 sp 00007ffe486dfd68 error 4 in libc.so.6[a7c00,7f107a610000+159000] likely on CPU 1 (core 1, socket 0)
[ 1029.175402] Code: f0 0f 11 07 0f 11 4c 17 f0 c3 83 fa 08 73 2b 83 fa 04 73 16 83 fa 01 7c 10 8a 0e 74 0a 0f b7 74 16 fe 66 89 74 17 fe 88 0f c3 <8b> 4c 16 fc 8b 36 89 4c 17 fc 89 37 c3 0f 1f 00 48 8b 4c 16 f8 48
[ 1029.238391] mt7921e 0000:03:00.0 wlp3s0: renamed from wlan0 (while UP)
[ 1030.248758] iwd[7068]: segfault at c ip 00007f054f242c00 sp 00007fff6d22d7a8 error 4 in libc.so.6[a7c00,7f054f1c3000+159000] likely on CPU 1 (core 1, socket 0)
[ 1030.248794] Code: f0 0f 11 07 0f 11 4c 17 f0 c3 83 fa 08 73 2b 83 fa 04 73 16 83 fa 01 7c 10 8a 0e 74 0a 0f b7 74 16 fe 66 89 74 17 fe 88 0f c3 <8b> 4c 16 fc 8b 36 89 4c 17 fc 89 37 c3 0f 1f 00 48 8b 4c 16 f8 48
[ 1030.320340] mt7921e 0000:03:00.0 wlp3s0: renamed from wlan0 (while UP)
[ 1031.330080] iwd[7074]: segfault at c ip 00007ff26f299c00 sp 00007ffeb54911a8 error 4 in libc.so.6[a7c00,7ff26f21a000+159000] likely on CPU 0 (core 0, socket 0)
[ 1031.330118] Code: f0 0f 11 07 0f 11 4c 17 f0 c3 83 fa 08 73 2b 83 fa 04 73 16 83 fa 01 7c 10 8a 0e 74 0a 0f b7 74 16 fe 66 89 74 17 fe 88 0f c3 <8b> 4c 16 fc 8b 36 89 4c 17 fc 89 37 c3 0f 1f 00 48 8b 4c 16 f8 48
[ 1031.399943] mt7921e 0000:03:00.0 wlp3s0: renamed from wlan0 (while UP)
[ 1032.405406] iwd[7080]: segfault at c ip 00007f3ade995c00 sp 00007ffeb043fda8 error 4 in libc.so.6[a7c00,7f3ade916000+159000] likely on CPU 0 (core 0, socket 0)
[ 1032.405463] Code: f0 0f 11 07 0f 11 4c 17 f0 c3 83 fa 08 73 2b 83 fa 04 73 16 83 fa 01 7c 10 8a 0e 74 0a 0f b7 74 16 fe 66 89 74 17 fe 88 0f c3 <8b> 4c 16 fc 8b 36 89 4c 17 fc 89 37 c3 0f 1f 00 48 8b 4c 16 f8 48
[ 1032.466324] mt7921e 0000:03:00.0 wlp3s0: renamed from wlan0 (while UP)
[ 1033.472056] iwd[7088]: segfault at c ip 00007f0f06723c00 sp 00007ffefe638ec8 error 4 in libc.so.6[a7c00,7f0f066a4000+159000] likely on CPU 0 (core 0, socket 0)
[ 1033.472088] Code: f0 0f 11 07 0f 11 4c 17 f0 c3 83 fa 08 73 2b 83 fa 04 73 16 83 fa 01 7c 10 8a 0e 74 0a 0f b7 74 16 fe 66 89 74 17 fe 88 0f c3 <8b> 4c 16 fc 8b 36 89 4c 17 fc 89 37 c3 0f 1f 00 48 8b 4c 16 f8 48
[ 1033.537754] mt7921e 0000:03:00.0 wlp3s0: renamed from wlan0 (while UP)
[ 1034.544480] iwd[7094]: segfault at c ip 00007efdd6094c00 sp 00007ffdfb23bf78 error 4 in libc.so.6[a7c00,7efdd6015000+159000] likely on CPU 0 (core 0, socket 0)
[ 1034.544513] Code: f0 0f 11 07 0f 11 4c 17 f0 c3 83 fa 08 73 2b 83 fa 04 73 16 83 fa 01 7c 10 8a 0e 74 0a 0f b7 74 16 fe 66 89 74 17 fe 88 0f c3 <8b> 4c 16 fc 8b 36 89 4c 17 fc 89 37 c3 0f 1f 00 48 8b 4c 16 f8 48
[ 1034.616925] mt7921e 0000:03:00.0 wlp3s0: renamed from wlan0 (while UP)
[ 1035.628411] iwd[7100]: segfault at c ip 00007f6a4009dc00 sp 00007fffcf262ef8 error 4 in libc.so.6[a7c00,7f6a4001e000+159000] likely on CPU 1 (core 1, socket 0)
[ 1035.628446] Code: f0 0f 11 07 0f 11 4c 17 f0 c3 83 fa 08 73 2b 83 fa 04 73 16 83 fa 01 7c 10 8a 0e 74 0a 0f b7 74 16 fe 66 89 74 17 fe 88 0f c3 <8b> 4c 16 fc 8b 36 89 4c 17 fc 89 37 c3 0f 1f 00 48 8b 4c 16 f8 48
[ 1035.687816] mt7921e 0000:03:00.0 wlp3s0: renamed from wlan0 (while UP)
[ 1036.698158] iwd[7106]: segfault at c ip 00007f0d86e3fc00 sp 00007fff11cb7848 error 4 in libc.so.6[a7c00,7f0d86dc0000+159000] likely on CPU 1 (core 1, socket 0)
[ 1036.698193] Code: f0 0f 11 07 0f 11 4c 17 f0 c3 83 fa 08 73 2b 83 fa 04 73 16 83 fa 01 7c 10 8a 0e 74 0a 0f b7 74 16 fe 66 89 74 17 fe 88 0f c3 <8b> 4c 16 fc 8b 36 89 4c 17 fc 89 37 c3 0f 1f 00 48 8b 4c 16 f8 48
[ 1036.761693] mt7921e 0000:03:00.0 wlp3s0: renamed from wlan0 (while UP)
[ 1037.768206] iwd[7112]: segfault at c ip 00007ffbf5c49c00 sp 00007ffdc5967ae8 error 4 in libc.so.6[a7c00,7ffbf5bca000+159000] likely on CPU 0 (core 0, socket 0)
[ 1037.768239] Code: f0 0f 11 07 0f 11 4c 17 f0 c3 83 fa 08 73 2b 83 fa 04 73 16 83 fa 01 7c 10 8a 0e 74 0a 0f b7 74 16 fe 66 89 74 17 fe 88 0f c3 <8b> 4c 16 fc 8b 36 89 4c 17 fc 89 37 c3 0f 1f 00 48 8b 4c 16 f8 48
[ 1037.820597] mt7921e 0000:03:00.0 wlp3s0: renamed from wlan0
[ 1038.854071] iwd[7118]: segfault at c ip 00007f3d7bfdec00 sp 00007ffd6395c678 error 4 in libc.so.6[a7c00,7f3d7bf5f000+159000] likely on CPU 0 (core 0, socket 0)
[ 1038.854104] Code: f0 0f 11 07 0f 11 4c 17 f0 c3 83 fa 08 73 2b 83 fa 04 73 16 83 fa 01 7c 10 8a 0e 74 0a 0f b7 74 16 fe 66 89 74 17 fe 88 0f c3 <8b> 4c 16 fc 8b 36 89 4c 17 fc 89 37 c3 0f 1f 00 48 8b 4c 16 f8 48
[ 1038.914764] mt7921e 0000:03:00.0 wlp3s0: renamed from wlan0 (while UP)
[ 1039.920264] iwd[7124]: segfault at c ip 00007efca644dc00 sp 00007ffd721bf538 error 4 in libc.so.6[a7c00,7efca63ce000+159000] likely on CPU 1 (core 1, socket 0)
[ 1039.920335] Code: f0 0f 11 07 0f 11 4c 17 f0 c3 83 fa 08 73 2b 83 fa 04 73 16 83 fa 01 7c 10 8a 0e 74 0a 0f b7 74 16 fe 66 89 74 17 fe 88 0f c3 <8b> 4c 16 fc 8b 36 89 4c 17 fc 89 37 c3 0f 1f 00 48 8b 4c 16 f8 48
[ 1039.983079] mt7921e 0000:03:00.0 wlp3s0: renamed from wlan0 (while UP)
[ 1040.991599] iwd[7130]: segfault at c ip 00007fd554936c00 sp 00007ffdfbaf3468 error 4 in libc.so.6[a7c00,7fd5548b7000+159000] likely on CPU 1 (core 1, socket 0)
[ 1040.991633] Code: f0 0f 11 07 0f 11 4c 17 f0 c3 83 fa 08 73 2b 83 fa 04 73 16 83 fa 01 7c 10 8a 0e 74 0a 0f b7 74 16 fe 66 89 74 17 fe 88 0f c3 <8b> 4c 16 fc 8b 36 89 4c 17 fc 89 37 c3 0f 1f 00 48 8b 4c 16 f8 48
[ 1041.063852] mt7921e 0000:03:00.0 wlp3s0: renamed from wlan0 (while UP)
[ 1042.087733] iwd[7136]: segfault at c ip 00007f017426dc00 sp 00007ffe21df3058 error 4 in libc.so.6[a7c00,7f01741ee000+159000] likely on CPU 1 (core 1, socket 0)
[ 1042.087770] Code: f0 0f 11 07 0f 11 4c 17 f0 c3 83 fa 08 73 2b 83 fa 04 73 16 83 fa 01 7c 10 8a 0e 74 0a 0f b7 74 16 fe 66 89 74 17 fe 88 0f c3 <8b> 4c 16 fc 8b 36 89 4c 17 fc 89 37 c3 0f 1f 00 48 8b 4c 16 f8 48
[ 1042.155212] mt7921e 0000:03:00.0 wlp3s0: renamed from wlan0 (while UP)
[ 1043.161366] iwd[7142]: segfault at c ip 00007f1ec1045c00 sp 00007ffc09c4ae28 error 4 in libc.so.6[a7c00,7f1ec0fc6000+159000] likely on CPU 0 (core 0, socket 0)
[ 1043.161402] Code: f0 0f 11 07 0f 11 4c 17 f0 c3 83 fa 08 73 2b 83 fa 04 73 16 83 fa 01 7c 10 8a 0e 74 0a 0f b7 74 16 fe 66 89 74 17 fe 88 0f c3 <8b> 4c 16 fc 8b 36 89 4c 17 fc 89 37 c3 0f 1f 00 48 8b 4c 16 f8 48
[ 1043.235358] mt7921e 0000:03:00.0 wlp3s0: renamed from wlan0 (while UP)
[ 1044.239495] iwd[7148]: segfault at c ip 00007fe2d0460c00 sp 00007ffc218729b8 error 4 in libc.so.6[a7c00,7fe2d03e1000+159000] likely on CPU 1 (core 1, socket 0)
[ 1044.239540] Code: f0 0f 11 07 0f 11 4c 17 f0 c3 83 fa 08 73 2b 83 fa 04 73 16 83 fa 01 7c 10 8a 0e 74 0a 0f b7 74 16 fe 66 89 74 17 fe 88 0f c3 <8b> 4c 16 fc 8b 36 89 4c 17 fc 89 37 c3 0f 1f 00 48 8b 4c 16 f8 48
[ 1044.304925] mt7921e 0000:03:00.0 wlp3s0: renamed from wlan0 (while UP)
[ 1045.311614] iwd[7154]: segfault at c ip 00007feca5c3ac00 sp 00007ffee54c65b8 error 4 in libc.so.6[a7c00,7feca5bbb000+159000] likely on CPU 1 (core 1, socket 0)
[ 1045.311671] Code: f0 0f 11 07 0f 11 4c 17 f0 c3 83 fa 08 73 2b 83 fa 04 73 16 83 fa 01 7c 10 8a 0e 74 0a 0f b7 74 16 fe 66 89 74 17 fe 88 0f c3 <8b> 4c 16 fc 8b 36 89 4c 17 fc 89 37 c3 0f 1f 00 48 8b 4c 16 f8 48
[ 1045.354989] mt7921e 0000:03:00.0 wlp3s0: renamed from wlan0
[ 1046.388639] iwd[7160]: segfault at c ip 00007ff2bc3a7c00 sp 00007ffe5d126618 error 4 in libc.so.6[a7c00,7ff2bc328000+159000] likely on CPU 0 (core 0, socket 0)
[ 1046.388672] Code: f0 0f 11 07 0f 11 4c 17 f0 c3 83 fa 08 73 2b 83 fa 04 73 16 83 fa 01 7c 10 8a 0e 74 0a 0f b7 74 16 fe 66 89 74 17 fe 88 0f c3 <8b> 4c 16 fc 8b 36 89 4c 17 fc 89 37 c3 0f 1f 00 48 8b 4c 16 f8 48
[ 1046.461210] mt7921e 0000:03:00.0 wlp3s0: renamed from wlan0 (while UP)
[ 1047.467601] iwd[7166]: segfault at c ip 00007fa94fe28c00 sp 00007ffd5ab955a8 error 4 in libc.so.6[a7c00,7fa94fda9000+159000] likely on CPU 0 (core 0, socket 0)
[ 1047.467645] Code: f0 0f 11 07 0f 11 4c 17 f0 c3 83 fa 08 73 2b 83 fa 04 73 16 83 fa 01 7c 10 8a 0e 74 0a 0f b7 74 16 fe 66 89 74 17 fe 88 0f c3 <8b> 4c 16 fc 8b 36 89 4c 17 fc 89 37 c3 0f 1f 00 48 8b 4c 16 f8 48
[ 1047.530923] mt7921e 0000:03:00.0 wlp3s0: renamed from wlan0 (while UP)
[ 1048.538405] iwd[7172]: segfault at c ip 00007f735a92fc00 sp 00007ffca952bf68 error 4 in libc.so.6[a7c00,7f735a8b0000+159000] likely on CPU 0 (core 0, socket 0)
[ 1048.538443] Code: f0 0f 11 07 0f 11 4c 17 f0 c3 83 fa 08 73 2b 83 fa 04 73 16 83 fa 01 7c 10 8a 0e 74 0a 0f b7 74 16 fe 66 89 74 17 fe 88 0f c3 <8b> 4c 16 fc 8b 36 89 4c 17 fc 89 37 c3 0f 1f 00 48 8b 4c 16 f8 48
[ 1048.602352] mt7921e 0000:03:00.0 wlp3s0: renamed from wlan0 (while UP)
[ 1049.606973] iwd[7178]: segfault at c ip 00007fd981989c00 sp 00007ffdbc59c5f8 error 4 in libc.so.6[a7c00,7fd98190a000+159000] likely on CPU 0 (core 0, socket 0)
[ 1049.607005] Code: f0 0f 11 07 0f 11 4c 17 f0 c3 83 fa 08 73 2b 83 fa 04 73 16 83 fa 01 7c 10 8a 0e 74 0a 0f b7 74 16 fe 66 89 74 17 fe 88 0f c3 <8b> 4c 16 fc 8b 36 89 4c 17 fc 89 37 c3 0f 1f 00 48 8b 4c 16 f8 48
[ 1049.637924] mt7921e 0000:03:00.0 wlp3s0: renamed from wlan0
[ 1050.671540] iwd[7184]: segfault at c ip 00007ff5f5f81c00 sp 00007ffec8597c18 error 4 in libc.so.6[a7c00,7ff5f5f02000+159000] likely on CPU 0 (core 0, socket 0)
[ 1050.671572] Code: f0 0f 11 07 0f 11 4c 17 f0 c3 83 fa 08 73 2b 83 fa 04 73 16 83 fa 01 7c 10 8a 0e 74 0a 0f b7 74 16 fe 66 89 74 17 fe 88 0f c3 <8b> 4c 16 fc 8b 36 89 4c 17 fc 89 37 c3 0f 1f 00 48 8b 4c 16 f8 48
[ 1050.745140] mt7921e 0000:03:00.0 wlp3s0: renamed from wlan0 (while UP)
[ 1051.749807] iwd[7190]: segfault at c ip 00007fb8a4746c00 sp 00007fff245db688 error 4 in libc.so.6[a7c00,7fb8a46c7000+159000] likely on CPU 1 (core 1, socket 0)
[ 1051.749840] Code: f0 0f 11 07 0f 11 4c 17 f0 c3 83 fa 08 73 2b 83 fa 04 73 16 83 fa 01 7c 10 8a 0e 74 0a 0f b7 74 16 fe 66 89 74 17 fe 88 0f c3 <8b> 4c 16 fc 8b 36 89 4c 17 fc 89 37 c3 0f 1f 00 48 8b 4c 16 f8 48
[ 1051.813721] mt7921e 0000:03:00.0 wlp3s0: renamed from wlan0 (while UP)
[ 1052.818790] iwd[7198]: segfault at c ip 00007f2699ddbc00 sp 00007fff81f15918 error 4 in libc.so.6[a7c00,7f2699d5c000+159000] likely on CPU 1 (core 1, socket 0)
[ 1052.818823] Code: f0 0f 11 07 0f 11 4c 17 f0 c3 83 fa 08 73 2b 83 fa 04 73 16 83 fa 01 7c 10 8a 0e 74 0a 0f b7 74 16 fe 66 89 74 17 fe 88 0f c3 <8b> 4c 16 fc 8b 36 89 4c 17 fc 89 37 c3 0f 1f 00 48 8b 4c 16 f8 48
[ 1052.877991] mt7921e 0000:03:00.0 wlp3s0: renamed from wlan0 (while UP)
[ 1053.891995] iwd[7206]: segfault at c ip 00007fb7fa043c00 sp 00007ffc9327a478 error 4 in libc.so.6[a7c00,7fb7f9fc4000+159000] likely on CPU 0 (core 0, socket 0)
[ 1053.892033] Code: f0 0f 11 07 0f 11 4c 17 f0 c3 83 fa 08 73 2b 83 fa 04 73 16 83 fa 01 7c 10 8a 0e 74 0a 0f b7 74 16 fe 66 89 74 17 fe 88 0f c3 <8b> 4c 16 fc 8b 36 89 4c 17 fc 89 37 c3 0f 1f 00 48 8b 4c 16 f8 48
[ 1053.955321] mt7921e 0000:03:00.0 wlp3s0: renamed from wlan0 (while UP)
[ 1054.961282] iwd[7212]: segfault at c ip 00007f34898dbc00 sp 00007ffdeca73068 error 4 in libc.so.6[a7c00,7f348985c000+159000] likely on CPU 1 (core 1, socket 0)
[ 1054.961366] Code: f0 0f 11 07 0f 11 4c 17 f0 c3 83 fa 08 73 2b 83 fa 04 73 16 83 fa 01 7c 10 8a 0e 74 0a 0f b7 74 16 fe 66 89 74 17 fe 88 0f c3 <8b> 4c 16 fc 8b 36 89 4c 17 fc 89 37 c3 0f 1f 00 48 8b 4c 16 f8 48
[ 1055.030457] mt7921e 0000:03:00.0 wlp3s0: renamed from wlan0 (while UP)
[ 1056.036591] iwd[7218]: segfault at c ip 00007f636d928c00 sp 00007ffd0467d2a8 error 4 in libc.so.6[a7c00,7f636d8a9000+159000] likely on CPU 0 (core 0, socket 0)
[ 1056.036622] Code: f0 0f 11 07 0f 11 4c 17 f0 c3 83 fa 08 73 2b 83 fa 04 73 16 83 fa 01 7c 10 8a 0e 74 0a 0f b7 74 16 fe 66 89 74 17 fe 88 0f c3 <8b> 4c 16 fc 8b 36 89 4c 17 fc 89 37 c3 0f 1f 00 48 8b 4c 16 f8 48
[ 1056.097073] mt7921e 0000:03:00.0 wlp3s0: renamed from wlan0 (while UP)
[ 1057.111962] iwd[7224]: segfault at c ip 00007fc435d6ac00 sp 00007ffc6706a368 error 4 in libc.so.6[a7c00,7fc435ceb000+159000] likely on CPU 1 (core 1, socket 0)
[ 1057.111994] Code: f0 0f 11 07 0f 11 4c 17 f0 c3 83 fa 08 73 2b 83 fa 04 73 16 83 fa 01 7c 10 8a 0e 74 0a 0f b7 74 16 fe 66 89 74 17 fe 88 0f c3 <8b> 4c 16 fc 8b 36 89 4c 17 fc 89 37 c3 0f 1f 00 48 8b 4c 16 f8 48
[ 1057.173385] mt7921e 0000:03:00.0 wlp3s0: renamed from wlan0 (while UP)
[ 1058.180225] iwd[7230]: segfault at c ip 00007fce7c976c00 sp 00007fff776e3b08 error 4 in libc.so.6[a7c00,7fce7c8f7000+159000] likely on CPU 1 (core 1, socket 0)
[ 1058.180262] Code: f0 0f 11 07 0f 11 4c 17 f0 c3 83 fa 08 73 2b 83 fa 04 73 16 83 fa 01 7c 10 8a 0e 74 0a 0f b7 74 16 fe 66 89 74 17 fe 88 0f c3 <8b> 4c 16 fc 8b 36 89 4c 17 fc 89 37 c3 0f 1f 00 48 8b 4c 16 f8 48
[ 1058.253030] mt7921e 0000:03:00.0 wlp3s0: renamed from wlan0 (while UP)
[ 1059.261344] iwd[7236]: segfault at c ip 00007f6fcec3cc00 sp 00007ffeb3340508 error 4 in libc.so.6[a7c00,7f6fcebbd000+159000] likely on CPU 0 (core 0, socket 0)
[ 1059.261385] Code: f0 0f 11 07 0f 11 4c 17 f0 c3 83 fa 08 73 2b 83 fa 04 73 16 83 fa 01 7c 10 8a 0e 74 0a 0f b7 74 16 fe 66 89 74 17 fe 88 0f c3 <8b> 4c 16 fc 8b 36 89 4c 17 fc 89 37 c3 0f 1f 00 48 8b 4c 16 f8 48
[ 1059.323822] mt7921e 0000:03:00.0 wlp3s0: renamed from wlan0 (while UP)
[ 1060.329253] iwd[7242]: segfault at c ip 00007f9706816c00 sp 00007ffe3e576858 error 4 in libc.so.6[a7c00,7f9706797000+159000] likely on CPU 1 (core 1, socket 0)
[ 1060.329285] Code: f0 0f 11 07 0f 11 4c 17 f0 c3 83 fa 08 73 2b 83 fa 04 73 16 83 fa 01 7c 10 8a 0e 74 0a 0f b7 74 16 fe 66 89 74 17 fe 88 0f c3 <8b> 4c 16 fc 8b 36 89 4c 17 fc 89 37 c3 0f 1f 00 48 8b 4c 16 f8 48
[ 1060.373151] mt7921e 0000:03:00.0 wlp3s0: renamed from wlan0
[ 1061.406823] iwd[7250]: segfault at c ip 00007f0dcdab9c00 sp 00007ffe1e081638 error 4 in libc.so.6[a7c00,7f0dcda3a000+159000] likely on CPU 0 (core 0, socket 0)
[ 1061.406856] Code: f0 0f 11 07 0f 11 4c 17 f0 c3 83 fa 08 73 2b 83 fa 04 73 16 83 fa 01 7c 10 8a 0e 74 0a 0f b7 74 16 fe 66 89 74 17 fe 88 0f c3 <8b> 4c 16 fc 8b 36 89 4c 17 fc 89 37 c3 0f 1f 00 48 8b 4c 16 f8 48
[ 1061.470717] mt7921e 0000:03:00.0 wlp3s0: renamed from wlan0 (while UP)
[ 1062.478575] iwd[7256]: segfault at c ip 00007fbcf6b11c00 sp 00007ffd51d0a088 error 4 in libc.so.6[a7c00,7fbcf6a92000+159000] likely on CPU 1 (core 1, socket 0)
[ 1062.478607] Code: f0 0f 11 07 0f 11 4c 17 f0 c3 83 fa 08 73 2b 83 fa 04 73 16 83 fa 01 7c 10 8a 0e 74 0a 0f b7 74 16 fe 66 89 74 17 fe 88 0f c3 <8b> 4c 16 fc 8b 36 89 4c 17 fc 89 37 c3 0f 1f 00 48 8b 4c 16 f8 48
[ 1062.540102] mt7921e 0000:03:00.0 wlp3s0: renamed from wlan0 (while UP)
[ 1063.551093] iwd[7264]: segfault at c ip 00007f5d1a8c0c00 sp 00007ffd4ed86138 error 4 in libc.so.6[a7c00,7f5d1a841000+159000] likely on CPU 0 (core 0, socket 0)
[ 1063.551128] Code: f0 0f 11 07 0f 11 4c 17 f0 c3 83 fa 08 73 2b 83 fa 04 73 16 83 fa 01 7c 10 8a 0e 74 0a 0f b7 74 16 fe 66 89 74 17 fe 88 0f c3 <8b> 4c 16 fc 8b 36 89 4c 17 fc 89 37 c3 0f 1f 00 48 8b 4c 16 f8 48
[ 1063.602481] mt7921e 0000:03:00.0 wlp3s0: renamed from wlan0 (while UP)
[ 1064.607793] iwd[7270]: segfault at c ip 00007f3392842c00 sp 00007ffe93de4658 error 4 in libc.so.6[a7c00,7f33927c3000+159000] likely on CPU 0 (core 0, socket 0)
[ 1064.607826] Code: f0 0f 11 07 0f 11 4c 17 f0 c3 83 fa 08 73 2b 83 fa 04 73 16 83 fa 01 7c 10 8a 0e 74 0a 0f b7 74 16 fe 66 89 74 17 fe 88 0f c3 <8b> 4c 16 fc 8b 36 89 4c 17 fc 89 37 c3 0f 1f 00 48 8b 4c 16 f8 48
[ 1064.675236] mt7921e 0000:03:00.0 wlp3s0: renamed from wlan0 (while UP)
[ 1065.681384] iwd[7276]: segfault at c ip 00007f2f40598c00 sp 00007ffe39ba5568 error 4 in libc.so.6[a7c00,7f2f40519000+159000] likely on CPU 0 (core 0, socket 0)
[ 1065.681425] Code: f0 0f 11 07 0f 11 4c 17 f0 c3 83 fa 08 73 2b 83 fa 04 73 16 83 fa 01 7c 10 8a 0e 74 0a 0f b7 74 16 fe 66 89 74 17 fe 88 0f c3 <8b> 4c 16 fc 8b 36 89 4c 17 fc 89 37 c3 0f 1f 00 48 8b 4c 16 f8 48
[ 1065.746679] mt7921e 0000:03:00.0 wlp3s0: renamed from wlan0 (while UP)
[ 1066.756426] iwd[7282]: segfault at c ip 00007fbd48ff8c00 sp 00007ffd258e20b8 error 4 in libc.so.6[a7c00,7fbd48f79000+159000] likely on CPU 1 (core 1, socket 0)
[ 1066.756462] Code: f0 0f 11 07 0f 11 4c 17 f0 c3 83 fa 08 73 2b 83 fa 04 73 16 83 fa 01 7c 10 8a 0e 74 0a 0f b7 74 16 fe 66 89 74 17 fe 88 0f c3 <8b> 4c 16 fc 8b 36 89 4c 17 fc 89 37 c3 0f 1f 00 48 8b 4c 16 f8 48
[ 1066.818165] mt7921e 0000:03:00.0 wlp3s0: renamed from wlan0 (while UP)
[ 1067.824556] iwd[7289]: segfault at c ip 00007efec6ea6c00 sp 00007ffc2b0c8d38 error 4 in libc.so.6[a7c00,7efec6e27000+159000] likely on CPU 0 (core 0, socket 0)
[ 1067.824596] Code: f0 0f 11 07 0f 11 4c 17 f0 c3 83 fa 08 73 2b 83 fa 04 73 16 83 fa 01 7c 10 8a 0e 74 0a 0f b7 74 16 fe 66 89 74 17 fe 88 0f c3 <8b> 4c 16 fc 8b 36 89 4c 17 fc 89 37 c3 0f 1f 00 48 8b 4c 16 f8 48
[ 1067.883801] mt7921e 0000:03:00.0 wlp3s0: renamed from wlan0 (while UP)
[ 1068.889944] iwd[7295]: segfault at c ip 00007f880fdbac00 sp 00007ffff986ea58 error 4 in libc.so.6[a7c00,7f880fd3b000+159000] likely on CPU 0 (core 0, socket 0)
[ 1068.889981] Code: f0 0f 11 07 0f 11 4c 17 f0 c3 83 fa 08 73 2b 83 fa 04 73 16 83 fa 01 7c 10 8a 0e 74 0a 0f b7 74 16 fe 66 89 74 17 fe 88 0f c3 <8b> 4c 16 fc 8b 36 89 4c 17 fc 89 37 c3 0f 1f 00 48 8b 4c 16 f8 48
[ 1068.954953] mt7921e 0000:03:00.0 wlp3s0: renamed from wlan0 (while UP)
[ 1069.965369] iwd[7301]: segfault at c ip 00007f606a48ec00 sp 00007ffd19ee64f8 error 4 in libc.so.6[a7c00,7f606a40f000+159000] likely on CPU 0 (core 0, socket 0)
[ 1069.965406] Code: f0 0f 11 07 0f 11 4c 17 f0 c3 83 fa 08 73 2b 83 fa 04 73 16 83 fa 01 7c 10 8a 0e 74 0a 0f b7 74 16 fe 66 89 74 17 fe 88 0f c3 <8b> 4c 16 fc 8b 36 89 4c 17 fc 89 37 c3 0f 1f 00 48 8b 4c 16 f8 48
[ 1070.028598] mt7921e 0000:03:00.0 wlp3s0: renamed from wlan0 (while UP)
[ 1071.034378] iwd[7307]: segfault at c ip 00007f83f7402c00 sp 00007ffd200d1b38 error 4 in libc.so.6[a7c00,7f83f7383000+159000] likely on CPU 0 (core 0, socket 0)
[ 1071.034416] Code: f0 0f 11 07 0f 11 4c 17 f0 c3 83 fa 08 73 2b 83 fa 04 73 16 83 fa 01 7c 10 8a 0e 74 0a 0f b7 74 16 fe 66 89 74 17 fe 88 0f c3 <8b> 4c 16 fc 8b 36 89 4c 17 fc 89 37 c3 0f 1f 00 48 8b 4c 16 f8 48
[ 1071.098585] mt7921e 0000:03:00.0 wlp3s0: renamed from wlan0 (while UP)
[ 1072.107096] iwd[7313]: segfault at c ip 00007fac75f3fc00 sp 00007ffd46dd6ed8 error 4 in libc.so.6[a7c00,7fac75ec0000+159000] likely on CPU 0 (core 0, socket 0)
[ 1072.107134] Code: f0 0f 11 07 0f 11 4c 17 f0 c3 83 fa 08 73 2b 83 fa 04 73 16 83 fa 01 7c 10 8a 0e 74 0a 0f b7 74 16 fe 66 89 74 17 fe 88 0f c3 <8b> 4c 16 fc 8b 36 89 4c 17 fc 89 37 c3 0f 1f 00 48 8b 4c 16 f8 48
[ 1072.169431] mt7921e 0000:03:00.0 wlp3s0: renamed from wlan0 (while UP)
[ 1073.175381] iwd[7319]: segfault at c ip 00007f97cc5d9c00 sp 00007ffd87c47038 error 4 in libc.so.6[a7c00,7f97cc55a000+159000] likely on CPU 1 (core 1, socket 0)
[ 1073.175419] Code: f0 0f 11 07 0f 11 4c 17 f0 c3 83 fa 08 73 2b 83 fa 04 73 16 83 fa 01 7c 10 8a 0e 74 0a 0f b7 74 16 fe 66 89 74 17 fe 88 0f c3 <8b> 4c 16 fc 8b 36 89 4c 17 fc 89 37 c3 0f 1f 00 48 8b 4c 16 f8 48
[ 1073.235971] mt7921e 0000:03:00.0 wlp3s0: renamed from wlan0 (while UP)
[ 1074.243599] iwd[7325]: segfault at c ip 00007f4643ba9c00 sp 00007fff4aa75c48 error 4 in libc.so.6[a7c00,7f4643b2a000+159000] likely on CPU 1 (core 1, socket 0)
[ 1074.243630] Code: f0 0f 11 07 0f 11 4c 17 f0 c3 83 fa 08 73 2b 83 fa 04 73 16 83 fa 01 7c 10 8a 0e 74 0a 0f b7 74 16 fe 66 89 74 17 fe 88 0f c3 <8b> 4c 16 fc 8b 36 89 4c 17 fc 89 37 c3 0f 1f 00 48 8b 4c 16 f8 48
[ 1074.287915] mt7921e 0000:03:00.0 wlp3s0: renamed from wlan0
[ 1075.321529] iwd[7331]: segfault at c ip 00007f6322ca6c00 sp 00007fffd63a2c18 error 4 in libc.so.6[a7c00,7f6322c27000+159000] likely on CPU 0 (core 0, socket 0)
[ 1075.321561] Code: f0 0f 11 07 0f 11 4c 17 f0 c3 83 fa 08 73 2b 83 fa 04 73 16 83 fa 01 7c 10 8a 0e 74 0a 0f b7 74 16 fe 66 89 74 17 fe 88 0f c3 <8b> 4c 16 fc 8b 36 89 4c 17 fc 89 37 c3 0f 1f 00 48 8b 4c 16 f8 48
[ 1075.385656] mt7921e 0000:03:00.0 wlp3s0: renamed from wlan0 (while UP)
[ 1076.390028] iwd[7337]: segfault at c ip 00007fa599008c00 sp 00007fff71ed0ae8 error 4 in libc.so.6[a7c00,7fa598f89000+159000] likely on CPU 1 (core 1, socket 0)
[ 1076.390060] Code: f0 0f 11 07 0f 11 4c 17 f0 c3 83 fa 08 73 2b 83 fa 04 73 16 83 fa 01 7c 10 8a 0e 74 0a 0f b7 74 16 fe 66 89 74 17 fe 88 0f c3 <8b> 4c 16 fc 8b 36 89 4c 17 fc 89 37 c3 0f 1f 00 48 8b 4c 16 f8 48
[ 1076.453866] mt7921e 0000:03:00.0 wlp3s0: renamed from wlan0 (while UP)
[ 1077.462473] iwd[7345]: segfault at c ip 00007fcade711c00 sp 00007ffcc0d8b548 error 4 in libc.so.6[a7c00,7fcade692000+159000] likely on CPU 0 (core 0, socket 0)
[ 1077.462530] Code: f0 0f 11 07 0f 11 4c 17 f0 c3 83 fa 08 73 2b 83 fa 04 73 16 83 fa 01 7c 10 8a 0e 74 0a 0f b7 74 16 fe 66 89 74 17 fe 88 0f c3 <8b> 4c 16 fc 8b 36 89 4c 17 fc 89 37 c3 0f 1f 00 48 8b 4c 16 f8 48
[ 1077.531508] mt7921e 0000:03:00.0 wlp3s0: renamed from wlan0 (while UP)
[ 1078.537260] iwd[7353]: segfault at c ip 00007f019bcbec00 sp 00007ffff3c2ae48 error 4 in libc.so.6[a7c00,7f019bc3f000+159000] likely on CPU 0 (core 0, socket 0)
[ 1078.537284] Code: f0 0f 11 07 0f 11 4c 17 f0 c3 83 fa 08 73 2b 83 fa 04 73 16 83 fa 01 7c 10 8a 0e 74 0a 0f b7 74 16 fe 66 89 74 17 fe 88 0f c3 <8b> 4c 16 fc 8b 36 89 4c 17 fc 89 37 c3 0f 1f 00 48 8b 4c 16 f8 48
[ 1078.601723] mt7921e 0000:03:00.0 wlp3s0: renamed from wlan0 (while UP)
[ 1079.609009] iwd[7360]: segfault at c ip 00007f0ea6cb7c00 sp 00007ffc1457dc08 error 4 in libc.so.6[a7c00,7f0ea6c38000+159000] likely on CPU 0 (core 0, socket 0)
[ 1079.609029] Code: f0 0f 11 07 0f 11 4c 17 f0 c3 83 fa 08 73 2b 83 fa 04 73 16 83 fa 01 7c 10 8a 0e 74 0a 0f b7 74 16 fe 66 89 74 17 fe 88 0f c3 <8b> 4c 16 fc 8b 36 89 4c 17 fc 89 37 c3 0f 1f 00 48 8b 4c 16 f8 48
[ 1079.674738] mt7921e 0000:03:00.0 wlp3s0: renamed from wlan0 (while UP)
[ 1080.678012] iwd[7366]: segfault at c ip 00007f45cf2dfc00 sp 00007ffc587d1558 error 4 in libc.so.6[a7c00,7f45cf260000+159000] likely on CPU 0 (core 0, socket 0)
[ 1080.678048] Code: f0 0f 11 07 0f 11 4c 17 f0 c3 83 fa 08 73 2b 83 fa 04 73 16 83 fa 01 7c 10 8a 0e 74 0a 0f b7 74 16 fe 66 89 74 17 fe 88 0f c3 <8b> 4c 16 fc 8b 36 89 4c 17 fc 89 37 c3 0f 1f 00 48 8b 4c 16 f8 48
[ 1080.746931] mt7921e 0000:03:00.0 wlp3s0: renamed from wlan0 (while UP)
[ 1081.752639] iwd[7372]: segfault at c ip 00007f8e4ca71c00 sp 00007ffc53ad3828 error 4 in libc.so.6[a7c00,7f8e4c9f2000+159000] likely on CPU 0 (core 0, socket 0)
[ 1081.752680] Code: f0 0f 11 07 0f 11 4c 17 f0 c3 83 fa 08 73 2b 83 fa 04 73 16 83 fa 01 7c 10 8a 0e 74 0a 0f b7 74 16 fe 66 89 74 17 fe 88 0f c3 <8b> 4c 16 fc 8b 36 89 4c 17 fc 89 37 c3 0f 1f 00 48 8b 4c 16 f8 48
[ 1081.819694] mt7921e 0000:03:00.0 wlp3s0: renamed from wlan0 (while UP)
[ 1082.828155] iwd[7378]: segfault at c ip 00007fe432c59c00 sp 00007ffcfd667978 error 4 in libc.so.6[a7c00,7fe432bda000+159000] likely on CPU 0 (core 0, socket 0)
[ 1082.828191] Code: f0 0f 11 07 0f 11 4c 17 f0 c3 83 fa 08 73 2b 83 fa 04 73 16 83 fa 01 7c 10 8a 0e 74 0a 0f b7 74 16 fe 66 89 74 17 fe 88 0f c3 <8b> 4c 16 fc 8b 36 89 4c 17 fc 89 37 c3 0f 1f 00 48 8b 4c 16 f8 48
[ 1082.888630] mt7921e 0000:03:00.0 wlp3s0: renamed from wlan0 (while UP)
[ 1083.895114] iwd[7384]: segfault at c ip 00007fbd2d1c4c00 sp 00007fff6c804818 error 4 in libc.so.6[a7c00,7fbd2d145000+159000] likely on CPU 1 (core 1, socket 0)
[ 1083.895159] Code: f0 0f 11 07 0f 11 4c 17 f0 c3 83 fa 08 73 2b 83 fa 04 73 16 83 fa 01 7c 10 8a 0e 74 0a 0f b7 74 16 fe 66 89 74 17 fe 88 0f c3 <8b> 4c 16 fc 8b 36 89 4c 17 fc 89 37 c3 0f 1f 00 48 8b 4c 16 f8 48
[ 1083.965282] mt7921e 0000:03:00.0 wlp3s0: renamed from wlan0 (while UP)
[ 1084.970720] iwd[7390]: segfault at c ip 00007f7c92babc00 sp 00007ffe1d707e78 error 4 in libc.so.6[a7c00,7f7c92b2c000+159000] likely on CPU 1 (core 1, socket 0)
[ 1084.970755] Code: f0 0f 11 07 0f 11 4c 17 f0 c3 83 fa 08 73 2b 83 fa 04 73 16 83 fa 01 7c 10 8a 0e 74 0a 0f b7 74 16 fe 66 89 74 17 fe 88 0f c3 <8b> 4c 16 fc 8b 36 89 4c 17 fc 89 37 c3 0f 1f 00 48 8b 4c 16 f8 48
[ 1085.007912] mt7921e 0000:03:00.0 wlp3s0: renamed from wlan0
[ 1086.043193] iwd[7396]: segfault at c ip 00007fc602d46c00 sp 00007ffedd6e8fb8 error 4 in libc.so.6[a7c00,7fc602cc7000+159000] likely on CPU 1 (core 1, socket 0)
[ 1086.043215] Code: f0 0f 11 07 0f 11 4c 17 f0 c3 83 fa 08 73 2b 83 fa 04 73 16 83 fa 01 7c 10 8a 0e 74 0a 0f b7 74 16 fe 66 89 74 17 fe 88 0f c3 <8b> 4c 16 fc 8b 36 89 4c 17 fc 89 37 c3 0f 1f 00 48 8b 4c 16 f8 48
[ 1086.107004] mt7921e 0000:03:00.0 wlp3s0: renamed from wlan0 (while UP)
[ 1087.117660] iwd[7402]: segfault at c ip 00007f415c371c00 sp 00007ffd7cd30288 error 4 in libc.so.6[a7c00,7f415c2f2000+159000] likely on CPU 1 (core 1, socket 0)
[ 1087.117697] Code: f0 0f 11 07 0f 11 4c 17 f0 c3 83 fa 08 73 2b 83 fa 04 73 16 83 fa 01 7c 10 8a 0e 74 0a 0f b7 74 16 fe 66 89 74 17 fe 88 0f c3 <8b> 4c 16 fc 8b 36 89 4c 17 fc 89 37 c3 0f 1f 00 48 8b 4c 16 f8 48
[ 1087.188020] mt7921e 0000:03:00.0 wlp3s0: renamed from wlan0 (while UP)
[ 1088.197738] iwd[7408]: segfault at c ip 00007f14a67fec00 sp 00007ffe30f3ed88 error 4 in libc.so.6[a7c00,7f14a677f000+159000] likely on CPU 1 (core 1, socket 0)
[ 1088.197757] Code: f0 0f 11 07 0f 11 4c 17 f0 c3 83 fa 08 73 2b 83 fa 04 73 16 83 fa 01 7c 10 8a 0e 74 0a 0f b7 74 16 fe 66 89 74 17 fe 88 0f c3 <8b> 4c 16 fc 8b 36 89 4c 17 fc 89 37 c3 0f 1f 00 48 8b 4c 16 f8 48
[ 1088.261046] mt7921e 0000:03:00.0 wlp3s0: renamed from wlan0 (while UP)
[ 1089.265844] iwd[7414]: segfault at c ip 00007f9bc2c39c00 sp 00007ffe4f042e58 error 4 in libc.so.6[a7c00,7f9bc2bba000+159000] likely on CPU 1 (core 1, socket 0)
[ 1089.265863] Code: f0 0f 11 07 0f 11 4c 17 f0 c3 83 fa 08 73 2b 83 fa 04 73 16 83 fa 01 7c 10 8a 0e 74 0a 0f b7 74 16 fe 66 89 74 17 fe 88 0f c3 <8b> 4c 16 fc 8b 36 89 4c 17 fc 89 37 c3 0f 1f 00 48 8b 4c 16 f8 48
[ 1089.331195] mt7921e 0000:03:00.0 wlp3s0: renamed from wlan0 (while UP)
[ 1090.336745] iwd[7420]: segfault at c ip 00007f3e76c51c00 sp 00007fff0bb4e3c8 error 4 in libc.so.6[a7c00,7f3e76bd2000+159000] likely on CPU 1 (core 1, socket 0)
[ 1090.336763] Code: f0 0f 11 07 0f 11 4c 17 f0 c3 83 fa 08 73 2b 83 fa 04 73 16 83 fa 01 7c 10 8a 0e 74 0a 0f b7 74 16 fe 66 89 74 17 fe 88 0f c3 <8b> 4c 16 fc 8b 36 89 4c 17 fc 89 37 c3 0f 1f 00 48 8b 4c 16 f8 48
[ 1090.396824] mt7921e 0000:03:00.0 wlp3s0: renamed from wlan0 (while UP)
[ 1091.406386] iwd[7426]: segfault at c ip 00007fdef38e1c00 sp 00007fffbea270c8 error 4 in libc.so.6[a7c00,7fdef3862000+159000] likely on CPU 0 (core 0, socket 0)
[ 1091.406423] Code: f0 0f 11 07 0f 11 4c 17 f0 c3 83 fa 08 73 2b 83 fa 04 73 16 83 fa 01 7c 10 8a 0e 74 0a 0f b7 74 16 fe 66 89 74 17 fe 88 0f c3 <8b> 4c 16 fc 8b 36 89 4c 17 fc 89 37 c3 0f 1f 00 48 8b 4c 16 f8 48
[ 1091.472330] mt7921e 0000:03:00.0 wlp3s0: renamed from wlan0 (while UP)
[ 1092.478090] iwd[7432]: segfault at c ip 00007f85d584ec00 sp 00007ffed44e0b38 error 4 in libc.so.6[a7c00,7f85d57cf000+159000] likely on CPU 0 (core 0, socket 0)
[ 1092.478107] Code: f0 0f 11 07 0f 11 4c 17 f0 c3 83 fa 08 73 2b 83 fa 04 73 16 83 fa 01 7c 10 8a 0e 74 0a 0f b7 74 16 fe 66 89 74 17 fe 88 0f c3 <8b> 4c 16 fc 8b 36 89 4c 17 fc 89 37 c3 0f 1f 00 48 8b 4c 16 f8 48
[ 1092.534169] mt7921e 0000:03:00.0 wlp3s0: renamed from wlan0 (while UP)
[ 1093.540864] iwd[7438]: segfault at c ip 00007f40bf159c00 sp 00007ffeef794588 error 4 in libc.so.6[a7c00,7f40bf0da000+159000] likely on CPU 1 (core 1, socket 0)
[ 1093.540882] Code: f0 0f 11 07 0f 11 4c 17 f0 c3 83 fa 08 73 2b 83 fa 04 73 16 83 fa 01 7c 10 8a 0e 74 0a 0f b7 74 16 fe 66 89 74 17 fe 88 0f c3 <8b> 4c 16 fc 8b 36 89 4c 17 fc 89 37 c3 0f 1f 00 48 8b 4c 16 f8 48
[ 1093.604339] mt7921e 0000:03:00.0 wlp3s0: renamed from wlan0 (while UP)
[ 1094.609478] iwd[7444]: segfault at c ip 00007f17aba49c00 sp 00007ffd3946e368 error 4 in libc.so.6[a7c00,7f17ab9ca000+159000] likely on CPU 0 (core 0, socket 0)
[ 1094.609511] Code: f0 0f 11 07 0f 11 4c 17 f0 c3 83 fa 08 73 2b 83 fa 04 73 16 83 fa 01 7c 10 8a 0e 74 0a 0f b7 74 16 fe 66 89 74 17 fe 88 0f c3 <8b> 4c 16 fc 8b 36 89 4c 17 fc 89 37 c3 0f 1f 00 48 8b 4c 16 f8 48
[ 1094.669198] mt7921e 0000:03:00.0 wlp3s0: renamed from wlan0 (while UP)
[ 1095.674125] iwd[7450]: segfault at c ip 00007f2872263c00 sp 00007ffdc469cf18 error 4 in libc.so.6[a7c00,7f28721e4000+159000] likely on CPU 0 (core 0, socket 0)
[ 1095.674163] Code: f0 0f 11 07 0f 11 4c 17 f0 c3 83 fa 08 73 2b 83 fa 04 73 16 83 fa 01 7c 10 8a 0e 74 0a 0f b7 74 16 fe 66 89 74 17 fe 88 0f c3 <8b> 4c 16 fc 8b 36 89 4c 17 fc 89 37 c3 0f 1f 00 48 8b 4c 16 f8 48
[ 1095.745621] mt7921e 0000:03:00.0 wlp3s0: renamed from wlan0 (while UP)
[ 1096.755406] iwd[7456]: segfault at c ip 00007f27272a0c00 sp 00007fff76d8c1f8 error 4 in libc.so.6[a7c00,7f2727221000+159000] likely on CPU 0 (core 0, socket 0)
[ 1096.755438] Code: f0 0f 11 07 0f 11 4c 17 f0 c3 83 fa 08 73 2b 83 fa 04 73 16 83 fa 01 7c 10 8a 0e 74 0a 0f b7 74 16 fe 66 89 74 17 fe 88 0f c3 <8b> 4c 16 fc 8b 36 89 4c 17 fc 89 37 c3 0f 1f 00 48 8b 4c 16 f8 48
[ 1096.817840] mt7921e 0000:03:00.0 wlp3s0: renamed from wlan0 (while UP)
[ 1097.823931] iwd[7464]: segfault at c ip 00007fe590d21c00 sp 00007ffe6ad9a648 error 4 in libc.so.6[a7c00,7fe590ca2000+159000] likely on CPU 1 (core 1, socket 0)
[ 1097.823969] Code: f0 0f 11 07 0f 11 4c 17 f0 c3 83 fa 08 73 2b 83 fa 04 73 16 83 fa 01 7c 10 8a 0e 74 0a 0f b7 74 16 fe 66 89 74 17 fe 88 0f c3 <8b> 4c 16 fc 8b 36 89 4c 17 fc 89 37 c3 0f 1f 00 48 8b 4c 16 f8 48
[ 1097.882101] mt7921e 0000:03:00.0 wlp3s0: renamed from wlan0 (while UP)
[ 1098.892593] iwd[7470]: segfault at c ip 00007f64d3cc2c00 sp 00007ffebc394808 error 4 in libc.so.6[a7c00,7f64d3c43000+159000] likely on CPU 0 (core 0, socket 0)
[ 1098.892627] Code: f0 0f 11 07 0f 11 4c 17 f0 c3 83 fa 08 73 2b 83 fa 04 73 16 83 fa 01 7c 10 8a 0e 74 0a 0f b7 74 16 fe 66 89 74 17 fe 88 0f c3 <8b> 4c 16 fc 8b 36 89 4c 17 fc 89 37 c3 0f 1f 00 48 8b 4c 16 f8 48
[ 1098.954844] mt7921e 0000:03:00.0 wlp3s0: renamed from wlan0 (while UP)
[ 1099.962610] iwd[7476]: segfault at c ip 00007f9da75fac00 sp 00007ffc7e376858 error 4 in libc.so.6[a7c00,7f9da757b000+159000] likely on CPU 1 (core 1, socket 0)
[ 1099.962642] Code: f0 0f 11 07 0f 11 4c 17 f0 c3 83 fa 08 73 2b 83 fa 04 73 16 83 fa 01 7c 10 8a 0e 74 0a 0f b7 74 16 fe 66 89 74 17 fe 88 0f c3 <8b> 4c 16 fc 8b 36 89 4c 17 fc 89 37 c3 0f 1f 00 48 8b 4c 16 f8 48
[ 1100.025144] mt7921e 0000:03:00.0 wlp3s0: renamed from wlan0 (while UP)
[ 1101.031111] iwd[7482]: segfault at c ip 00007fce279b3c00 sp 00007fff2b36b428 error 4 in libc.so.6[a7c00,7fce27934000+159000] likely on CPU 1 (core 1, socket 0)
[ 1101.031139] Code: f0 0f 11 07 0f 11 4c 17 f0 c3 83 fa 08 73 2b 83 fa 04 73 16 83 fa 01 7c 10 8a 0e 74 0a 0f b7 74 16 fe 66 89 74 17 fe 88 0f c3 <8b> 4c 16 fc 8b 36 89 4c 17 fc 89 37 c3 0f 1f 00 48 8b 4c 16 f8 48
[ 1101.097140] mt7921e 0000:03:00.0 wlp3s0: renamed from wlan0 (while UP)
[ 1102.107580] iwd[7488]: segfault at c ip 00007fc5b2fd1c00 sp 00007fff26d3fb08 error 4 in libc.so.6[a7c00,7fc5b2f52000+159000] likely on CPU 0 (core 0, socket 0)
[ 1102.107612] Code: f0 0f 11 07 0f 11 4c 17 f0 c3 83 fa 08 73 2b 83 fa 04 73 16 83 fa 01 7c 10 8a 0e 74 0a 0f b7 74 16 fe 66 89 74 17 fe 88 0f c3 <8b> 4c 16 fc 8b 36 89 4c 17 fc 89 37 c3 0f 1f 00 48 8b 4c 16 f8 48
[ 1102.167199] mt7921e 0000:03:00.0 wlp3s0: renamed from wlan0 (while UP)
[ 1103.172573] iwd[7494]: segfault at c ip 00007fb1b3a58c00 sp 00007ffdb14caf78 error 4 in libc.so.6[a7c00,7fb1b39d9000+159000] likely on CPU 0 (core 0, socket 0)
[ 1103.172591] Code: f0 0f 11 07 0f 11 4c 17 f0 c3 83 fa 08 73 2b 83 fa 04 73 16 83 fa 01 7c 10 8a 0e 74 0a 0f b7 74 16 fe 66 89 74 17 fe 88 0f c3 <8b> 4c 16 fc 8b 36 89 4c 17 fc 89 37 c3 0f 1f 00 48 8b 4c 16 f8 48
[ 1103.230961] mt7921e 0000:03:00.0 wlp3s0: renamed from wlan0 (while UP)
[ 1104.239762] iwd[7500]: segfault at c ip 00007fba7c119c00 sp 00007ffc5c53c5c8 error 4 in libc.so.6[a7c00,7fba7c09a000+159000] likely on CPU 1 (core 1, socket 0)
[ 1104.239782] Code: f0 0f 11 07 0f 11 4c 17 f0 c3 83 fa 08 73 2b 83 fa 04 73 16 83 fa 01 7c 10 8a 0e 74 0a 0f b7 74 16 fe 66 89 74 17 fe 88 0f c3 <8b> 4c 16 fc 8b 36 89 4c 17 fc 89 37 c3 0f 1f 00 48 8b 4c 16 f8 48
[ 1104.305330] mt7921e 0000:03:00.0 wlp3s0: renamed from wlan0 (while UP)
[ 1105.309677] iwd[7506]: segfault at c ip 00007fd770dcfc00 sp 00007fffe9a18f18 error 4 in libc.so.6[a7c00,7fd770d50000+159000] likely on CPU 0 (core 0, socket 0)
[ 1105.309695] Code: f0 0f 11 07 0f 11 4c 17 f0 c3 83 fa 08 73 2b 83 fa 04 73 16 83 fa 01 7c 10 8a 0e 74 0a 0f b7 74 16 fe 66 89 74 17 fe 88 0f c3 <8b> 4c 16 fc 8b 36 89 4c 17 fc 89 37 c3 0f 1f 00 48 8b 4c 16 f8 48
[ 1105.368473] mt7921e 0000:03:00.0 wlp3s0: renamed from wlan0 (while UP)
[ 1106.378460] iwd[7512]: segfault at c ip 00007f5231082c00 sp 00007ffc8e49b088 error 4 in libc.so.6[a7c00,7f5231003000+159000] likely on CPU 0 (core 0, socket 0)
[ 1106.378504] Code: f0 0f 11 07 0f 11 4c 17 f0 c3 83 fa 08 73 2b 83 fa 04 73 16 83 fa 01 7c 10 8a 0e 74 0a 0f b7 74 16 fe 66 89 74 17 fe 88 0f c3 <8b> 4c 16 fc 8b 36 89 4c 17 fc 89 37 c3 0f 1f 00 48 8b 4c 16 f8 48
[ 1106.440484] mt7921e 0000:03:00.0 wlp3s0: renamed from wlan0 (while UP)
[ 1107.446012] iwd[7518]: segfault at c ip 00007fc06a161c00 sp 00007fffe5578788 error 4 in libc.so.6[a7c00,7fc06a0e2000+159000] likely on CPU 1 (core 1, socket 0)
[ 1107.446078] Code: f0 0f 11 07 0f 11 4c 17 f0 c3 83 fa 08 73 2b 83 fa 04 73 16 83 fa 01 7c 10 8a 0e 74 0a 0f b7 74 16 fe 66 89 74 17 fe 88 0f c3 <8b> 4c 16 fc 8b 36 89 4c 17 fc 89 37 c3 0f 1f 00 48 8b 4c 16 f8 48
[ 1107.517922] mt7921e 0000:03:00.0 wlp3s0: renamed from wlan0 (while UP)
[ 1108.527747] iwd[7524]: segfault at c ip 00007f1a6abe1c00 sp 00007fff4c09d948 error 4 in libc.so.6[a7c00,7f1a6ab62000+159000] likely on CPU 0 (core 0, socket 0)
[ 1108.527779] Code: f0 0f 11 07 0f 11 4c 17 f0 c3 83 fa 08 73 2b 83 fa 04 73 16 83 fa 01 7c 10 8a 0e 74 0a 0f b7 74 16 fe 66 89 74 17 fe 88 0f c3 <8b> 4c 16 fc 8b 36 89 4c 17 fc 89 37 c3 0f 1f 00 48 8b 4c 16 f8 48
[ 1108.600382] mt7921e 0000:03:00.0 wlp3s0: renamed from wlan0 (while UP)
[ 1109.611033] iwd[7530]: segfault at c ip 00007fe6e274cc00 sp 00007ffe24a35248 error 4 in libc.so.6[a7c00,7fe6e26cd000+159000] likely on CPU 1 (core 1, socket 0)
[ 1109.611073] Code: f0 0f 11 07 0f 11 4c 17 f0 c3 83 fa 08 73 2b 83 fa 04 73 16 83 fa 01 7c 10 8a 0e 74 0a 0f b7 74 16 fe 66 89 74 17 fe 88 0f c3 <8b> 4c 16 fc 8b 36 89 4c 17 fc 89 37 c3 0f 1f 00 48 8b 4c 16 f8 48
[ 1109.681395] mt7921e 0000:03:00.0 wlp3s0: renamed from wlan0 (while UP)
[ 1110.687404] iwd[7536]: segfault at c ip 00007f10a0a6fc00 sp 00007ffe8b284688 error 4 in libc.so.6[a7c00,7f10a09f0000+159000] likely on CPU 1 (core 1, socket 0)
[ 1110.687442] Code: f0 0f 11 07 0f 11 4c 17 f0 c3 83 fa 08 73 2b 83 fa 04 73 16 83 fa 01 7c 10 8a 0e 74 0a 0f b7 74 16 fe 66 89 74 17 fe 88 0f c3 <8b> 4c 16 fc 8b 36 89 4c 17 fc 89 37 c3 0f 1f 00 48 8b 4c 16 f8 48
[ 1110.730320] mt7921e 0000:03:00.0 wlp3s0: renamed from wlan0
[ 1111.764134] iwd[7542]: segfault at c ip 00007effafeaec00 sp 00007ffe7e00ea78 error 4 in libc.so.6[a7c00,7effafe2f000+159000] likely on CPU 0 (core 0, socket 0)
[ 1111.764167] Code: f0 0f 11 07 0f 11 4c 17 f0 c3 83 fa 08 73 2b 83 fa 04 73 16 83 fa 01 7c 10 8a 0e 74 0a 0f b7 74 16 fe 66 89 74 17 fe 88 0f c3 <8b> 4c 16 fc 8b 36 89 4c 17 fc 89 37 c3 0f 1f 00 48 8b 4c 16 f8 48
[ 1111.805519] mt7921e 0000:03:00.0 wlp3s0: renamed from wlan0
[ 1112.843565] iwd[7559]: segfault at c ip 00007f9d1db77c00 sp 00007fff0c365808 error 4 in libc.so.6[a7c00,7f9d1daf8000+159000] likely on CPU 0 (core 0, socket 0)
[ 1112.843593] Code: f0 0f 11 07 0f 11 4c 17 f0 c3 83 fa 08 73 2b 83 fa 04 73 16 83 fa 01 7c 10 8a 0e 74 0a 0f b7 74 16 fe 66 89 74 17 fe 88 0f c3 <8b> 4c 16 fc 8b 36 89 4c 17 fc 89 37 c3 0f 1f 00 48 8b 4c 16 f8 48
[ 1112.885712] mt7921e 0000:03:00.0 wlp3s0: renamed from wlan0
[ 1113.917861] iwd[7565]: segfault at c ip 00007fa2e2be7c00 sp 00007ffdbfeca5a8 error 4 in libc.so.6[a7c00,7fa2e2b68000+159000] likely on CPU 0 (core 0, socket 0)
[ 1113.917885] Code: f0 0f 11 07 0f 11 4c 17 f0 c3 83 fa 08 73 2b 83 fa 04 73 16 83 fa 01 7c 10 8a 0e 74 0a 0f b7 74 16 fe 66 89 74 17 fe 88 0f c3 <8b> 4c 16 fc 8b 36 89 4c 17 fc 89 37 c3 0f 1f 00 48 8b 4c 16 f8 48
[ 1113.978089] mt7921e 0000:03:00.0 wlp3s0: renamed from wlan0 (while UP)
[ 1114.984419] iwd[7577]: segfault at c ip 00007fb41ede3c00 sp 00007fff41cef168 error 4 in libc.so.6[a7c00,7fb41ed64000+159000] likely on CPU 0 (core 0, socket 0)
[ 1114.984452] Code: f0 0f 11 07 0f 11 4c 17 f0 c3 83 fa 08 73 2b 83 fa 04 73 16 83 fa 01 7c 10 8a 0e 74 0a 0f b7 74 16 fe 66 89 74 17 fe 88 0f c3 <8b> 4c 16 fc 8b 36 89 4c 17 fc 89 37 c3 0f 1f 00 48 8b 4c 16 f8 48
[ 1115.047086] mt7921e 0000:03:00.0 wlp3s0: renamed from wlan0 (while UP)
[ 1116.055838] iwd[7583]: segfault at c ip 00007f35ffb05c00 sp 00007ffc31ee9198 error 4 in libc.so.6[a7c00,7f35ffa86000+159000] likely on CPU 1 (core 1, socket 0)
[ 1116.055875] Code: f0 0f 11 07 0f 11 4c 17 f0 c3 83 fa 08 73 2b 83 fa 04 73 16 83 fa 01 7c 10 8a 0e 74 0a 0f b7 74 16 fe 66 89 74 17 fe 88 0f c3 <8b> 4c 16 fc 8b 36 89 4c 17 fc 89 37 c3 0f 1f 00 48 8b 4c 16 f8 48
[ 1116.124566] mt7921e 0000:03:00.0 wlp3s0: renamed from wlan0 (while UP)
[ 1117.131460] iwd[7589]: segfault at c ip 00007f1a95361c00 sp 00007ffe2443bd38 error 4 in libc.so.6[a7c00,7f1a952e2000+159000] likely on CPU 1 (core 1, socket 0)
[ 1117.131498] Code: f0 0f 11 07 0f 11 4c 17 f0 c3 83 fa 08 73 2b 83 fa 04 73 16 83 fa 01 7c 10 8a 0e 74 0a 0f b7 74 16 fe 66 89 74 17 fe 88 0f c3 <8b> 4c 16 fc 8b 36 89 4c 17 fc 89 37 c3 0f 1f 00 48 8b 4c 16 f8 48
[ 1117.179225] mt7921e 0000:03:00.0 wlp3s0: renamed from wlan0
[ 1118.213871] iwd[7595]: segfault at c ip 00007f96cc577c00 sp 00007ffeafc8cbe8 error 4 in libc.so.6[a7c00,7f96cc4f8000+159000] likely on CPU 1 (core 1, socket 0)
[ 1118.213890] Code: f0 0f 11 07 0f 11 4c 17 f0 c3 83 fa 08 73 2b 83 fa 04 73 16 83 fa 01 7c 10 8a 0e 74 0a 0f b7 74 16 fe 66 89 74 17 fe 88 0f c3 <8b> 4c 16 fc 8b 36 89 4c 17 fc 89 37 c3 0f 1f 00 48 8b 4c 16 f8 48
[ 1118.252428] mt7921e 0000:03:00.0 wlp3s0: renamed from wlan0
[ 1119.285912] iwd[7601]: segfault at c ip 00007fde41f7ac00 sp 00007ffddc735018 error 4 in libc.so.6[a7c00,7fde41efb000+159000] likely on CPU 0 (core 0, socket 0)
[ 1119.285944] Code: f0 0f 11 07 0f 11 4c 17 f0 c3 83 fa 08 73 2b 83 fa 04 73 16 83 fa 01 7c 10 8a 0e 74 0a 0f b7 74 16 fe 66 89 74 17 fe 88 0f c3 <8b> 4c 16 fc 8b 36 89 4c 17 fc 89 37 c3 0f 1f 00 48 8b 4c 16 f8 48
[ 1119.354332] mt7921e 0000:03:00.0 wlp3s0: renamed from wlan0 (while UP)
[ 1120.358078] iwd[7607]: segfault at c ip 00007fe0bda21c00 sp 00007ffc99acafc8 error 4 in libc.so.6[a7c00,7fe0bd9a2000+159000] likely on CPU 1 (core 1, socket 0)
[ 1120.358097] Code: f0 0f 11 07 0f 11 4c 17 f0 c3 83 fa 08 73 2b 83 fa 04 73 16 83 fa 01 7c 10 8a 0e 74 0a 0f b7 74 16 fe 66 89 74 17 fe 88 0f c3 <8b> 4c 16 fc 8b 36 89 4c 17 fc 89 37 c3 0f 1f 00 48 8b 4c 16 f8 48
[ 1120.423764] mt7921e 0000:03:00.0 wlp3s0: renamed from wlan0 (while UP)
[ 1121.429429] iwd[7613]: segfault at c ip 00007f7fdfe4bc00 sp 00007ffc4e44eec8 error 4 in libc.so.6[a7c00,7f7fdfdcc000+159000] likely on CPU 0 (core 0, socket 0)
[ 1121.429461] Code: f0 0f 11 07 0f 11 4c 17 f0 c3 83 fa 08 73 2b 83 fa 04 73 16 83 fa 01 7c 10 8a 0e 74 0a 0f b7 74 16 fe 66 89 74 17 fe 88 0f c3 <8b> 4c 16 fc 8b 36 89 4c 17 fc 89 37 c3 0f 1f 00 48 8b 4c 16 f8 48
[ 1121.502064] mt7921e 0000:03:00.0 wlp3s0: renamed from wlan0 (while UP)
[ 1122.506285] iwd[7619]: segfault at c ip 00007f609aca8c00 sp 00007ffc422ce948 error 4 in libc.so.6[a7c00,7f609ac29000+159000] likely on CPU 1 (core 1, socket 0)
[ 1122.506311] Code: f0 0f 11 07 0f 11 4c 17 f0 c3 83 fa 08 73 2b 83 fa 04 73 16 83 fa 01 7c 10 8a 0e 74 0a 0f b7 74 16 fe 66 89 74 17 fe 88 0f c3 <8b> 4c 16 fc 8b 36 89 4c 17 fc 89 37 c3 0f 1f 00 48 8b 4c 16 f8 48
[ 1122.565420] mt7921e 0000:03:00.0 wlp3s0: renamed from wlan0 (while UP)
[ 1123.570932] iwd[7625]: segfault at c ip 00007f0e551bcc00 sp 00007ffcf786f4e8 error 4 in libc.so.6[a7c00,7f0e5513d000+159000] likely on CPU 0 (core 0, socket 0)
[ 1123.570951] Code: f0 0f 11 07 0f 11 4c 17 f0 c3 83 fa 08 73 2b 83 fa 04 73 16 83 fa 01 7c 10 8a 0e 74 0a 0f b7 74 16 fe 66 89 74 17 fe 88 0f c3 <8b> 4c 16 fc 8b 36 89 4c 17 fc 89 37 c3 0f 1f 00 48 8b 4c 16 f8 48
[ 1123.633233] mt7921e 0000:03:00.0 wlp3s0: renamed from wlan0 (while UP)
[ 1124.637474] iwd[7631]: segfault at c ip 00007fc42b0a2c00 sp 00007fff9b3bf018 error 4 in libc.so.6[a7c00,7fc42b023000+159000] likely on CPU 1 (core 1, socket 0)
[ 1124.637509] Code: f0 0f 11 07 0f 11 4c 17 f0 c3 83 fa 08 73 2b 83 fa 04 73 16 83 fa 01 7c 10 8a 0e 74 0a 0f b7 74 16 fe 66 89 74 17 fe 88 0f c3 <8b> 4c 16 fc 8b 36 89 4c 17 fc 89 37 c3 0f 1f 00 48 8b 4c 16 f8 48
[ 1124.703353] mt7921e 0000:03:00.0 wlp3s0: renamed from wlan0 (while UP)
[ 1125.706897] iwd[7637]: segfault at c ip 00007fd3009d6c00 sp 00007fff2517b4d8 error 4 in libc.so.6[a7c00,7fd300957000+159000] likely on CPU 0 (core 0, socket 0)
[ 1125.706949] Code: f0 0f 11 07 0f 11 4c 17 f0 c3 83 fa 08 73 2b 83 fa 04 73 16 83 fa 01 7c 10 8a 0e 74 0a 0f b7 74 16 fe 66 89 74 17 fe 88 0f c3 <8b> 4c 16 fc 8b 36 89 4c 17 fc 89 37 c3 0f 1f 00 48 8b 4c 16 f8 48
[ 1125.770979] mt7921e 0000:03:00.0 wlp3s0: renamed from wlan0 (while UP)
[ 1126.779378] iwd[7643]: segfault at c ip 00007fd1bf0efc00 sp 00007ffcabc4ae18 error 4 in libc.so.6[a7c00,7fd1bf070000+159000] likely on CPU 1 (core 1, socket 0)
[ 1126.779415] Code: f0 0f 11 07 0f 11 4c 17 f0 c3 83 fa 08 73 2b 83 fa 04 73 16 83 fa 01 7c 10 8a 0e 74 0a 0f b7 74 16 fe 66 89 74 17 fe 88 0f c3 <8b> 4c 16 fc 8b 36 89 4c 17 fc 89 37 c3 0f 1f 00 48 8b 4c 16 f8 48
[ 1126.842294] mt7921e 0000:03:00.0 wlp3s0: renamed from wlan0 (while UP)
[ 1127.847769] iwd[7649]: segfault at c ip 00007f42b9158c00 sp 00007fff0ec2bd78 error 4 in libc.so.6[a7c00,7f42b90d9000+159000] likely on CPU 0 (core 0, socket 0)
[ 1127.847807] Code: f0 0f 11 07 0f 11 4c 17 f0 c3 83 fa 08 73 2b 83 fa 04 73 16 83 fa 01 7c 10 8a 0e 74 0a 0f b7 74 16 fe 66 89 74 17 fe 88 0f c3 <8b> 4c 16 fc 8b 36 89 4c 17 fc 89 37 c3 0f 1f 00 48 8b 4c 16 f8 48
[ 1127.910231] mt7921e 0000:03:00.0 wlp3s0: renamed from wlan0 (while UP)
[ 1128.916380] iwd[7656]: segfault at c ip 00007fca0e4cec00 sp 00007ffdede172a8 error 4 in libc.so.6[a7c00,7fca0e44f000+159000] likely on CPU 1 (core 1, socket 0)
[ 1128.916415] Code: f0 0f 11 07 0f 11 4c 17 f0 c3 83 fa 08 73 2b 83 fa 04 73 16 83 fa 01 7c 10 8a 0e 74 0a 0f b7 74 16 fe 66 89 74 17 fe 88 0f c3 <8b> 4c 16 fc 8b 36 89 4c 17 fc 89 37 c3 0f 1f 00 48 8b 4c 16 f8 48
[ 1128.976322] mt7921e 0000:03:00.0 wlp3s0: renamed from wlan0 (while UP)
[ 1129.980990] iwd[7662]: segfault at c ip 00007f63753cdc00 sp 00007ffca105f258 error 4 in libc.so.6[a7c00,7f637534e000+159000] likely on CPU 0 (core 0, socket 0)
[ 1129.981009] Code: f0 0f 11 07 0f 11 4c 17 f0 c3 83 fa 08 73 2b 83 fa 04 73 16 83 fa 01 7c 10 8a 0e 74 0a 0f b7 74 16 fe 66 89 74 17 fe 88 0f c3 <8b> 4c 16 fc 8b 36 89 4c 17 fc 89 37 c3 0f 1f 00 48 8b 4c 16 f8 48
[ 1130.012655] mt7921e 0000:03:00.0 wlp3s0: renamed from wlan0
[ 1131.044859] iwd[7668]: segfault at c ip 00007ff182502c00 sp 00007ffd94b2f208 error 4 in libc.so.6[a7c00,7ff182483000+159000] likely on CPU 1 (core 1, socket 0)
[ 1131.044878] Code: f0 0f 11 07 0f 11 4c 17 f0 c3 83 fa 08 73 2b 83 fa 04 73 16 83 fa 01 7c 10 8a 0e 74 0a 0f b7 74 16 fe 66 89 74 17 fe 88 0f c3 <8b> 4c 16 fc 8b 36 89 4c 17 fc 89 37 c3 0f 1f 00 48 8b 4c 16 f8 48
[ 1131.119450] mt7921e 0000:03:00.0 wlp3s0: renamed from wlan0 (while UP)
[ 1132.123643] iwd[7674]: segfault at c ip 00007f1aa6b4fc00 sp 00007ffddc189818 error 4 in libc.so.6[a7c00,7f1aa6ad0000+159000] likely on CPU 1 (core 1, socket 0)
[ 1132.123667] Code: f0 0f 11 07 0f 11 4c 17 f0 c3 83 fa 08 73 2b 83 fa 04 73 16 83 fa 01 7c 10 8a 0e 74 0a 0f b7 74 16 fe 66 89 74 17 fe 88 0f c3 <8b> 4c 16 fc 8b 36 89 4c 17 fc 89 37 c3 0f 1f 00 48 8b 4c 16 f8 48
[ 1132.188363] mt7921e 0000:03:00.0 wlp3s0: renamed from wlan0 (while UP)
[ 1133.189798] iwd[7680]: segfault at c ip 00007f6447091c00 sp 00007ffe1e7d5ce8 error 4 in libc.so.6[a7c00,7f6447012000+159000] likely on CPU 0 (core 0, socket 0)
[ 1133.189815] Code: f0 0f 11 07 0f 11 4c 17 f0 c3 83 fa 08 73 2b 83 fa 04 73 16 83 fa 01 7c 10 8a 0e 74 0a 0f b7 74 16 fe 66 89 74 17 fe 88 0f c3 <8b> 4c 16 fc 8b 36 89 4c 17 fc 89 37 c3 0f 1f 00 48 8b 4c 16 f8 48
[ 1133.257393] mt7921e 0000:03:00.0 wlp3s0: renamed from wlan0 (while UP)
[ 1134.261792] iwd[7686]: segfault at c ip 00007fc27ee8ec00 sp 00007ffdc6a168f8 error 4 in libc.so.6[a7c00,7fc27ee0f000+159000] likely on CPU 1 (core 1, socket 0)
[ 1134.261810] Code: f0 0f 11 07 0f 11 4c 17 f0 c3 83 fa 08 73 2b 83 fa 04 73 16 83 fa 01 7c 10 8a 0e 74 0a 0f b7 74 16 fe 66 89 74 17 fe 88 0f c3 <8b> 4c 16 fc 8b 36 89 4c 17 fc 89 37 c3 0f 1f 00 48 8b 4c 16 f8 48
[ 1134.321196] mt7921e 0000:03:00.0 wlp3s0: renamed from wlan0 (while UP)
[ 1135.328191] iwd[7692]: segfault at c ip 00007f0d98c33c00 sp 00007fffc21a9bf8 error 4 in libc.so.6[a7c00,7f0d98bb4000+159000] likely on CPU 1 (core 1, socket 0)
[ 1135.328226] Code: f0 0f 11 07 0f 11 4c 17 f0 c3 83 fa 08 73 2b 83 fa 04 73 16 83 fa 01 7c 10 8a 0e 74 0a 0f b7 74 16 fe 66 89 74 17 fe 88 0f c3 <8b> 4c 16 fc 8b 36 89 4c 17 fc 89 37 c3 0f 1f 00 48 8b 4c 16 f8 48
[ 1135.393378] mt7921e 0000:03:00.0 wlp3s0: renamed from wlan0 (while UP)
[ 1136.399215] iwd[7698]: segfault at c ip 00007f3a473d2c00 sp 00007ffec837e178 error 4 in libc.so.6[a7c00,7f3a47353000+159000] likely on CPU 0 (core 0, socket 0)
[ 1136.399252] Code: f0 0f 11 07 0f 11 4c 17 f0 c3 83 fa 08 73 2b 83 fa 04 73 16 83 fa 01 7c 10 8a 0e 74 0a 0f b7 74 16 fe 66 89 74 17 fe 88 0f c3 <8b> 4c 16 fc 8b 36 89 4c 17 fc 89 37 c3 0f 1f 00 48 8b 4c 16 f8 48
[ 1136.461360] mt7921e 0000:03:00.0 wlp3s0: renamed from wlan0 (while UP)
[ 1137.467420] iwd[7704]: segfault at c ip 00007fbece1bdc00 sp 00007ffee1a10b28 error 4 in libc.so.6[a7c00,7fbece13e000+159000] likely on CPU 0 (core 0, socket 0)
[ 1137.467458] Code: f0 0f 11 07 0f 11 4c 17 f0 c3 83 fa 08 73 2b 83 fa 04 73 16 83 fa 01 7c 10 8a 0e 74 0a 0f b7 74 16 fe 66 89 74 17 fe 88 0f c3 <8b> 4c 16 fc 8b 36 89 4c 17 fc 89 37 c3 0f 1f 00 48 8b 4c 16 f8 48
[ 1137.508187] mt7921e 0000:03:00.0 wlp3s0: renamed from wlan0
[ 1138.543337] iwd[7710]: segfault at c ip 00007f694a5b0c00 sp 00007ffd3212f768 error 4 in libc.so.6[a7c00,7f694a531000+159000] likely on CPU 0 (core 0, socket 0)
[ 1138.543395] Code: f0 0f 11 07 0f 11 4c 17 f0 c3 83 fa 08 73 2b 83 fa 04 73 16 83 fa 01 7c 10 8a 0e 74 0a 0f b7 74 16 fe 66 89 74 17 fe 88 0f c3 <8b> 4c 16 fc 8b 36 89 4c 17 fc 89 37 c3 0f 1f 00 48 8b 4c 16 f8 48
[ 1138.613802] mt7921e 0000:03:00.0 wlp3s0: renamed from wlan0 (while UP)
[ 1139.621082] iwd[7716]: segfault at c ip 00007fd6f3519c00 sp 00007ffe17e8e348 error 4 in libc.so.6[a7c00,7fd6f349a000+159000] likely on CPU 0 (core 0, socket 0)
[ 1139.621113] Code: f0 0f 11 07 0f 11 4c 17 f0 c3 83 fa 08 73 2b 83 fa 04 73 16 83 fa 01 7c 10 8a 0e 74 0a 0f b7 74 16 fe 66 89 74 17 fe 88 0f c3 <8b> 4c 16 fc 8b 36 89 4c 17 fc 89 37 c3 0f 1f 00 48 8b 4c 16 f8 48
[ 1139.694954] mt7921e 0000:03:00.0 wlp3s0: renamed from wlan0 (while UP)
[ 1140.708211] iwd[7722]: segfault at c ip 00007fd00944cc00 sp 00007ffca5e6b5e8 error 4 in libc.so.6[a7c00,7fd0093cd000+159000] likely on CPU 0 (core 0, socket 0)
[ 1140.708257] Code: f0 0f 11 07 0f 11 4c 17 f0 c3 83 fa 08 73 2b 83 fa 04 73 16 83 fa 01 7c 10 8a 0e 74 0a 0f b7 74 16 fe 66 89 74 17 fe 88 0f c3 <8b> 4c 16 fc 8b 36 89 4c 17 fc 89 37 c3 0f 1f 00 48 8b 4c 16 f8 48
[ 1140.766468] mt7921e 0000:03:00.0 wlp3s0: renamed from wlan0 (while UP)
[ 1141.773726] iwd[7728]: segfault at c ip 00007f224468dc00 sp 00007ffc286eecf8 error 4 in libc.so.6[a7c00,7f224460e000+159000] likely on CPU 0 (core 0, socket 0)
[ 1141.773758] Code: f0 0f 11 07 0f 11 4c 17 f0 c3 83 fa 08 73 2b 83 fa 04 73 16 83 fa 01 7c 10 8a 0e 74 0a 0f b7 74 16 fe 66 89 74 17 fe 88 0f c3 <8b> 4c 16 fc 8b 36 89 4c 17 fc 89 37 c3 0f 1f 00 48 8b 4c 16 f8 48
[ 1141.836271] mt7921e 0000:03:00.0 wlp3s0: renamed from wlan0 (while UP)
[ 1142.842802] iwd[7736]: segfault at c ip 00007f5728398c00 sp 00007ffe54bfb398 error 4 in libc.so.6[a7c00,7f5728319000+159000] likely on CPU 1 (core 1, socket 0)
[ 1142.842834] Code: f0 0f 11 07 0f 11 4c 17 f0 c3 83 fa 08 73 2b 83 fa 04 73 16 83 fa 01 7c 10 8a 0e 74 0a 0f b7 74 16 fe 66 89 74 17 fe 88 0f c3 <8b> 4c 16 fc 8b 36 89 4c 17 fc 89 37 c3 0f 1f 00 48 8b 4c 16 f8 48
[ 1142.904415] mt7921e 0000:03:00.0 wlp3s0: renamed from wlan0 (while UP)
[ 1143.909887] iwd[7742]: segfault at c ip 00007f92f3f70c00 sp 00007ffc1edb81a8 error 4 in libc.so.6[a7c00,7f92f3ef1000+159000] likely on CPU 0 (core 0, socket 0)
[ 1143.909922] Code: f0 0f 11 07 0f 11 4c 17 f0 c3 83 fa 08 73 2b 83 fa 04 73 16 83 fa 01 7c 10 8a 0e 74 0a 0f b7 74 16 fe 66 89 74 17 fe 88 0f c3 <8b> 4c 16 fc 8b 36 89 4c 17 fc 89 37 c3 0f 1f 00 48 8b 4c 16 f8 48
[ 1143.972742] mt7921e 0000:03:00.0 wlp3s0: renamed from wlan0 (while UP)
[ 1144.978610] iwd[7748]: segfault at c ip 00007f537ea66c00 sp 00007ffc4dfa8808 error 4 in libc.so.6[a7c00,7f537e9e7000+159000] likely on CPU 1 (core 1, socket 0)
[ 1144.978628] Code: f0 0f 11 07 0f 11 4c 17 f0 c3 83 fa 08 73 2b 83 fa 04 73 16 83 fa 01 7c 10 8a 0e 74 0a 0f b7 74 16 fe 66 89 74 17 fe 88 0f c3 <8b> 4c 16 fc 8b 36 89 4c 17 fc 89 37 c3 0f 1f 00 48 8b 4c 16 f8 48
[ 1145.049070] mt7921e 0000:03:00.0 wlp3s0: renamed from wlan0 (while UP)
[ 1146.052034] iwd[7754]: segfault at c ip 00007ffb75f14c00 sp 00007ffc5127ed88 error 4 in libc.so.6[a7c00,7ffb75e95000+159000] likely on CPU 1 (core 1, socket 0)
[ 1146.052073] Code: f0 0f 11 07 0f 11 4c 17 f0 c3 83 fa 08 73 2b 83 fa 04 73 16 83 fa 01 7c 10 8a 0e 74 0a 0f b7 74 16 fe 66 89 74 17 fe 88 0f c3 <8b> 4c 16 fc 8b 36 89 4c 17 fc 89 37 c3 0f 1f 00 48 8b 4c 16 f8 48
[ 1146.117864] mt7921e 0000:03:00.0 wlp3s0: renamed from wlan0 (while UP)
[ 1147.133960] iwd[7760]: segfault at c ip 00007f2c1172dc00 sp 00007ffcb9009538 error 4 in libc.so.6[a7c00,7f2c116ae000+159000] likely on CPU 1 (core 1, socket 0)
[ 1147.133981] Code: f0 0f 11 07 0f 11 4c 17 f0 c3 83 fa 08 73 2b 83 fa 04 73 16 83 fa 01 7c 10 8a 0e 74 0a 0f b7 74 16 fe 66 89 74 17 fe 88 0f c3 <8b> 4c 16 fc 8b 36 89 4c 17 fc 89 37 c3 0f 1f 00 48 8b 4c 16 f8 48
[ 1147.203544] mt7921e 0000:03:00.0 wlp3s0: renamed from wlan0 (while UP)
[ 1148.210199] iwd[7766]: segfault at c ip 00007f58a38c4c00 sp 00007ffdd64dfc88 error 4 in libc.so.6[a7c00,7f58a3845000+159000] likely on CPU 0 (core 0, socket 0)
[ 1148.210222] Code: f0 0f 11 07 0f 11 4c 17 f0 c3 83 fa 08 73 2b 83 fa 04 73 16 83 fa 01 7c 10 8a 0e 74 0a 0f b7 74 16 fe 66 89 74 17 fe 88 0f c3 <8b> 4c 16 fc 8b 36 89 4c 17 fc 89 37 c3 0f 1f 00 48 8b 4c 16 f8 48
[ 1148.267660] mt7921e 0000:03:00.0 wlp3s0: renamed from wlan0 (while UP)
[ 1149.273208] iwd[7772]: segfault at c ip 00007f7a5ecbec00 sp 00007ffdf1ca3d18 error 4 in libc.so.6[a7c00,7f7a5ec3f000+159000] likely on CPU 1 (core 1, socket 0)
[ 1149.273240] Code: f0 0f 11 07 0f 11 4c 17 f0 c3 83 fa 08 73 2b 83 fa 04 73 16 83 fa 01 7c 10 8a 0e 74 0a 0f b7 74 16 fe 66 89 74 17 fe 88 0f c3 <8b> 4c 16 fc 8b 36 89 4c 17 fc 89 37 c3 0f 1f 00 48 8b 4c 16 f8 48
[ 1149.337768] mt7921e 0000:03:00.0 wlp3s0: renamed from wlan0 (while UP)
[ 1150.348748] iwd[7778]: segfault at c ip 00007f879877ec00 sp 00007ffca402af98 error 4 in libc.so.6[a7c00,7f87986ff000+159000] likely on CPU 0 (core 0, socket 0)
[ 1150.348781] Code: f0 0f 11 07 0f 11 4c 17 f0 c3 83 fa 08 73 2b 83 fa 04 73 16 83 fa 01 7c 10 8a 0e 74 0a 0f b7 74 16 fe 66 89 74 17 fe 88 0f c3 <8b> 4c 16 fc 8b 36 89 4c 17 fc 89 37 c3 0f 1f 00 48 8b 4c 16 f8 48
[ 1150.418293] mt7921e 0000:03:00.0 wlp3s0: renamed from wlan0 (while UP)
[ 1151.423382] iwd[7786]: segfault at c ip 00007f67d7e72c00 sp 00007ffeb1dfb298 error 4 in libc.so.6[a7c00,7f67d7df3000+159000] likely on CPU 0 (core 0, socket 0)
[ 1151.423414] Code: f0 0f 11 07 0f 11 4c 17 f0 c3 83 fa 08 73 2b 83 fa 04 73 16 83 fa 01 7c 10 8a 0e 74 0a 0f b7 74 16 fe 66 89 74 17 fe 88 0f c3 <8b> 4c 16 fc 8b 36 89 4c 17 fc 89 37 c3 0f 1f 00 48 8b 4c 16 f8 48
[ 1151.482021] mt7921e 0000:03:00.0 wlp3s0: renamed from wlan0 (while UP)
[ 1152.497292] iwd[7794]: segfault at c ip 00007f6959ad9c00 sp 00007fff3ae2e7e8 error 4 in libc.so.6[a7c00,7f6959a5a000+159000] likely on CPU 0 (core 0, socket 0)
[ 1152.497333] Code: f0 0f 11 07 0f 11 4c 17 f0 c3 83 fa 08 73 2b 83 fa 04 73 16 83 fa 01 7c 10 8a 0e 74 0a 0f b7 74 16 fe 66 89 74 17 fe 88 0f c3 <8b> 4c 16 fc 8b 36 89 4c 17 fc 89 37 c3 0f 1f 00 48 8b 4c 16 f8 48
[ 1152.554717] mt7921e 0000:03:00.0 wlp3s0: renamed from wlan0 (while UP)
[ 1153.564911] iwd[7800]: segfault at c ip 00007fdd8ade5c00 sp 00007ffd36be0168 error 4 in libc.so.6[a7c00,7fdd8ad66000+159000] likely on CPU 1 (core 1, socket 0)
[ 1153.564929] Code: f0 0f 11 07 0f 11 4c 17 f0 c3 83 fa 08 73 2b 83 fa 04 73 16 83 fa 01 7c 10 8a 0e 74 0a 0f b7 74 16 fe 66 89 74 17 fe 88 0f c3 <8b> 4c 16 fc 8b 36 89 4c 17 fc 89 37 c3 0f 1f 00 48 8b 4c 16 f8 48
[ 1153.632205] mt7921e 0000:03:00.0 wlp3s0: renamed from wlan0 (while UP)
[ 1154.637673] iwd[7806]: segfault at c ip 00007f6a28741c00 sp 00007ffda9c8fd28 error 4 in libc.so.6[a7c00,7f6a286c2000+159000] likely on CPU 0 (core 0, socket 0)
[ 1154.637726] Code: f0 0f 11 07 0f 11 4c 17 f0 c3 83 fa 08 73 2b 83 fa 04 73 16 83 fa 01 7c 10 8a 0e 74 0a 0f b7 74 16 fe 66 89 74 17 fe 88 0f c3 <8b> 4c 16 fc 8b 36 89 4c 17 fc 89 37 c3 0f 1f 00 48 8b 4c 16 f8 48
[ 1154.696530] mt7921e 0000:03:00.0 wlp3s0: renamed from wlan0 (while UP)
[ 1155.708770] iwd[7812]: segfault at c ip 00007f1e799e3c00 sp 00007fffd8787f78 error 4 in libc.so.6[a7c00,7f1e79964000+159000] likely on CPU 0 (core 0, socket 0)
[ 1155.708803] Code: f0 0f 11 07 0f 11 4c 17 f0 c3 83 fa 08 73 2b 83 fa 04 73 16 83 fa 01 7c 10 8a 0e 74 0a 0f b7 74 16 fe 66 89 74 17 fe 88 0f c3 <8b> 4c 16 fc 8b 36 89 4c 17 fc 89 37 c3 0f 1f 00 48 8b 4c 16 f8 48
[ 1155.778972] mt7921e 0000:03:00.0 wlp3s0: renamed from wlan0 (while UP)
[ 1156.787868] iwd[7818]: segfault at c ip 00007f923df0ac00 sp 00007ffce2bffc48 error 4 in libc.so.6[a7c00,7f923de8b000+159000] likely on CPU 1 (core 1, socket 0)
[ 1156.787909] Code: f0 0f 11 07 0f 11 4c 17 f0 c3 83 fa 08 73 2b 83 fa 04 73 16 83 fa 01 7c 10 8a 0e 74 0a 0f b7 74 16 fe 66 89 74 17 fe 88 0f c3 <8b> 4c 16 fc 8b 36 89 4c 17 fc 89 37 c3 0f 1f 00 48 8b 4c 16 f8 48
[ 1156.842160] mt7921e 0000:03:00.0 wlp3s0: renamed from wlan0 (while UP)
[ 1157.848000] iwd[7824]: segfault at c ip 00007f52d4c64c00 sp 00007fff8301d738 error 4 in libc.so.6[a7c00,7f52d4be5000+159000] likely on CPU 0 (core 0, socket 0)
[ 1157.848034] Code: f0 0f 11 07 0f 11 4c 17 f0 c3 83 fa 08 73 2b 83 fa 04 73 16 83 fa 01 7c 10 8a 0e 74 0a 0f b7 74 16 fe 66 89 74 17 fe 88 0f c3 <8b> 4c 16 fc 8b 36 89 4c 17 fc 89 37 c3 0f 1f 00 48 8b 4c 16 f8 48
[ 1157.913418] mt7921e 0000:03:00.0 wlp3s0: renamed from wlan0 (while UP)
[ 1158.919206] iwd[7830]: segfault at c ip 00007f8a56d1ec00 sp 00007ffeb3787428 error 4 in libc.so.6[a7c00,7f8a56c9f000+159000] likely on CPU 1 (core 1, socket 0)
[ 1158.919239] Code: f0 0f 11 07 0f 11 4c 17 f0 c3 83 fa 08 73 2b 83 fa 04 73 16 83 fa 01 7c 10 8a 0e 74 0a 0f b7 74 16 fe 66 89 74 17 fe 88 0f c3 <8b> 4c 16 fc 8b 36 89 4c 17 fc 89 37 c3 0f 1f 00 48 8b 4c 16 f8 48
[ 1158.993331] mt7921e 0000:03:00.0 wlp3s0: renamed from wlan0 (while UP)
[ 1159.998177] iwd[7838]: segfault at c ip 00007fab9b403c00 sp 00007ffc8b76a8e8 error 4 in libc.so.6[a7c00,7fab9b384000+159000] likely on CPU 1 (core 1, socket 0)
[ 1159.998218] Code: f0 0f 11 07 0f 11 4c 17 f0 c3 83 fa 08 73 2b 83 fa 04 73 16 83 fa 01 7c 10 8a 0e 74 0a 0f b7 74 16 fe 66 89 74 17 fe 88 0f c3 <8b> 4c 16 fc 8b 36 89 4c 17 fc 89 37 c3 0f 1f 00 48 8b 4c 16 f8 48
[ 1160.042316] mt7921e 0000:03:00.0 wlp3s0: renamed from wlan0
[ 1161.078383] iwd[7844]: segfault at c ip 00007f5b47b07c00 sp 00007ffca248a0a8 error 4 in libc.so.6[a7c00,7f5b47a88000+159000] likely on CPU 1 (core 1, socket 0)
[ 1161.078420] Code: f0 0f 11 07 0f 11 4c 17 f0 c3 83 fa 08 73 2b 83 fa 04 73 16 83 fa 01 7c 10 8a 0e 74 0a 0f b7 74 16 fe 66 89 74 17 fe 88 0f c3 <8b> 4c 16 fc 8b 36 89 4c 17 fc 89 37 c3 0f 1f 00 48 8b 4c 16 f8 48
[ 1161.143646] mt7921e 0000:03:00.0 wlp3s0: renamed from wlan0 (while UP)
[ 1162.149510] iwd[7850]: segfault at c ip 00007f88f8ed7c00 sp 00007ffd2c02db08 error 4 in libc.so.6[a7c00,7f88f8e58000+159000] likely on CPU 0 (core 0, socket 0)
[ 1162.149562] Code: f0 0f 11 07 0f 11 4c 17 f0 c3 83 fa 08 73 2b 83 fa 04 73 16 83 fa 01 7c 10 8a 0e 74 0a 0f b7 74 16 fe 66 89 74 17 fe 88 0f c3 <8b> 4c 16 fc 8b 36 89 4c 17 fc 89 37 c3 0f 1f 00 48 8b 4c 16 f8 48
[ 1162.182961] mt7921e 0000:03:00.0 wlp3s0: renamed from wlan0
[ 1163.219052] iwd[7856]: segfault at c ip 00007fc265db6c00 sp 00007ffe6f549138 error 4 in libc.so.6[a7c00,7fc265d37000+159000] likely on CPU 0 (core 0, socket 0)
[ 1163.219084] Code: f0 0f 11 07 0f 11 4c 17 f0 c3 83 fa 08 73 2b 83 fa 04 73 16 83 fa 01 7c 10 8a 0e 74 0a 0f b7 74 16 fe 66 89 74 17 fe 88 0f c3 <8b> 4c 16 fc 8b 36 89 4c 17 fc 89 37 c3 0f 1f 00 48 8b 4c 16 f8 48
[ 1163.290344] mt7921e 0000:03:00.0 wlp3s0: renamed from wlan0 (while UP)
[ 1164.295183] iwd[7862]: segfault at c ip 00007fe5e956cc00 sp 00007fff1a8a6308 error 4 in libc.so.6[a7c00,7fe5e94ed000+159000] likely on CPU 0 (core 0, socket 0)
[ 1164.295201] Code: f0 0f 11 07 0f 11 4c 17 f0 c3 83 fa 08 73 2b 83 fa 04 73 16 83 fa 01 7c 10 8a 0e 74 0a 0f b7 74 16 fe 66 89 74 17 fe 88 0f c3 <8b> 4c 16 fc 8b 36 89 4c 17 fc 89 37 c3 0f 1f 00 48 8b 4c 16 f8 48
[ 1164.357229] mt7921e 0000:03:00.0 wlp3s0: renamed from wlan0 (while UP)
[ 1165.363333] iwd[7868]: segfault at c ip 00007f2c8336dc00 sp 00007ffefe35b848 error 4 in libc.so.6[a7c00,7f2c832ee000+159000] likely on CPU 1 (core 1, socket 0)
[ 1165.363392] Code: f0 0f 11 07 0f 11 4c 17 f0 c3 83 fa 08 73 2b 83 fa 04 73 16 83 fa 01 7c 10 8a 0e 74 0a 0f b7 74 16 fe 66 89 74 17 fe 88 0f c3 <8b> 4c 16 fc 8b 36 89 4c 17 fc 89 37 c3 0f 1f 00 48 8b 4c 16 f8 48
[ 1165.431197] mt7921e 0000:03:00.0 wlp3s0: renamed from wlan0 (while UP)
[ 1166.441020] iwd[7874]: segfault at c ip 00007f2a5d91ec00 sp 00007ffe45cdd4e8 error 4 in libc.so.6[a7c00,7f2a5d89f000+159000] likely on CPU 0 (core 0, socket 0)
[ 1166.441052] Code: f0 0f 11 07 0f 11 4c 17 f0 c3 83 fa 08 73 2b 83 fa 04 73 16 83 fa 01 7c 10 8a 0e 74 0a 0f b7 74 16 fe 66 89 74 17 fe 88 0f c3 <8b> 4c 16 fc 8b 36 89 4c 17 fc 89 37 c3 0f 1f 00 48 8b 4c 16 f8 48
[ 1166.519131] mt7921e 0000:03:00.0 wlp3s0: renamed from wlan0 (while UP)
[ 1167.523652] iwd[7880]: segfault at c ip 00007f5d09433c00 sp 00007ffc957ff168 error 4 in libc.so.6[a7c00,7f5d093b4000+159000] likely on CPU 0 (core 0, socket 0)
[ 1167.523686] Code: f0 0f 11 07 0f 11 4c 17 f0 c3 83 fa 08 73 2b 83 fa 04 73 16 83 fa 01 7c 10 8a 0e 74 0a 0f b7 74 16 fe 66 89 74 17 fe 88 0f c3 <8b> 4c 16 fc 8b 36 89 4c 17 fc 89 37 c3 0f 1f 00 48 8b 4c 16 f8 48
[ 1167.586941] mt7921e 0000:03:00.0 wlp3s0: renamed from wlan0 (while UP)
[ 1168.593509] iwd[7886]: segfault at c ip 00007f7258765c00 sp 00007ffc5086c778 error 4 in libc.so.6[a7c00,7f72586e6000+159000] likely on CPU 0 (core 0, socket 0)
[ 1168.593546] Code: f0 0f 11 07 0f 11 4c 17 f0 c3 83 fa 08 73 2b 83 fa 04 73 16 83 fa 01 7c 10 8a 0e 74 0a 0f b7 74 16 fe 66 89 74 17 fe 88 0f c3 <8b> 4c 16 fc 8b 36 89 4c 17 fc 89 37 c3 0f 1f 00 48 8b 4c 16 f8 48
[ 1168.659053] mt7921e 0000:03:00.0 wlp3s0: renamed from wlan0 (while UP)
[ 1169.664871] iwd[7892]: segfault at c ip 00007f8a95cb4c00 sp 00007fff11c63918 error 4 in libc.so.6[a7c00,7f8a95c35000+159000] likely on CPU 0 (core 0, socket 0)
[ 1169.664906] Code: f0 0f 11 07 0f 11 4c 17 f0 c3 83 fa 08 73 2b 83 fa 04 73 16 83 fa 01 7c 10 8a 0e 74 0a 0f b7 74 16 fe 66 89 74 17 fe 88 0f c3 <8b> 4c 16 fc 8b 36 89 4c 17 fc 89 37 c3 0f 1f 00 48 8b 4c 16 f8 48
[ 1169.725015] mt7921e 0000:03:00.0 wlp3s0: renamed from wlan0 (while UP)
[ 1170.733126] iwd[7898]: segfault at c ip 00007f4376781c00 sp 00007ffca7203d48 error 4 in libc.so.6[a7c00,7f4376702000+159000] likely on CPU 0 (core 0, socket 0)
[ 1170.733146] Code: f0 0f 11 07 0f 11 4c 17 f0 c3 83 fa 08 73 2b 83 fa 04 73 16 83 fa 01 7c 10 8a 0e 74 0a 0f b7 74 16 fe 66 89 74 17 fe 88 0f c3 <8b> 4c 16 fc 8b 36 89 4c 17 fc 89 37 c3 0f 1f 00 48 8b 4c 16 f8 48
[ 1170.803158] mt7921e 0000:03:00.0 wlp3s0: renamed from wlan0 (while UP)
[ 1171.810495] iwd[7904]: segfault at c ip 00007f8408f68c00 sp 00007ffff2100cb8 error 4 in libc.so.6[a7c00,7f8408ee9000+159000] likely on CPU 1 (core 1, socket 0)
[ 1171.810527] Code: f0 0f 11 07 0f 11 4c 17 f0 c3 83 fa 08 73 2b 83 fa 04 73 16 83 fa 01 7c 10 8a 0e 74 0a 0f b7 74 16 fe 66 89 74 17 fe 88 0f c3 <8b> 4c 16 fc 8b 36 89 4c 17 fc 89 37 c3 0f 1f 00 48 8b 4c 16 f8 48
[ 1171.866347] mt7921e 0000:03:00.0 wlp3s0: renamed from wlan0 (while UP)
[ 1172.871651] iwd[7910]: segfault at c ip 00007f008dbcec00 sp 00007ffe5a209398 error 4 in libc.so.6[a7c00,7f008db4f000+159000] likely on CPU 1 (core 1, socket 0)
[ 1172.871670] Code: f0 0f 11 07 0f 11 4c 17 f0 c3 83 fa 08 73 2b 83 fa 04 73 16 83 fa 01 7c 10 8a 0e 74 0a 0f b7 74 16 fe 66 89 74 17 fe 88 0f c3 <8b> 4c 16 fc 8b 36 89 4c 17 fc 89 37 c3 0f 1f 00 48 8b 4c 16 f8 48
[ 1172.939723] mt7921e 0000:03:00.0 wlp3s0: renamed from wlan0 (while UP)
[ 1173.943486] iwd[7918]: segfault at c ip 00007f02d5f8fc00 sp 00007ffc83c2b2d8 error 4 in libc.so.6[a7c00,7f02d5f10000+159000] likely on CPU 0 (core 0, socket 0)
[ 1173.943519] Code: f0 0f 11 07 0f 11 4c 17 f0 c3 83 fa 08 73 2b 83 fa 04 73 16 83 fa 01 7c 10 8a 0e 74 0a 0f b7 74 16 fe 66 89 74 17 fe 88 0f c3 <8b> 4c 16 fc 8b 36 89 4c 17 fc 89 37 c3 0f 1f 00 48 8b 4c 16 f8 48
[ 1174.015178] mt7921e 0000:03:00.0 wlp3s0: renamed from wlan0 (while UP)
[ 1175.022592] iwd[7924]: segfault at c ip 00007f65258eac00 sp 00007fffa6c12d08 error 4 in libc.so.6[a7c00,7f652586b000+159000] likely on CPU 0 (core 0, socket 0)
[ 1175.022637] Code: f0 0f 11 07 0f 11 4c 17 f0 c3 83 fa 08 73 2b 83 fa 04 73 16 83 fa 01 7c 10 8a 0e 74 0a 0f b7 74 16 fe 66 89 74 17 fe 88 0f c3 <8b> 4c 16 fc 8b 36 89 4c 17 fc 89 37 c3 0f 1f 00 48 8b 4c 16 f8 48
[ 1175.085328] mt7921e 0000:03:00.0 wlp3s0: renamed from wlan0 (while UP)
[ 1176.088418] iwd[7930]: segfault at c ip 00007f36385f1c00 sp 00007ffc90b88ee8 error 4 in libc.so.6[a7c00,7f3638572000+159000] likely on CPU 1 (core 1, socket 0)
[ 1176.088455] Code: f0 0f 11 07 0f 11 4c 17 f0 c3 83 fa 08 73 2b 83 fa 04 73 16 83 fa 01 7c 10 8a 0e 74 0a 0f b7 74 16 fe 66 89 74 17 fe 88 0f c3 <8b> 4c 16 fc 8b 36 89 4c 17 fc 89 37 c3 0f 1f 00 48 8b 4c 16 f8 48
[ 1176.127909] mt7921e 0000:03:00.0 wlp3s0: renamed from wlan0
[ 1177.162883] iwd[7938]: segfault at c ip 00007f8d8f893c00 sp 00007ffff63568f8 error 4 in libc.so.6[a7c00,7f8d8f814000+159000] likely on CPU 0 (core 0, socket 0)
[ 1177.162915] Code: f0 0f 11 07 0f 11 4c 17 f0 c3 83 fa 08 73 2b 83 fa 04 73 16 83 fa 01 7c 10 8a 0e 74 0a 0f b7 74 16 fe 66 89 74 17 fe 88 0f c3 <8b> 4c 16 fc 8b 36 89 4c 17 fc 89 37 c3 0f 1f 00 48 8b 4c 16 f8 48
[ 1177.235104] mt7921e 0000:03:00.0 wlp3s0: renamed from wlan0 (while UP)
[ 1178.245844] iwd[7944]: segfault at c ip 00007f81ffdb0c00 sp 00007ffd7e203da8 error 4 in libc.so.6[a7c00,7f81ffd31000+159000] likely on CPU 1 (core 1, socket 0)
[ 1178.245863] Code: f0 0f 11 07 0f 11 4c 17 f0 c3 83 fa 08 73 2b 83 fa 04 73 16 83 fa 01 7c 10 8a 0e 74 0a 0f b7 74 16 fe 66 89 74 17 fe 88 0f c3 <8b> 4c 16 fc 8b 36 89 4c 17 fc 89 37 c3 0f 1f 00 48 8b 4c 16 f8 48
[ 1178.305347] mt7921e 0000:03:00.0 wlp3s0: renamed from wlan0 (while UP)
[ 1179.314345] iwd[7960]: segfault at c ip 00007f02e6f58c00 sp 00007fff6a8c05d8 error 4 in libc.so.6[a7c00,7f02e6ed9000+159000] likely on CPU 1 (core 1, socket 0)
[ 1179.314364] Code: f0 0f 11 07 0f 11 4c 17 f0 c3 83 fa 08 73 2b 83 fa 04 73 16 83 fa 01 7c 10 8a 0e 74 0a 0f b7 74 16 fe 66 89 74 17 fe 88 0f c3 <8b> 4c 16 fc 8b 36 89 4c 17 fc 89 37 c3 0f 1f 00 48 8b 4c 16 f8 48
[ 1179.381191] mt7921e 0000:03:00.0 wlp3s0: renamed from wlan0 (while UP)
[ 1180.392458] iwd[8004]: segfault at c ip 00007f12a0950c00 sp 00007ffc1b987c88 error 4 in libc.so.6[a7c00,7f12a08d1000+159000] likely on CPU 1 (core 1, socket 0)
[ 1180.392487] Code: f0 0f 11 07 0f 11 4c 17 f0 c3 83 fa 08 73 2b 83 fa 04 73 16 83 fa 01 7c 10 8a 0e 74 0a 0f b7 74 16 fe 66 89 74 17 fe 88 0f c3 <8b> 4c 16 fc 8b 36 89 4c 17 fc 89 37 c3 0f 1f 00 48 8b 4c 16 f8 48
[ 1180.461471] mt7921e 0000:03:00.0 wlp3s0: renamed from wlan0 (while UP)
[ 1181.466821] iwd[8020]: segfault at c ip 00007fb6b1b02c00 sp 00007ffe19f7c6a8 error 4 in libc.so.6[a7c00,7fb6b1a83000+159000] likely on CPU 0 (core 0, socket 0)
[ 1181.466858] Code: f0 0f 11 07 0f 11 4c 17 f0 c3 83 fa 08 73 2b 83 fa 04 73 16 83 fa 01 7c 10 8a 0e 74 0a 0f b7 74 16 fe 66 89 74 17 fe 88 0f c3 <8b> 4c 16 fc 8b 36 89 4c 17 fc 89 37 c3 0f 1f 00 48 8b 4c 16 f8 48
[ 1181.531526] mt7921e 0000:03:00.0 wlp3s0: renamed from wlan0 (while UP)
[ 1182.538158] iwd[8026]: segfault at c ip 00007ff6dad7cc00 sp 00007ffef1c3c028 error 4 in libc.so.6[a7c00,7ff6dacfd000+159000] likely on CPU 1 (core 1, socket 0)
[ 1182.538193] Code: f0 0f 11 07 0f 11 4c 17 f0 c3 83 fa 08 73 2b 83 fa 04 73 16 83 fa 01 7c 10 8a 0e 74 0a 0f b7 74 16 fe 66 89 74 17 fe 88 0f c3 <8b> 4c 16 fc 8b 36 89 4c 17 fc 89 37 c3 0f 1f 00 48 8b 4c 16 f8 48
[ 1182.601680] mt7921e 0000:03:00.0 wlp3s0: renamed from wlan0 (while UP)
[ 1183.607152] iwd[8032]: segfault at c ip 00007f0933737c00 sp 00007ffed699ccc8 error 4 in libc.so.6[a7c00,7f09336b8000+159000] likely on CPU 1 (core 1, socket 0)
[ 1183.607190] Code: f0 0f 11 07 0f 11 4c 17 f0 c3 83 fa 08 73 2b 83 fa 04 73 16 83 fa 01 7c 10 8a 0e 74 0a 0f b7 74 16 fe 66 89 74 17 fe 88 0f c3 <8b> 4c 16 fc 8b 36 89 4c 17 fc 89 37 c3 0f 1f 00 48 8b 4c 16 f8 48
[ 1183.674259] mt7921e 0000:03:00.0 wlp3s0: renamed from wlan0 (while UP)
[ 1184.690425] iwd[8038]: segfault at c ip 00007f2215566c00 sp 00007fff60feb248 error 4 in libc.so.6[a7c00,7f22154e7000+159000] likely on CPU 1 (core 1, socket 0)
[ 1184.690463] Code: f0 0f 11 07 0f 11 4c 17 f0 c3 83 fa 08 73 2b 83 fa 04 73 16 83 fa 01 7c 10 8a 0e 74 0a 0f b7 74 16 fe 66 89 74 17 fe 88 0f c3 <8b> 4c 16 fc 8b 36 89 4c 17 fc 89 37 c3 0f 1f 00 48 8b 4c 16 f8 48
[ 1184.750158] mt7921e 0000:03:00.0 wlp3s0: renamed from wlan0 (while UP)
[ 1185.753063] iwd[8044]: segfault at c ip 00007fc0b0112c00 sp 00007ffc8d3b48f8 error 4 in libc.so.6[a7c00,7fc0b0093000+159000] likely on CPU 1 (core 1, socket 0)
[ 1185.753082] Code: f0 0f 11 07 0f 11 4c 17 f0 c3 83 fa 08 73 2b 83 fa 04 73 16 83 fa 01 7c 10 8a 0e 74 0a 0f b7 74 16 fe 66 89 74 17 fe 88 0f c3 <8b> 4c 16 fc 8b 36 89 4c 17 fc 89 37 c3 0f 1f 00 48 8b 4c 16 f8 48
[ 1185.811114] mt7921e 0000:03:00.0 wlp3s0: renamed from wlan0 (while UP)
[ 1186.819759] iwd[8050]: segfault at c ip 00007f13179cdc00 sp 00007ffee1c46968 error 4 in libc.so.6[a7c00,7f131794e000+159000] likely on CPU 1 (core 1, socket 0)
[ 1186.819792] Code: f0 0f 11 07 0f 11 4c 17 f0 c3 83 fa 08 73 2b 83 fa 04 73 16 83 fa 01 7c 10 8a 0e 74 0a 0f b7 74 16 fe 66 89 74 17 fe 88 0f c3 <8b> 4c 16 fc 8b 36 89 4c 17 fc 89 37 c3 0f 1f 00 48 8b 4c 16 f8 48
[ 1186.880689] mt7921e 0000:03:00.0 wlp3s0: renamed from wlan0 (while UP)
[ 1187.887362] iwd[8056]: segfault at c ip 00007fe238ef2c00 sp 00007fffc19b49b8 error 4 in libc.so.6[a7c00,7fe238e73000+159000] likely on CPU 1 (core 1, socket 0)
[ 1187.887399] Code: f0 0f 11 07 0f 11 4c 17 f0 c3 83 fa 08 73 2b 83 fa 04 73 16 83 fa 01 7c 10 8a 0e 74 0a 0f b7 74 16 fe 66 89 74 17 fe 88 0f c3 <8b> 4c 16 fc 8b 36 89 4c 17 fc 89 37 c3 0f 1f 00 48 8b 4c 16 f8 48
[ 1187.947688] mt7921e 0000:03:00.0 wlp3s0: renamed from wlan0 (while UP)
[ 1188.958195] iwd[8064]: segfault at c ip 00007f4d8a360c00 sp 00007ffd1098f2c8 error 4 in libc.so.6[a7c00,7f4d8a2e1000+159000] likely on CPU 0 (core 0, socket 0)
[ 1188.958230] Code: f0 0f 11 07 0f 11 4c 17 f0 c3 83 fa 08 73 2b 83 fa 04 73 16 83 fa 01 7c 10 8a 0e 74 0a 0f b7 74 16 fe 66 89 74 17 fe 88 0f c3 <8b> 4c 16 fc 8b 36 89 4c 17 fc 89 37 c3 0f 1f 00 48 8b 4c 16 f8 48
[ 1189.019386] mt7921e 0000:03:00.0 wlp3s0: renamed from wlan0 (while UP)
[ 1190.028294] iwd[8070]: segfault at c ip 00007f057d091c00 sp 00007ffe14bf5038 error 4 in libc.so.6[a7c00,7f057d012000+159000] likely on CPU 0 (core 0, socket 0)
[ 1190.028362] Code: f0 0f 11 07 0f 11 4c 17 f0 c3 83 fa 08 73 2b 83 fa 04 73 16 83 fa 01 7c 10 8a 0e 74 0a 0f b7 74 16 fe 66 89 74 17 fe 88 0f c3 <8b> 4c 16 fc 8b 36 89 4c 17 fc 89 37 c3 0f 1f 00 48 8b 4c 16 f8 48
[ 1190.091585] mt7921e 0000:03:00.0 wlp3s0: renamed from wlan0 (while UP)
[ 1191.099873] iwd[8076]: segfault at c ip 00007f3ece184c00 sp 00007ffdd1b0c2e8 error 4 in libc.so.6[a7c00,7f3ece105000+159000] likely on CPU 0 (core 0, socket 0)
[ 1191.099906] Code: f0 0f 11 07 0f 11 4c 17 f0 c3 83 fa 08 73 2b 83 fa 04 73 16 83 fa 01 7c 10 8a 0e 74 0a 0f b7 74 16 fe 66 89 74 17 fe 88 0f c3 <8b> 4c 16 fc 8b 36 89 4c 17 fc 89 37 c3 0f 1f 00 48 8b 4c 16 f8 48
[ 1191.166818] mt7921e 0000:03:00.0 wlp3s0: renamed from wlan0 (while UP)
[ 1192.173401] iwd[8082]: segfault at c ip 00007fb9d996ac00 sp 00007fffaf924058 error 4 in libc.so.6[a7c00,7fb9d98eb000+159000] likely on CPU 1 (core 1, socket 0)
[ 1192.173456] Code: f0 0f 11 07 0f 11 4c 17 f0 c3 83 fa 08 73 2b 83 fa 04 73 16 83 fa 01 7c 10 8a 0e 74 0a 0f b7 74 16 fe 66 89 74 17 fe 88 0f c3 <8b> 4c 16 fc 8b 36 89 4c 17 fc 89 37 c3 0f 1f 00 48 8b 4c 16 f8 48
[ 1192.239371] mt7921e 0000:03:00.0 wlp3s0: renamed from wlan0 (while UP)
[ 1193.242461] iwd[8088]: segfault at c ip 00007f7a33005c00 sp 00007ffc967e38f8 error 4 in libc.so.6[a7c00,7f7a32f86000+159000] likely on CPU 1 (core 1, socket 0)
[ 1193.242517] Code: f0 0f 11 07 0f 11 4c 17 f0 c3 83 fa 08 73 2b 83 fa 04 73 16 83 fa 01 7c 10 8a 0e 74 0a 0f b7 74 16 fe 66 89 74 17 fe 88 0f c3 <8b> 4c 16 fc 8b 36 89 4c 17 fc 89 37 c3 0f 1f 00 48 8b 4c 16 f8 48
[ 1193.309541] mt7921e 0000:03:00.0 wlp3s0: renamed from wlan0 (while UP)
[ 1194.314778] iwd[8096]: segfault at c ip 00007f435ced5c00 sp 00007fff452ab9d8 error 4 in libc.so.6[a7c00,7f435ce56000+159000] likely on CPU 1 (core 1, socket 0)
[ 1194.314799] Code: f0 0f 11 07 0f 11 4c 17 f0 c3 83 fa 08 73 2b 83 fa 04 73 16 83 fa 01 7c 10 8a 0e 74 0a 0f b7 74 16 fe 66 89 74 17 fe 88 0f c3 <8b> 4c 16 fc 8b 36 89 4c 17 fc 89 37 c3 0f 1f 00 48 8b 4c 16 f8 48
[ 1194.379899] mt7921e 0000:03:00.0 wlp3s0: renamed from wlan0 (while UP)
[ 1195.388331] iwd[8104]: segfault at c ip 00007fe9123d4c00 sp 00007fff06fe7688 error 4 in libc.so.6[a7c00,7fe912355000+159000] likely on CPU 1 (core 1, socket 0)
[ 1195.388349] Code: f0 0f 11 07 0f 11 4c 17 f0 c3 83 fa 08 73 2b 83 fa 04 73 16 83 fa 01 7c 10 8a 0e 74 0a 0f b7 74 16 fe 66 89 74 17 fe 88 0f c3 <8b> 4c 16 fc 8b 36 89 4c 17 fc 89 37 c3 0f 1f 00 48 8b 4c 16 f8 48
[ 1195.449484] mt7921e 0000:03:00.0 wlp3s0: renamed from wlan0 (while UP)
[ 1196.454751] iwd[8118]: segfault at c ip 00007fc1416b6c00 sp 00007ffe35d4a848 error 4 in libc.so.6[a7c00,7fc141637000+159000] likely on CPU 1 (core 1, socket 0)
[ 1196.454784] Code: f0 0f 11 07 0f 11 4c 17 f0 c3 83 fa 08 73 2b 83 fa 04 73 16 83 fa 01 7c 10 8a 0e 74 0a 0f b7 74 16 fe 66 89 74 17 fe 88 0f c3 <8b> 4c 16 fc 8b 36 89 4c 17 fc 89 37 c3 0f 1f 00 48 8b 4c 16 f8 48
[ 1196.516606] mt7921e 0000:03:00.0 wlp3s0: renamed from wlan0 (while UP)
[ 1197.524842] iwd[8141]: segfault at c ip 00007f64dfbd0c00 sp 00007ffe69c10198 error 4 in libc.so.6[a7c00,7f64dfb51000+159000] likely on CPU 1 (core 1, socket 0)
[ 1197.524860] Code: f0 0f 11 07 0f 11 4c 17 f0 c3 83 fa 08 73 2b 83 fa 04 73 16 83 fa 01 7c 10 8a 0e 74 0a 0f b7 74 16 fe 66 89 74 17 fe 88 0f c3 <8b> 4c 16 fc 8b 36 89 4c 17 fc 89 37 c3 0f 1f 00 48 8b 4c 16 f8 48
[ 1197.589695] mt7921e 0000:03:00.0 wlp3s0: renamed from wlan0 (while UP)
[ 1197.802101] Bluetooth: hci0: HW/SW Version: 0x008a008a, Build Time: 20260224111243
[ 1197.945343] Bluetooth: hci0: Device setup in 143235 usecs
[ 1197.945353] Bluetooth: hci0: HCI Enhanced Setup Synchronous Connection command is advertised, but not supported.
[ 1198.016582] Bluetooth: hci0: AOSP extensions version v1.00
[ 1198.016598] Bluetooth: hci0: AOSP quality report is supported
[ 1198.607402] iwd[8147]: segfault at c ip 00007f6a07c12c00 sp 00007fff6dae14d8 error 4 in libc.so.6[a7c00,7f6a07b93000+159000] likely on CPU 0 (core 0, socket 0)
[ 1198.607435] Code: f0 0f 11 07 0f 11 4c 17 f0 c3 83 fa 08 73 2b 83 fa 04 73 16 83 fa 01 7c 10 8a 0e 74 0a 0f b7 74 16 fe 66 89 74 17 fe 88 0f c3 <8b> 4c 16 fc 8b 36 89 4c 17 fc 89 37 c3 0f 1f 00 48 8b 4c 16 f8 48
[ 1198.664041] mt7921e 0000:03:00.0 wlp3s0: renamed from wlan0 (while UP)
[ 1199.671044] iwd[8153]: segfault at c ip 00007f37f73e8c00 sp 00007ffe55cc9808 error 4 in libc.so.6[a7c00,7f37f7369000+159000] likely on CPU 0 (core 0, socket 0)
[ 1199.671090] Code: f0 0f 11 07 0f 11 4c 17 f0 c3 83 fa 08 73 2b 83 fa 04 73 16 83 fa 01 7c 10 8a 0e 74 0a 0f b7 74 16 fe 66 89 74 17 fe 88 0f c3 <8b> 4c 16 fc 8b 36 89 4c 17 fc 89 37 c3 0f 1f 00 48 8b 4c 16 f8 48
[ 1199.740456] mt7921e 0000:03:00.0 wlp3s0: renamed from wlan0 (while UP)
[ 1200.745568] iwd[8159]: segfault at c ip 00007fd8a0c57c00 sp 00007ffeca0baf78 error 4 in libc.so.6[a7c00,7fd8a0bd8000+159000] likely on CPU 0 (core 0, socket 0)
[ 1200.745607] Code: f0 0f 11 07 0f 11 4c 17 f0 c3 83 fa 08 73 2b 83 fa 04 73 16 83 fa 01 7c 10 8a 0e 74 0a 0f b7 74 16 fe 66 89 74 17 fe 88 0f c3 <8b> 4c 16 fc 8b 36 89 4c 17 fc 89 37 c3 0f 1f 00 48 8b 4c 16 f8 48
[ 1200.812878] mt7921e 0000:03:00.0 wlp3s0: renamed from wlan0 (while UP)
[ 1201.819056] iwd[8165]: segfault at c ip 00007f6916f7ec00 sp 00007ffc5f36e948 error 4 in libc.so.6[a7c00,7f6916eff000+159000] likely on CPU 0 (core 0, socket 0)
[ 1201.819097] Code: f0 0f 11 07 0f 11 4c 17 f0 c3 83 fa 08 73 2b 83 fa 04 73 16 83 fa 01 7c 10 8a 0e 74 0a 0f b7 74 16 fe 66 89 74 17 fe 88 0f c3 <8b> 4c 16 fc 8b 36 89 4c 17 fc 89 37 c3 0f 1f 00 48 8b 4c 16 f8 48
[ 1201.880697] mt7921e 0000:03:00.0 wlp3s0: renamed from wlan0 (while UP)
[ 1202.890639] iwd[8171]: segfault at c ip 00007f7ec3d11c00 sp 00007ffc9a571648 error 4 in libc.so.6[a7c00,7f7ec3c92000+159000] likely on CPU 1 (core 1, socket 0)
[ 1202.890675] Code: f0 0f 11 07 0f 11 4c 17 f0 c3 83 fa 08 73 2b 83 fa 04 73 16 83 fa 01 7c 10 8a 0e 74 0a 0f b7 74 16 fe 66 89 74 17 fe 88 0f c3 <8b> 4c 16 fc 8b 36 89 4c 17 fc 89 37 c3 0f 1f 00 48 8b 4c 16 f8 48
[ 1202.958244] mt7921e 0000:03:00.0 wlp3s0: renamed from wlan0 (while UP)
[ 1203.969797] iwd[8177]: segfault at c ip 00007fb3e4ad0c00 sp 00007ffc0256d5c8 error 4 in libc.so.6[a7c00,7fb3e4a51000+159000] likely on CPU 1 (core 1, socket 0)
[ 1203.969842] Code: f0 0f 11 07 0f 11 4c 17 f0 c3 83 fa 08 73 2b 83 fa 04 73 16 83 fa 01 7c 10 8a 0e 74 0a 0f b7 74 16 fe 66 89 74 17 fe 88 0f c3 <8b> 4c 16 fc 8b 36 89 4c 17 fc 89 37 c3 0f 1f 00 48 8b 4c 16 f8 48
[ 1204.016721] mt7921e 0000:03:00.0 wlp3s0: renamed from wlan0
[ 1205.049979] iwd[8185]: segfault at c ip 00007f29d7abcc00 sp 00007ffc26ddce98 error 4 in libc.so.6[a7c00,7f29d7a3d000+159000] likely on CPU 0 (core 0, socket 0)
[ 1205.050011] Code: f0 0f 11 07 0f 11 4c 17 f0 c3 83 fa 08 73 2b 83 fa 04 73 16 83 fa 01 7c 10 8a 0e 74 0a 0f b7 74 16 fe 66 89 74 17 fe 88 0f c3 <8b> 4c 16 fc 8b 36 89 4c 17 fc 89 37 c3 0f 1f 00 48 8b 4c 16 f8 48
[ 1205.110753] mt7921e 0000:03:00.0 wlp3s0: renamed from wlan0 (while UP)
[ 1206.117803] iwd[8191]: segfault at c ip 00007f09618c0c00 sp 00007fffd8947cd8 error 4 in libc.so.6[a7c00,7f0961841000+159000] likely on CPU 1 (core 1, socket 0)
[ 1206.117842] Code: f0 0f 11 07 0f 11 4c 17 f0 c3 83 fa 08 73 2b 83 fa 04 73 16 83 fa 01 7c 10 8a 0e 74 0a 0f b7 74 16 fe 66 89 74 17 fe 88 0f c3 <8b> 4c 16 fc 8b 36 89 4c 17 fc 89 37 c3 0f 1f 00 48 8b 4c 16 f8 48
[ 1206.181131] mt7921e 0000:03:00.0 wlp3s0: renamed from wlan0 (while UP)
[ 1207.192403] iwd[8197]: segfault at c ip 00007f351cc6bc00 sp 00007ffc7398d5e8 error 4 in libc.so.6[a7c00,7f351cbec000+159000] likely on CPU 1 (core 1, socket 0)
[ 1207.192457] Code: f0 0f 11 07 0f 11 4c 17 f0 c3 83 fa 08 73 2b 83 fa 04 73 16 83 fa 01 7c 10 8a 0e 74 0a 0f b7 74 16 fe 66 89 74 17 fe 88 0f c3 <8b> 4c 16 fc 8b 36 89 4c 17 fc 89 37 c3 0f 1f 00 48 8b 4c 16 f8 48
[ 1207.228435] mt7921e 0000:03:00.0 wlp3s0: renamed from wlan0
[ 1208.265435] iwd[8203]: segfault at c ip 00007f4885f68c00 sp 00007fff4c92b908 error 4 in libc.so.6[a7c00,7f4885ee9000+159000] likely on CPU 1 (core 1, socket 0)
[ 1208.265469] Code: f0 0f 11 07 0f 11 4c 17 f0 c3 83 fa 08 73 2b 83 fa 04 73 16 83 fa 01 7c 10 8a 0e 74 0a 0f b7 74 16 fe 66 89 74 17 fe 88 0f c3 <8b> 4c 16 fc 8b 36 89 4c 17 fc 89 37 c3 0f 1f 00 48 8b 4c 16 f8 48
[ 1208.328035] mt7921e 0000:03:00.0 wlp3s0: renamed from wlan0 (while UP)
[ 1209.341926] iwd[8209]: segfault at c ip 00007fe3bbe77c00 sp 00007ffe66eb90d8 error 4 in libc.so.6[a7c00,7fe3bbdf8000+159000] likely on CPU 0 (core 0, socket 0)
[ 1209.341961] Code: f0 0f 11 07 0f 11 4c 17 f0 c3 83 fa 08 73 2b 83 fa 04 73 16 83 fa 01 7c 10 8a 0e 74 0a 0f b7 74 16 fe 66 89 74 17 fe 88 0f c3 <8b> 4c 16 fc 8b 36 89 4c 17 fc 89 37 c3 0f 1f 00 48 8b 4c 16 f8 48
[ 1209.408023] mt7921e 0000:03:00.0 wlp3s0: renamed from wlan0 (while UP)
[ 1210.418423] iwd[8215]: segfault at c ip 00007f7d4eb04c00 sp 00007ffd5c6fa7b8 error 4 in libc.so.6[a7c00,7f7d4ea85000+159000] likely on CPU 1 (core 1, socket 0)
[ 1210.418456] Code: f0 0f 11 07 0f 11 4c 17 f0 c3 83 fa 08 73 2b 83 fa 04 73 16 83 fa 01 7c 10 8a 0e 74 0a 0f b7 74 16 fe 66 89 74 17 fe 88 0f c3 <8b> 4c 16 fc 8b 36 89 4c 17 fc 89 37 c3 0f 1f 00 48 8b 4c 16 f8 48
[ 1210.481026] mt7921e 0000:03:00.0 wlp3s0: renamed from wlan0 (while UP)
[ 1211.487223] iwd[8221]: segfault at c ip 00007f0d59dd1c00 sp 00007fff8d921268 error 4 in libc.so.6[a7c00,7f0d59d52000+159000] likely on CPU 0 (core 0, socket 0)
[ 1211.487258] Code: f0 0f 11 07 0f 11 4c 17 f0 c3 83 fa 08 73 2b 83 fa 04 73 16 83 fa 01 7c 10 8a 0e 74 0a 0f b7 74 16 fe 66 89 74 17 fe 88 0f c3 <8b> 4c 16 fc 8b 36 89 4c 17 fc 89 37 c3 0f 1f 00 48 8b 4c 16 f8 48
[ 1211.554059] mt7921e 0000:03:00.0 wlp3s0: renamed from wlan0 (while UP)
[ 1212.560437] iwd[8227]: segfault at c ip 00007fca74dc9c00 sp 00007fff0c813ba8 error 4 in libc.so.6[a7c00,7fca74d4a000+159000] likely on CPU 1 (core 1, socket 0)
[ 1212.560474] Code: f0 0f 11 07 0f 11 4c 17 f0 c3 83 fa 08 73 2b 83 fa 04 73 16 83 fa 01 7c 10 8a 0e 74 0a 0f b7 74 16 fe 66 89 74 17 fe 88 0f c3 <8b> 4c 16 fc 8b 36 89 4c 17 fc 89 37 c3 0f 1f 00 48 8b 4c 16 f8 48
[ 1212.600210] mt7921e 0000:03:00.0 wlp3s0: renamed from wlan0
[ 1213.633638] iwd[8233]: segfault at c ip 00007f1925c8cc00 sp 00007ffc38bd6a28 error 4 in libc.so.6[a7c00,7f1925c0d000+159000] likely on CPU 1 (core 1, socket 0)
[ 1213.633672] Code: f0 0f 11 07 0f 11 4c 17 f0 c3 83 fa 08 73 2b 83 fa 04 73 16 83 fa 01 7c 10 8a 0e 74 0a 0f b7 74 16 fe 66 89 74 17 fe 88 0f c3 <8b> 4c 16 fc 8b 36 89 4c 17 fc 89 37 c3 0f 1f 00 48 8b 4c 16 f8 48
[ 1213.696128] mt7921e 0000:03:00.0 wlp3s0: renamed from wlan0 (while UP)
[ 1214.710579] iwd[8239]: segfault at c ip 00007f85ce81ec00 sp 00007ffcec827758 error 4 in libc.so.6[a7c00,7f85ce79f000+159000] likely on CPU 0 (core 0, socket 0)
[ 1214.710612] Code: f0 0f 11 07 0f 11 4c 17 f0 c3 83 fa 08 73 2b 83 fa 04 73 16 83 fa 01 7c 10 8a 0e 74 0a 0f b7 74 16 fe 66 89 74 17 fe 88 0f c3 <8b> 4c 16 fc 8b 36 89 4c 17 fc 89 37 c3 0f 1f 00 48 8b 4c 16 f8 48
[ 1214.772364] mt7921e 0000:03:00.0 wlp3s0: renamed from wlan0 (while UP)
[ 1215.776235] iwd[8247]: segfault at c ip 00007f722dd4ec00 sp 00007ffd33faa108 error 4 in libc.so.6[a7c00,7f722dccf000+159000] likely on CPU 0 (core 0, socket 0)
[ 1215.776273] Code: f0 0f 11 07 0f 11 4c 17 f0 c3 83 fa 08 73 2b 83 fa 04 73 16 83 fa 01 7c 10 8a 0e 74 0a 0f b7 74 16 fe 66 89 74 17 fe 88 0f c3 <8b> 4c 16 fc 8b 36 89 4c 17 fc 89 37 c3 0f 1f 00 48 8b 4c 16 f8 48
[ 1215.842165] mt7921e 0000:03:00.0 wlp3s0: renamed from wlan0 (while UP)
[ 1216.850876] iwd[8253]: segfault at c ip 00007fe6198edc00 sp 00007ffc6361b7a8 error 4 in libc.so.6[a7c00,7fe61986e000+159000] likely on CPU 1 (core 1, socket 0)
[ 1216.850922] Code: f0 0f 11 07 0f 11 4c 17 f0 c3 83 fa 08 73 2b 83 fa 04 73 16 83 fa 01 7c 10 8a 0e 74 0a 0f b7 74 16 fe 66 89 74 17 fe 88 0f c3 <8b> 4c 16 fc 8b 36 89 4c 17 fc 89 37 c3 0f 1f 00 48 8b 4c 16 f8 48
[ 1216.917139] mt7921e 0000:03:00.0 wlp3s0: renamed from wlan0 (while UP)
[ 1217.922608] iwd[8259]: segfault at c ip 00007f605e1ecc00 sp 00007ffebbf3de68 error 4 in libc.so.6[a7c00,7f605e16d000+159000] likely on CPU 1 (core 1, socket 0)
[ 1217.922642] Code: f0 0f 11 07 0f 11 4c 17 f0 c3 83 fa 08 73 2b 83 fa 04 73 16 83 fa 01 7c 10 8a 0e 74 0a 0f b7 74 16 fe 66 89 74 17 fe 88 0f c3 <8b> 4c 16 fc 8b 36 89 4c 17 fc 89 37 c3 0f 1f 00 48 8b 4c 16 f8 48
[ 1217.984668] mt7921e 0000:03:00.0 wlp3s0: renamed from wlan0 (while UP)
[ 1218.993215] iwd[8265]: segfault at c ip 00007fd79eb82c00 sp 00007ffe9fdba738 error 4 in libc.so.6[a7c00,7fd79eb03000+159000] likely on CPU 1 (core 1, socket 0)
[ 1218.993253] Code: f0 0f 11 07 0f 11 4c 17 f0 c3 83 fa 08 73 2b 83 fa 04 73 16 83 fa 01 7c 10 8a 0e 74 0a 0f b7 74 16 fe 66 89 74 17 fe 88 0f c3 <8b> 4c 16 fc 8b 36 89 4c 17 fc 89 37 c3 0f 1f 00 48 8b 4c 16 f8 48
[ 1219.055952] mt7921e 0000:03:00.0 wlp3s0: renamed from wlan0 (while UP)
[ 1220.063382] iwd[8271]: segfault at c ip 00007f2286565c00 sp 00007ffcefacdff8 error 4 in libc.so.6[a7c00,7f22864e6000+159000] likely on CPU 1 (core 1, socket 0)
[ 1220.063420] Code: f0 0f 11 07 0f 11 4c 17 f0 c3 83 fa 08 73 2b 83 fa 04 73 16 83 fa 01 7c 10 8a 0e 74 0a 0f b7 74 16 fe 66 89 74 17 fe 88 0f c3 <8b> 4c 16 fc 8b 36 89 4c 17 fc 89 37 c3 0f 1f 00 48 8b 4c 16 f8 48
[ 1220.125265] mt7921e 0000:03:00.0 wlp3s0: renamed from wlan0 (while UP)
[ 1221.141388] iwd[8277]: segfault at c ip 00007f74c096ac00 sp 00007ffe6a98ea88 error 4 in libc.so.6[a7c00,7f74c08eb000+159000] likely on CPU 0 (core 0, socket 0)
[ 1221.141423] Code: f0 0f 11 07 0f 11 4c 17 f0 c3 83 fa 08 73 2b 83 fa 04 73 16 83 fa 01 7c 10 8a 0e 74 0a 0f b7 74 16 fe 66 89 74 17 fe 88 0f c3 <8b> 4c 16 fc 8b 36 89 4c 17 fc 89 37 c3 0f 1f 00 48 8b 4c 16 f8 48
[ 1221.210559] mt7921e 0000:03:00.0 wlp3s0: renamed from wlan0 (while UP)
[ 1222.220714] iwd[8283]: segfault at c ip 00007fda0c07cc00 sp 00007ffd012f18d8 error 4 in libc.so.6[a7c00,7fda0bffd000+159000] likely on CPU 0 (core 0, socket 0)
[ 1222.220758] Code: f0 0f 11 07 0f 11 4c 17 f0 c3 83 fa 08 73 2b 83 fa 04 73 16 83 fa 01 7c 10 8a 0e 74 0a 0f b7 74 16 fe 66 89 74 17 fe 88 0f c3 <8b> 4c 16 fc 8b 36 89 4c 17 fc 89 37 c3 0f 1f 00 48 8b 4c 16 f8 48
[ 1222.283355] mt7921e 0000:03:00.0 wlp3s0: renamed from wlan0 (while UP)
[ 1223.286935] iwd[8289]: segfault at c ip 00007f1a9871fc00 sp 00007ffe0784ce68 error 4 in libc.so.6[a7c00,7f1a986a0000+159000] likely on CPU 0 (core 0, socket 0)
[ 1223.286968] Code: f0 0f 11 07 0f 11 4c 17 f0 c3 83 fa 08 73 2b 83 fa 04 73 16 83 fa 01 7c 10 8a 0e 74 0a 0f b7 74 16 fe 66 89 74 17 fe 88 0f c3 <8b> 4c 16 fc 8b 36 89 4c 17 fc 89 37 c3 0f 1f 00 48 8b 4c 16 f8 48
[ 1223.355042] mt7921e 0000:03:00.0 wlp3s0: renamed from wlan0 (while UP)
[ 1224.362540] iwd[8295]: segfault at c ip 00007ff093055c00 sp 00007fff5af9f4c8 error 4 in libc.so.6[a7c00,7ff092fd6000+159000] likely on CPU 1 (core 1, socket 0)
[ 1224.362581] Code: f0 0f 11 07 0f 11 4c 17 f0 c3 83 fa 08 73 2b 83 fa 04 73 16 83 fa 01 7c 10 8a 0e 74 0a 0f b7 74 16 fe 66 89 74 17 fe 88 0f c3 <8b> 4c 16 fc 8b 36 89 4c 17 fc 89 37 c3 0f 1f 00 48 8b 4c 16 f8 48
[ 1224.431899] mt7921e 0000:03:00.0 wlp3s0: renamed from wlan0 (while UP)
[ 1225.436731] iwd[8301]: segfault at c ip 00007fb137641c00 sp 00007ffcf95fc808 error 4 in libc.so.6[a7c00,7fb1375c2000+159000] likely on CPU 1 (core 1, socket 0)
[ 1225.436770] Code: f0 0f 11 07 0f 11 4c 17 f0 c3 83 fa 08 73 2b 83 fa 04 73 16 83 fa 01 7c 10 8a 0e 74 0a 0f b7 74 16 fe 66 89 74 17 fe 88 0f c3 <8b> 4c 16 fc 8b 36 89 4c 17 fc 89 37 c3 0f 1f 00 48 8b 4c 16 f8 48
[ 1225.499669] mt7921e 0000:03:00.0 wlp3s0: renamed from wlan0 (while UP)
[ 1226.505436] iwd[8307]: segfault at c ip 00007f14ab60cc00 sp 00007ffcce8df6c8 error 4 in libc.so.6[a7c00,7f14ab58d000+159000] likely on CPU 1 (core 1, socket 0)
[ 1226.505475] Code: f0 0f 11 07 0f 11 4c 17 f0 c3 83 fa 08 73 2b 83 fa 04 73 16 83 fa 01 7c 10 8a 0e 74 0a 0f b7 74 16 fe 66 89 74 17 fe 88 0f c3 <8b> 4c 16 fc 8b 36 89 4c 17 fc 89 37 c3 0f 1f 00 48 8b 4c 16 f8 48
[ 1226.567162] mt7921e 0000:03:00.0 wlp3s0: renamed from wlan0 (while UP)
[ 1227.573302] iwd[8313]: segfault at c ip 00007fc7599dbc00 sp 00007ffea1226e18 error 4 in libc.so.6[a7c00,7fc75995c000+159000] likely on CPU 1 (core 1, socket 0)
[ 1227.573384] Code: f0 0f 11 07 0f 11 4c 17 f0 c3 83 fa 08 73 2b 83 fa 04 73 16 83 fa 01 7c 10 8a 0e 74 0a 0f b7 74 16 fe 66 89 74 17 fe 88 0f c3 <8b> 4c 16 fc 8b 36 89 4c 17 fc 89 37 c3 0f 1f 00 48 8b 4c 16 f8 48
[ 1227.637540] mt7921e 0000:03:00.0 wlp3s0: renamed from wlan0 (while UP)
[ 1228.645229] iwd[8319]: segfault at c ip 00007f7083eacc00 sp 00007ffffcb82058 error 4 in libc.so.6[a7c00,7f7083e2d000+159000] likely on CPU 0 (core 0, socket 0)
[ 1228.645261] Code: f0 0f 11 07 0f 11 4c 17 f0 c3 83 fa 08 73 2b 83 fa 04 73 16 83 fa 01 7c 10 8a 0e 74 0a 0f b7 74 16 fe 66 89 74 17 fe 88 0f c3 <8b> 4c 16 fc 8b 36 89 4c 17 fc 89 37 c3 0f 1f 00 48 8b 4c 16 f8 48
[ 1228.705026] mt7921e 0000:03:00.0 wlp3s0: renamed from wlan0 (while UP)
[ 1229.717557] iwd[8327]: segfault at c ip 00007f0ddb3c5c00 sp 00007ffd472fbac8 error 4 in libc.so.6[a7c00,7f0ddb346000+159000] likely on CPU 0 (core 0, socket 0)
[ 1229.717592] Code: f0 0f 11 07 0f 11 4c 17 f0 c3 83 fa 08 73 2b 83 fa 04 73 16 83 fa 01 7c 10 8a 0e 74 0a 0f b7 74 16 fe 66 89 74 17 fe 88 0f c3 <8b> 4c 16 fc 8b 36 89 4c 17 fc 89 37 c3 0f 1f 00 48 8b 4c 16 f8 48
[ 1229.777802] mt7921e 0000:03:00.0 wlp3s0: renamed from wlan0 (while UP)
[ 1230.783387] iwd[8333]: segfault at c ip 00007fbdb7422c00 sp 00007ffc04766ab8 error 4 in libc.so.6[a7c00,7fbdb73a3000+159000] likely on CPU 0 (core 0, socket 0)
[ 1230.783424] Code: f0 0f 11 07 0f 11 4c 17 f0 c3 83 fa 08 73 2b 83 fa 04 73 16 83 fa 01 7c 10 8a 0e 74 0a 0f b7 74 16 fe 66 89 74 17 fe 88 0f c3 <8b> 4c 16 fc 8b 36 89 4c 17 fc 89 37 c3 0f 1f 00 48 8b 4c 16 f8 48
[ 1230.847353] mt7921e 0000:03:00.0 wlp3s0: renamed from wlan0 (while UP)
[ 1231.851042] iwd[8339]: segfault at c ip 00007f0b5e8bbc00 sp 00007ffc8e918d18 error 4 in libc.so.6[a7c00,7f0b5e83c000+159000] likely on CPU 1 (core 1, socket 0)
[ 1231.851077] Code: f0 0f 11 07 0f 11 4c 17 f0 c3 83 fa 08 73 2b 83 fa 04 73 16 83 fa 01 7c 10 8a 0e 74 0a 0f b7 74 16 fe 66 89 74 17 fe 88 0f c3 <8b> 4c 16 fc 8b 36 89 4c 17 fc 89 37 c3 0f 1f 00 48 8b 4c 16 f8 48
[ 1231.923904] mt7921e 0000:03:00.0 wlp3s0: renamed from wlan0 (while UP)
[ 1232.938300] iwd[8345]: segfault at c ip 00007f77f6d79c00 sp 00007ffc831c3578 error 4 in libc.so.6[a7c00,7f77f6cfa000+159000] likely on CPU 0 (core 0, socket 0)
[ 1232.938382] Code: f0 0f 11 07 0f 11 4c 17 f0 c3 83 fa 08 73 2b 83 fa 04 73 16 83 fa 01 7c 10 8a 0e 74 0a 0f b7 74 16 fe 66 89 74 17 fe 88 0f c3 <8b> 4c 16 fc 8b 36 89 4c 17 fc 89 37 c3 0f 1f 00 48 8b 4c 16 f8 48
[ 1233.013565] mt7921e 0000:03:00.0 wlp3s0: renamed from wlan0 (while UP)
[ 1234.020755] iwd[8351]: segfault at c ip 00007f33e7d5dc00 sp 00007ffe69bc0f38 error 4 in libc.so.6[a7c00,7f33e7cde000+159000] likely on CPU 0 (core 0, socket 0)
[ 1234.020791] Code: f0 0f 11 07 0f 11 4c 17 f0 c3 83 fa 08 73 2b 83 fa 04 73 16 83 fa 01 7c 10 8a 0e 74 0a 0f b7 74 16 fe 66 89 74 17 fe 88 0f c3 <8b> 4c 16 fc 8b 36 89 4c 17 fc 89 37 c3 0f 1f 00 48 8b 4c 16 f8 48
[ 1234.085955] mt7921e 0000:03:00.0 wlp3s0: renamed from wlan0 (while UP)
[ 1235.091637] iwd[8357]: segfault at c ip 00007f39c7d38c00 sp 00007fff9fbce7b8 error 4 in libc.so.6[a7c00,7f39c7cb9000+159000] likely on CPU 0 (core 0, socket 0)
[ 1235.091670] Code: f0 0f 11 07 0f 11 4c 17 f0 c3 83 fa 08 73 2b 83 fa 04 73 16 83 fa 01 7c 10 8a 0e 74 0a 0f b7 74 16 fe 66 89 74 17 fe 88 0f c3 <8b> 4c 16 fc 8b 36 89 4c 17 fc 89 37 c3 0f 1f 00 48 8b 4c 16 f8 48
[ 1235.126473] mt7921e 0000:03:00.0 wlp3s0: renamed from wlan0
[ 1236.160889] iwd[8365]: segfault at c ip 00007f3e7a995c00 sp 00007ffdbcd70dc8 error 4 in libc.so.6[a7c00,7f3e7a916000+159000] likely on CPU 0 (core 0, socket 0)
[ 1236.160970] Code: f0 0f 11 07 0f 11 4c 17 f0 c3 83 fa 08 73 2b 83 fa 04 73 16 83 fa 01 7c 10 8a 0e 74 0a 0f b7 74 16 fe 66 89 74 17 fe 88 0f c3 <8b> 4c 16 fc 8b 36 89 4c 17 fc 89 37 c3 0f 1f 00 48 8b 4c 16 f8 48
[ 1236.236088] mt7921e 0000:03:00.0 wlp3s0: renamed from wlan0 (while UP)
[ 1237.240395] iwd[8371]: segfault at c ip 00007f9c8a60dc00 sp 00007fffbdeb2878 error 4 in libc.so.6[a7c00,7f9c8a58e000+159000] likely on CPU 0 (core 0, socket 0)
[ 1237.240432] Code: f0 0f 11 07 0f 11 4c 17 f0 c3 83 fa 08 73 2b 83 fa 04 73 16 83 fa 01 7c 10 8a 0e 74 0a 0f b7 74 16 fe 66 89 74 17 fe 88 0f c3 <8b> 4c 16 fc 8b 36 89 4c 17 fc 89 37 c3 0f 1f 00 48 8b 4c 16 f8 48
[ 1237.284927] mt7921e 0000:03:00.0 wlp3s0: renamed from wlan0
[ 1238.318692] iwd[8379]: segfault at c ip 00007f0552da9c00 sp 00007ffc6a4d79a8 error 4 in libc.so.6[a7c00,7f0552d2a000+159000] likely on CPU 1 (core 1, socket 0)
[ 1238.318724] Code: f0 0f 11 07 0f 11 4c 17 f0 c3 83 fa 08 73 2b 83 fa 04 73 16 83 fa 01 7c 10 8a 0e 74 0a 0f b7 74 16 fe 66 89 74 17 fe 88 0f c3 <8b> 4c 16 fc 8b 36 89 4c 17 fc 89 37 c3 0f 1f 00 48 8b 4c 16 f8 48
[ 1238.388644] mt7921e 0000:03:00.0 wlp3s0: renamed from wlan0 (while UP)
[ 1239.396485] iwd[8385]: segfault at c ip 00007fb8ebb6dc00 sp 00007ffe25a547c8 error 4 in libc.so.6[a7c00,7fb8ebaee000+159000] likely on CPU 1 (core 1, socket 0)
[ 1239.396530] Code: f0 0f 11 07 0f 11 4c 17 f0 c3 83 fa 08 73 2b 83 fa 04 73 16 83 fa 01 7c 10 8a 0e 74 0a 0f b7 74 16 fe 66 89 74 17 fe 88 0f c3 <8b> 4c 16 fc 8b 36 89 4c 17 fc 89 37 c3 0f 1f 00 48 8b 4c 16 f8 48
[ 1239.462024] mt7921e 0000:03:00.0 wlp3s0: renamed from wlan0 (while UP)
[ 1240.475412] iwd[8391]: segfault at c ip 00007f3749e30c00 sp 00007ffcbab3cc48 error 4 in libc.so.6[a7c00,7f3749db1000+159000] likely on CPU 1 (core 1, socket 0)
[ 1240.475447] Code: f0 0f 11 07 0f 11 4c 17 f0 c3 83 fa 08 73 2b 83 fa 04 73 16 83 fa 01 7c 10 8a 0e 74 0a 0f b7 74 16 fe 66 89 74 17 fe 88 0f c3 <8b> 4c 16 fc 8b 36 89 4c 17 fc 89 37 c3 0f 1f 00 48 8b 4c 16 f8 48
[ 1240.537302] mt7921e 0000:03:00.0 wlp3s0: renamed from wlan0 (while UP)
[ 1241.543280] iwd[8397]: segfault at c ip 00007fab69a7cc00 sp 00007ffc5fabbcc8 error 4 in libc.so.6[a7c00,7fab699fd000+159000] likely on CPU 1 (core 1, socket 0)
[ 1241.543364] Code: f0 0f 11 07 0f 11 4c 17 f0 c3 83 fa 08 73 2b 83 fa 04 73 16 83 fa 01 7c 10 8a 0e 74 0a 0f b7 74 16 fe 66 89 74 17 fe 88 0f c3 <8b> 4c 16 fc 8b 36 89 4c 17 fc 89 37 c3 0f 1f 00 48 8b 4c 16 f8 48
[ 1241.605400] mt7921e 0000:03:00.0 wlp3s0: renamed from wlan0 (while UP)
[ 1242.619573] iwd[8403]: segfault at c ip 00007f3479be1c00 sp 00007fffb4c36e28 error 4 in libc.so.6[a7c00,7f3479b62000+159000] likely on CPU 1 (core 1, socket 0)
[ 1242.619610] Code: f0 0f 11 07 0f 11 4c 17 f0 c3 83 fa 08 73 2b 83 fa 04 73 16 83 fa 01 7c 10 8a 0e 74 0a 0f b7 74 16 fe 66 89 74 17 fe 88 0f c3 <8b> 4c 16 fc 8b 36 89 4c 17 fc 89 37 c3 0f 1f 00 48 8b 4c 16 f8 48
[ 1242.688681] mt7921e 0000:03:00.0 wlp3s0: renamed from wlan0 (while UP)
[ 1243.693660] iwd[8409]: segfault at c ip 00007f664bef2c00 sp 00007ffd5e508648 error 4 in libc.so.6[a7c00,7f664be73000+159000] likely on CPU 1 (core 1, socket 0)
[ 1243.693693] Code: f0 0f 11 07 0f 11 4c 17 f0 c3 83 fa 08 73 2b 83 fa 04 73 16 83 fa 01 7c 10 8a 0e 74 0a 0f b7 74 16 fe 66 89 74 17 fe 88 0f c3 <8b> 4c 16 fc 8b 36 89 4c 17 fc 89 37 c3 0f 1f 00 48 8b 4c 16 f8 48
[ 1243.756328] mt7921e 0000:03:00.0 wlp3s0: renamed from wlan0 (while UP)
[ 1244.760743] iwd[8415]: segfault at c ip 00007fd3e363cc00 sp 00007ffd887e4688 error 4 in libc.so.6[a7c00,7fd3e35bd000+159000] likely on CPU 1 (core 1, socket 0)
[ 1244.760779] Code: f0 0f 11 07 0f 11 4c 17 f0 c3 83 fa 08 73 2b 83 fa 04 73 16 83 fa 01 7c 10 8a 0e 74 0a 0f b7 74 16 fe 66 89 74 17 fe 88 0f c3 <8b> 4c 16 fc 8b 36 89 4c 17 fc 89 37 c3 0f 1f 00 48 8b 4c 16 f8 48
[ 1244.823670] mt7921e 0000:03:00.0 wlp3s0: renamed from wlan0 (while UP)
[ 1245.828025] iwd[8423]: segfault at c ip 00007fdda05fdc00 sp 00007ffe0fe402f8 error 4 in libc.so.6[a7c00,7fdda057e000+159000] likely on CPU 1 (core 1, socket 0)
[ 1245.828042] Code: f0 0f 11 07 0f 11 4c 17 f0 c3 83 fa 08 73 2b 83 fa 04 73 16 83 fa 01 7c 10 8a 0e 74 0a 0f b7 74 16 fe 66 89 74 17 fe 88 0f c3 <8b> 4c 16 fc 8b 36 89 4c 17 fc 89 37 c3 0f 1f 00 48 8b 4c 16 f8 48
[ 1245.892354] mt7921e 0000:03:00.0 wlp3s0: renamed from wlan0 (while UP)
[ 1246.895728] iwd[8429]: segfault at c ip 00007f3755ea1c00 sp 00007ffc77bd09a8 error 4 in libc.so.6[a7c00,7f3755e22000+159000] likely on CPU 0 (core 0, socket 0)
[ 1246.895761] Code: f0 0f 11 07 0f 11 4c 17 f0 c3 83 fa 08 73 2b 83 fa 04 73 16 83 fa 01 7c 10 8a 0e 74 0a 0f b7 74 16 fe 66 89 74 17 fe 88 0f c3 <8b> 4c 16 fc 8b 36 89 4c 17 fc 89 37 c3 0f 1f 00 48 8b 4c 16 f8 48
[ 1246.963178] mt7921e 0000:03:00.0 wlp3s0: renamed from wlan0 (while UP)
[ 1247.973801] iwd[8435]: segfault at c ip 00007f3926b45c00 sp 00007ffd633b0598 error 4 in libc.so.6[a7c00,7f3926ac6000+159000] likely on CPU 0 (core 0, socket 0)
[ 1247.973847] Code: f0 0f 11 07 0f 11 4c 17 f0 c3 83 fa 08 73 2b 83 fa 04 73 16 83 fa 01 7c 10 8a 0e 74 0a 0f b7 74 16 fe 66 89 74 17 fe 88 0f c3 <8b> 4c 16 fc 8b 36 89 4c 17 fc 89 37 c3 0f 1f 00 48 8b 4c 16 f8 48
[ 1248.039333] mt7921e 0000:03:00.0 wlp3s0: renamed from wlan0 (while UP)
[ 1249.043378] iwd[8441]: segfault at c ip 00007f66ab5dec00 sp 00007ffe61d92108 error 4 in libc.so.6[a7c00,7f66ab55f000+159000] likely on CPU 0 (core 0, socket 0)
[ 1249.043415] Code: f0 0f 11 07 0f 11 4c 17 f0 c3 83 fa 08 73 2b 83 fa 04 73 16 83 fa 01 7c 10 8a 0e 74 0a 0f b7 74 16 fe 66 89 74 17 fe 88 0f c3 <8b> 4c 16 fc 8b 36 89 4c 17 fc 89 37 c3 0f 1f 00 48 8b 4c 16 f8 48
[ 1249.108226] mt7921e 0000:03:00.0 wlp3s0: renamed from wlan0 (while UP)
[ 1250.119144] iwd[8447]: segfault at c ip 00007f6822679c00 sp 00007fffb0f89198 error 4 in libc.so.6[a7c00,7f68225fa000+159000] likely on CPU 0 (core 0, socket 0)
[ 1250.119162] Code: f0 0f 11 07 0f 11 4c 17 f0 c3 83 fa 08 73 2b 83 fa 04 73 16 83 fa 01 7c 10 8a 0e 74 0a 0f b7 74 16 fe 66 89 74 17 fe 88 0f c3 <8b> 4c 16 fc 8b 36 89 4c 17 fc 89 37 c3 0f 1f 00 48 8b 4c 16 f8 48
[ 1250.180374] mt7921e 0000:03:00.0 wlp3s0: renamed from wlan0 (while UP)
[ 1251.181877] iwd[8453]: segfault at c ip 00007f1e26ca7c00 sp 00007ffcb37d9ae8 error 4 in libc.so.6[a7c00,7f1e26c28000+159000] likely on CPU 0 (core 0, socket 0)
[ 1251.181902] Code: f0 0f 11 07 0f 11 4c 17 f0 c3 83 fa 08 73 2b 83 fa 04 73 16 83 fa 01 7c 10 8a 0e 74 0a 0f b7 74 16 fe 66 89 74 17 fe 88 0f c3 <8b> 4c 16 fc 8b 36 89 4c 17 fc 89 37 c3 0f 1f 00 48 8b 4c 16 f8 48
[ 1251.245846] mt7921e 0000:03:00.0 wlp3s0: renamed from wlan0 (while UP)
[ 1252.250830] iwd[8459]: segfault at c ip 00007f7e2ce55c00 sp 00007fff695ec898 error 4 in libc.so.6[a7c00,7f7e2cdd6000+159000] likely on CPU 0 (core 0, socket 0)
[ 1252.250855] Code: f0 0f 11 07 0f 11 4c 17 f0 c3 83 fa 08 73 2b 83 fa 04 73 16 83 fa 01 7c 10 8a 0e 74 0a 0f b7 74 16 fe 66 89 74 17 fe 88 0f c3 <8b> 4c 16 fc 8b 36 89 4c 17 fc 89 37 c3 0f 1f 00 48 8b 4c 16 f8 48
[ 1252.312452] mt7921e 0000:03:00.0 wlp3s0: renamed from wlan0 (while UP)
[ 1253.322714] iwd[8465]: segfault at c ip 00007f3a95084c00 sp 00007ffced9cf948 error 4 in libc.so.6[a7c00,7f3a95005000+159000] likely on CPU 1 (core 1, socket 0)
[ 1253.322743] Code: f0 0f 11 07 0f 11 4c 17 f0 c3 83 fa 08 73 2b 83 fa 04 73 16 83 fa 01 7c 10 8a 0e 74 0a 0f b7 74 16 fe 66 89 74 17 fe 88 0f c3 <8b> 4c 16 fc 8b 36 89 4c 17 fc 89 37 c3 0f 1f 00 48 8b 4c 16 f8 48
[ 1253.389076] mt7921e 0000:03:00.0 wlp3s0: renamed from wlan0 (while UP)
[ 1254.391968] iwd[8471]: segfault at c ip 00007f7a6c902c00 sp 00007fffe96ef268 error 4 in libc.so.6[a7c00,7f7a6c883000+159000] likely on CPU 0 (core 0, socket 0)
[ 1254.391987] Code: f0 0f 11 07 0f 11 4c 17 f0 c3 83 fa 08 73 2b 83 fa 04 73 16 83 fa 01 7c 10 8a 0e 74 0a 0f b7 74 16 fe 66 89 74 17 fe 88 0f c3 <8b> 4c 16 fc 8b 36 89 4c 17 fc 89 37 c3 0f 1f 00 48 8b 4c 16 f8 48
[ 1254.462831] mt7921e 0000:03:00.0 wlp3s0: renamed from wlan0 (while UP)
[ 1255.466826] iwd[8477]: segfault at c ip 00007f89a0051c00 sp 00007fffb79b7d38 error 4 in libc.so.6[a7c00,7f899ffd2000+159000] likely on CPU 0 (core 0, socket 0)
[ 1255.466844] Code: f0 0f 11 07 0f 11 4c 17 f0 c3 83 fa 08 73 2b 83 fa 04 73 16 83 fa 01 7c 10 8a 0e 74 0a 0f b7 74 16 fe 66 89 74 17 fe 88 0f c3 <8b> 4c 16 fc 8b 36 89 4c 17 fc 89 37 c3 0f 1f 00 48 8b 4c 16 f8 48
[ 1255.526251] mt7921e 0000:03:00.0 wlp3s0: renamed from wlan0 (while UP)
[ 1256.532941] iwd[8483]: segfault at c ip 00007f067a7c6c00 sp 00007ffd29e5fc78 error 4 in libc.so.6[a7c00,7f067a747000+159000] likely on CPU 0 (core 0, socket 0)
[ 1256.532960] Code: f0 0f 11 07 0f 11 4c 17 f0 c3 83 fa 08 73 2b 83 fa 04 73 16 83 fa 01 7c 10 8a 0e 74 0a 0f b7 74 16 fe 66 89 74 17 fe 88 0f c3 <8b> 4c 16 fc 8b 36 89 4c 17 fc 89 37 c3 0f 1f 00 48 8b 4c 16 f8 48
[ 1256.597264] mt7921e 0000:03:00.0 wlp3s0: renamed from wlan0 (while UP)
[ 1257.604440] iwd[8489]: segfault at c ip 00007fd00917cc00 sp 00007ffdc3480cc8 error 4 in libc.so.6[a7c00,7fd0090fd000+159000] likely on CPU 1 (core 1, socket 0)
[ 1257.604459] Code: f0 0f 11 07 0f 11 4c 17 f0 c3 83 fa 08 73 2b 83 fa 04 73 16 83 fa 01 7c 10 8a 0e 74 0a 0f b7 74 16 fe 66 89 74 17 fe 88 0f c3 <8b> 4c 16 fc 8b 36 89 4c 17 fc 89 37 c3 0f 1f 00 48 8b 4c 16 f8 48
[ 1257.670152] mt7921e 0000:03:00.0 wlp3s0: renamed from wlan0 (while UP)
[ 1258.674574] iwd[8495]: segfault at c ip 00007fcad6b15c00 sp 00007ffd8a915198 error 4 in libc.so.6[a7c00,7fcad6a96000+159000] likely on CPU 0 (core 0, socket 0)
[ 1258.674600] Code: f0 0f 11 07 0f 11 4c 17 f0 c3 83 fa 08 73 2b 83 fa 04 73 16 83 fa 01 7c 10 8a 0e 74 0a 0f b7 74 16 fe 66 89 74 17 fe 88 0f c3 <8b> 4c 16 fc 8b 36 89 4c 17 fc 89 37 c3 0f 1f 00 48 8b 4c 16 f8 48
[ 1258.737041] mt7921e 0000:03:00.0 wlp3s0: renamed from wlan0 (while UP)
[ 1259.745751] iwd[8501]: segfault at c ip 00007fd1ba8dcc00 sp 00007ffe2d430438 error 4 in libc.so.6[a7c00,7fd1ba85d000+159000] likely on CPU 0 (core 0, socket 0)
[ 1259.745786] Code: f0 0f 11 07 0f 11 4c 17 f0 c3 83 fa 08 73 2b 83 fa 04 73 16 83 fa 01 7c 10 8a 0e 74 0a 0f b7 74 16 fe 66 89 74 17 fe 88 0f c3 <8b> 4c 16 fc 8b 36 89 4c 17 fc 89 37 c3 0f 1f 00 48 8b 4c 16 f8 48
[ 1259.810780] mt7921e 0000:03:00.0 wlp3s0: renamed from wlan0 (while UP)
[ 1260.823811] iwd[8507]: segfault at c ip 00007efd452eec00 sp 00007ffd6cd1c5e8 error 4 in libc.so.6[a7c00,7efd4526f000+159000] likely on CPU 0 (core 0, socket 0)
[ 1260.823844] Code: f0 0f 11 07 0f 11 4c 17 f0 c3 83 fa 08 73 2b 83 fa 04 73 16 83 fa 01 7c 10 8a 0e 74 0a 0f b7 74 16 fe 66 89 74 17 fe 88 0f c3 <8b> 4c 16 fc 8b 36 89 4c 17 fc 89 37 c3 0f 1f 00 48 8b 4c 16 f8 48
[ 1260.894263] mt7921e 0000:03:00.0 wlp3s0: renamed from wlan0 (while UP)
[ 1261.901378] iwd[8513]: segfault at c ip 00007f5da3da0c00 sp 00007ffd44293dc8 error 4 in libc.so.6[a7c00,7f5da3d21000+159000] likely on CPU 0 (core 0, socket 0)
[ 1261.901418] Code: f0 0f 11 07 0f 11 4c 17 f0 c3 83 fa 08 73 2b 83 fa 04 73 16 83 fa 01 7c 10 8a 0e 74 0a 0f b7 74 16 fe 66 89 74 17 fe 88 0f c3 <8b> 4c 16 fc 8b 36 89 4c 17 fc 89 37 c3 0f 1f 00 48 8b 4c 16 f8 48
[ 1261.962757] mt7921e 0000:03:00.0 wlp3s0: renamed from wlan0 (while UP)
[ 1262.968090] iwd[8519]: segfault at c ip 00007f200490cc00 sp 00007ffd94a5cde8 error 4 in libc.so.6[a7c00,7f200488d000+159000] likely on CPU 0 (core 0, socket 0)
[ 1262.968123] Code: f0 0f 11 07 0f 11 4c 17 f0 c3 83 fa 08 73 2b 83 fa 04 73 16 83 fa 01 7c 10 8a 0e 74 0a 0f b7 74 16 fe 66 89 74 17 fe 88 0f c3 <8b> 4c 16 fc 8b 36 89 4c 17 fc 89 37 c3 0f 1f 00 48 8b 4c 16 f8 48
[ 1263.000232] mt7921e 0000:03:00.0 wlp3s0: renamed from wlan0
[ 1264.040730] iwd[8525]: segfault at c ip 00007fa8880f8c00 sp 00007ffe06a1df38 error 4 in libc.so.6[a7c00,7fa888079000+159000] likely on CPU 1 (core 1, socket 0)
[ 1264.040749] Code: f0 0f 11 07 0f 11 4c 17 f0 c3 83 fa 08 73 2b 83 fa 04 73 16 83 fa 01 7c 10 8a 0e 74 0a 0f b7 74 16 fe 66 89 74 17 fe 88 0f c3 <8b> 4c 16 fc 8b 36 89 4c 17 fc 89 37 c3 0f 1f 00 48 8b 4c 16 f8 48
[ 1264.100409] mt7921e 0000:03:00.0 wlp3s0: renamed from wlan0 (while UP)
[ 1265.104568] iwd[8531]: segfault at c ip 00007f1cbc74ac00 sp 00007ffca5cdbcc8 error 4 in libc.so.6[a7c00,7f1cbc6cb000+159000] likely on CPU 1 (core 1, socket 0)
[ 1265.104601] Code: f0 0f 11 07 0f 11 4c 17 f0 c3 83 fa 08 73 2b 83 fa 04 73 16 83 fa 01 7c 10 8a 0e 74 0a 0f b7 74 16 fe 66 89 74 17 fe 88 0f c3 <8b> 4c 16 fc 8b 36 89 4c 17 fc 89 37 c3 0f 1f 00 48 8b 4c 16 f8 48
[ 1265.169490] mt7921e 0000:03:00.0 wlp3s0: renamed from wlan0 (while UP)
[ 1266.177424] iwd[8537]: segfault at c ip 00007f9dfdfc1c00 sp 00007ffe3c8b6b58 error 4 in libc.so.6[a7c00,7f9dfdf42000+159000] likely on CPU 0 (core 0, socket 0)
[ 1266.177449] Code: f0 0f 11 07 0f 11 4c 17 f0 c3 83 fa 08 73 2b 83 fa 04 73 16 83 fa 01 7c 10 8a 0e 74 0a 0f b7 74 16 fe 66 89 74 17 fe 88 0f c3 <8b> 4c 16 fc 8b 36 89 4c 17 fc 89 37 c3 0f 1f 00 48 8b 4c 16 f8 48
[ 1266.240146] mt7921e 0000:03:00.0 wlp3s0: renamed from wlan0 (while UP)
[ 1267.249280] iwd[8543]: segfault at c ip 00007fe63dfcfc00 sp 00007ffc04fc7558 error 4 in libc.so.6[a7c00,7fe63df50000+159000] likely on CPU 0 (core 0, socket 0)
[ 1267.249361] Code: f0 0f 11 07 0f 11 4c 17 f0 c3 83 fa 08 73 2b 83 fa 04 73 16 83 fa 01 7c 10 8a 0e 74 0a 0f b7 74 16 fe 66 89 74 17 fe 88 0f c3 <8b> 4c 16 fc 8b 36 89 4c 17 fc 89 37 c3 0f 1f 00 48 8b 4c 16 f8 48
[ 1267.285257] mt7921e 0000:03:00.0 wlp3s0: renamed from wlan0
[ 1268.231717] input: R-Phonak işitme cihazı (AVRCP) as /devices/virtual/input/input38
[ 1268.323333] iwd[8549]: segfault at c ip 00007fecb2e43c00 sp 00007ffde2c4d868 error 4 in libc.so.6[a7c00,7fecb2dc4000+159000] likely on CPU 1 (core 1, socket 0)
[ 1268.323351] Code: f0 0f 11 07 0f 11 4c 17 f0 c3 83 fa 08 73 2b 83 fa 04 73 16 83 fa 01 7c 10 8a 0e 74 0a 0f b7 74 16 fe 66 89 74 17 fe 88 0f c3 <8b> 4c 16 fc 8b 36 89 4c 17 fc 89 37 c3 0f 1f 00 48 8b 4c 16 f8 48
[ 1268.392799] mt7921e 0000:03:00.0 wlp3s0: renamed from wlan0 (while UP)
[ 1269.396600] iwd[8557]: segfault at c ip 00007f5073301c00 sp 00007ffd47324038 error 4 in libc.so.6[a7c00,7f5073282000+159000] likely on CPU 1 (core 1, socket 0)
[ 1269.396632] Code: f0 0f 11 07 0f 11 4c 17 f0 c3 83 fa 08 73 2b 83 fa 04 73 16 83 fa 01 7c 10 8a 0e 74 0a 0f b7 74 16 fe 66 89 74 17 fe 88 0f c3 <8b> 4c 16 fc 8b 36 89 4c 17 fc 89 37 c3 0f 1f 00 48 8b 4c 16 f8 48
[ 1269.460840] mt7921e 0000:03:00.0 wlp3s0: renamed from wlan0 (while UP)
[ 1270.473723] iwd[8563]: segfault at c ip 00007f9dba901c00 sp 00007ffe4b241c78 error 4 in libc.so.6[a7c00,7f9dba882000+159000] likely on CPU 1 (core 1, socket 0)
[ 1270.473754] Code: f0 0f 11 07 0f 11 4c 17 f0 c3 83 fa 08 73 2b 83 fa 04 73 16 83 fa 01 7c 10 8a 0e 74 0a 0f b7 74 16 fe 66 89 74 17 fe 88 0f c3 <8b> 4c 16 fc 8b 36 89 4c 17 fc 89 37 c3 0f 1f 00 48 8b 4c 16 f8 48
[ 1270.546339] mt7921e 0000:03:00.0 wlp3s0: renamed from wlan0 (while UP)
[ 1271.551991] iwd[8569]: segfault at c ip 00007f4f9b7a8c00 sp 00007ffdcfa665c8 error 4 in libc.so.6[a7c00,7f4f9b729000+159000] likely on CPU 0 (core 0, socket 0)
[ 1271.552009] Code: f0 0f 11 07 0f 11 4c 17 f0 c3 83 fa 08 73 2b 83 fa 04 73 16 83 fa 01 7c 10 8a 0e 74 0a 0f b7 74 16 fe 66 89 74 17 fe 88 0f c3 <8b> 4c 16 fc 8b 36 89 4c 17 fc 89 37 c3 0f 1f 00 48 8b 4c 16 f8 48
[ 1271.614858] mt7921e 0000:03:00.0 wlp3s0: renamed from wlan0 (while UP)
[ 1272.620591] iwd[8575]: segfault at c ip 00007fa56da65c00 sp 00007ffcf1db3598 error 4 in libc.so.6[a7c00,7fa56d9e6000+159000] likely on CPU 0 (core 0, socket 0)
[ 1272.620624] Code: f0 0f 11 07 0f 11 4c 17 f0 c3 83 fa 08 73 2b 83 fa 04 73 16 83 fa 01 7c 10 8a 0e 74 0a 0f b7 74 16 fe 66 89 74 17 fe 88 0f c3 <8b> 4c 16 fc 8b 36 89 4c 17 fc 89 37 c3 0f 1f 00 48 8b 4c 16 f8 48
[ 1272.690763] mt7921e 0000:03:00.0 wlp3s0: renamed from wlan0 (while UP)
[ 1273.696340] iwd[8581]: segfault at c ip 00007fef17d9ac00 sp 00007ffe5b875e28 error 4 in libc.so.6[a7c00,7fef17d1b000+159000] likely on CPU 1 (core 1, socket 0)
[ 1273.696398] Code: f0 0f 11 07 0f 11 4c 17 f0 c3 83 fa 08 73 2b 83 fa 04 73 16 83 fa 01 7c 10 8a 0e 74 0a 0f b7 74 16 fe 66 89 74 17 fe 88 0f c3 <8b> 4c 16 fc 8b 36 89 4c 17 fc 89 37 c3 0f 1f 00 48 8b 4c 16 f8 48
[ 1273.763042] mt7921e 0000:03:00.0 wlp3s0: renamed from wlan0 (while UP)
[ 1274.768631] iwd[8587]: segfault at c ip 00007f9d70e2ac00 sp 00007ffc8fc0ba78 error 4 in libc.so.6[a7c00,7f9d70dab000+159000] likely on CPU 0 (core 0, socket 0)
[ 1274.768666] Code: f0 0f 11 07 0f 11 4c 17 f0 c3 83 fa 08 73 2b 83 fa 04 73 16 83 fa 01 7c 10 8a 0e 74 0a 0f b7 74 16 fe 66 89 74 17 fe 88 0f c3 <8b> 4c 16 fc 8b 36 89 4c 17 fc 89 37 c3 0f 1f 00 48 8b 4c 16 f8 48
[ 1274.841623] mt7921e 0000:03:00.0 wlp3s0: renamed from wlan0 (while UP)
[ 1275.845530] iwd[8593]: segfault at c ip 00007f2737516c00 sp 00007ffdf971c818 error 4 in libc.so.6[a7c00,7f2737497000+159000] likely on CPU 1 (core 1, socket 0)
[ 1275.845559] Code: f0 0f 11 07 0f 11 4c 17 f0 c3 83 fa 08 73 2b 83 fa 04 73 16 83 fa 01 7c 10 8a 0e 74 0a 0f b7 74 16 fe 66 89 74 17 fe 88 0f c3 <8b> 4c 16 fc 8b 36 89 4c 17 fc 89 37 c3 0f 1f 00 48 8b 4c 16 f8 48
[ 1275.911705] mt7921e 0000:03:00.0 wlp3s0: renamed from wlan0 (while UP)
[ 1276.919181] iwd[8599]: segfault at c ip 00007f0e33f0cc00 sp 00007fffb70f8688 error 4 in libc.so.6[a7c00,7f0e33e8d000+159000] likely on CPU 0 (core 0, socket 0)
[ 1276.919206] Code: f0 0f 11 07 0f 11 4c 17 f0 c3 83 fa 08 73 2b 83 fa 04 73 16 83 fa 01 7c 10 8a 0e 74 0a 0f b7 74 16 fe 66 89 74 17 fe 88 0f c3 <8b> 4c 16 fc 8b 36 89 4c 17 fc 89 37 c3 0f 1f 00 48 8b 4c 16 f8 48
[ 1276.982520] mt7921e 0000:03:00.0 wlp3s0: renamed from wlan0 (while UP)
[ 1277.985590] iwd[8607]: segfault at c ip 00007f8a32ea6c00 sp 00007ffc126f3c98 error 4 in libc.so.6[a7c00,7f8a32e27000+159000] likely on CPU 0 (core 0, socket 0)
[ 1277.985622] Code: f0 0f 11 07 0f 11 4c 17 f0 c3 83 fa 08 73 2b 83 fa 04 73 16 83 fa 01 7c 10 8a 0e 74 0a 0f b7 74 16 fe 66 89 74 17 fe 88 0f c3 <8b> 4c 16 fc 8b 36 89 4c 17 fc 89 37 c3 0f 1f 00 48 8b 4c 16 f8 48
[ 1278.046712] mt7921e 0000:03:00.0 wlp3s0: renamed from wlan0 (while UP)
[ 1279.052467] iwd[8615]: segfault at c ip 00007fe75feb6c00 sp 00007ffd7e63e768 error 4 in libc.so.6[a7c00,7fe75fe37000+159000] likely on CPU 0 (core 0, socket 0)
[ 1279.052508] Code: f0 0f 11 07 0f 11 4c 17 f0 c3 83 fa 08 73 2b 83 fa 04 73 16 83 fa 01 7c 10 8a 0e 74 0a 0f b7 74 16 fe 66 89 74 17 fe 88 0f c3 <8b> 4c 16 fc 8b 36 89 4c 17 fc 89 37 c3 0f 1f 00 48 8b 4c 16 f8 48
[ 1279.121958] mt7921e 0000:03:00.0 wlp3s0: renamed from wlan0 (while UP)
[ 1280.128970] iwd[8621]: segfault at c ip 00007fe6262cfc00 sp 00007ffe0c9c8718 error 4 in libc.so.6[a7c00,7fe626250000+159000] likely on CPU 0 (core 0, socket 0)
[ 1280.129002] Code: f0 0f 11 07 0f 11 4c 17 f0 c3 83 fa 08 73 2b 83 fa 04 73 16 83 fa 01 7c 10 8a 0e 74 0a 0f b7 74 16 fe 66 89 74 17 fe 88 0f c3 <8b> 4c 16 fc 8b 36 89 4c 17 fc 89 37 c3 0f 1f 00 48 8b 4c 16 f8 48
[ 1280.194593] mt7921e 0000:03:00.0 wlp3s0: renamed from wlan0 (while UP)
[ 1281.200899] iwd[8627]: segfault at c ip 00007feb2510ac00 sp 00007fff74593ea8 error 4 in libc.so.6[a7c00,7feb2508b000+159000] likely on CPU 0 (core 0, socket 0)
[ 1281.200936] Code: f0 0f 11 07 0f 11 4c 17 f0 c3 83 fa 08 73 2b 83 fa 04 73 16 83 fa 01 7c 10 8a 0e 74 0a 0f b7 74 16 fe 66 89 74 17 fe 88 0f c3 <8b> 4c 16 fc 8b 36 89 4c 17 fc 89 37 c3 0f 1f 00 48 8b 4c 16 f8 48
[ 1281.264297] mt7921e 0000:03:00.0 wlp3s0: renamed from wlan0 (while UP)
[ 1282.274755] iwd[8633]: segfault at c ip 00007efea81b6c00 sp 00007ffdf42c3348 error 4 in libc.so.6[a7c00,7efea8137000+159000] likely on CPU 1 (core 1, socket 0)
[ 1282.274790] Code: f0 0f 11 07 0f 11 4c 17 f0 c3 83 fa 08 73 2b 83 fa 04 73 16 83 fa 01 7c 10 8a 0e 74 0a 0f b7 74 16 fe 66 89 74 17 fe 88 0f c3 <8b> 4c 16 fc 8b 36 89 4c 17 fc 89 37 c3 0f 1f 00 48 8b 4c 16 f8 48
[ 1282.349418] mt7921e 0000:03:00.0 wlp3s0: renamed from wlan0 (while UP)
[ 1283.355283] iwd[8639]: segfault at c ip 00007f6a3257bc00 sp 00007ffcee0be038 error 4 in libc.so.6[a7c00,7f6a324fc000+159000] likely on CPU 1 (core 1, socket 0)
[ 1283.355390] Code: f0 0f 11 07 0f 11 4c 17 f0 c3 83 fa 08 73 2b 83 fa 04 73 16 83 fa 01 7c 10 8a 0e 74 0a 0f b7 74 16 fe 66 89 74 17 fe 88 0f c3 <8b> 4c 16 fc 8b 36 89 4c 17 fc 89 37 c3 0f 1f 00 48 8b 4c 16 f8 48
[ 1283.422840] mt7921e 0000:03:00.0 wlp3s0: renamed from wlan0 (while UP)
[ 1284.429499] iwd[8645]: segfault at c ip 00007fa9700f8c00 sp 00007ffcb80da9d8 error 4 in libc.so.6[a7c00,7fa970079000+159000] likely on CPU 1 (core 1, socket 0)
[ 1284.429536] Code: f0 0f 11 07 0f 11 4c 17 f0 c3 83 fa 08 73 2b 83 fa 04 73 16 83 fa 01 7c 10 8a 0e 74 0a 0f b7 74 16 fe 66 89 74 17 fe 88 0f c3 <8b> 4c 16 fc 8b 36 89 4c 17 fc 89 37 c3 0f 1f 00 48 8b 4c 16 f8 48
[ 1284.491422] mt7921e 0000:03:00.0 wlp3s0: renamed from wlan0 (while UP)
[ 1284.882269] PM: suspend entry (deep)
[ 1284.908584] Filesystems sync: 0.026 seconds
[ 1284.918735] Freezing user space processes
[ 1284.920598] Freezing user space processes completed (elapsed 0.001 seconds)
[ 1284.920619] OOM killer disabled.
[ 1284.920622] Freezing remaining freezable tasks
[ 1284.921603] Freezing remaining freezable tasks completed (elapsed 0.000 seconds)
[ 1284.921674] printk: Suspending console(s) (use no_console_suspend to debug)
[ 1285.346812] ACPI: EC: interrupt blocked
[ 1285.372778] ACPI: PM: Preparing to enter system sleep state S3
[ 1285.373498] ACPI: EC: event blocked
[ 1285.373502] ACPI: EC: EC stopped
[ 1285.373504] ACPI: PM: Saving platform NVS memory
[ 1285.373563] Disabling non-boot CPUs ...
[ 1285.375257] smpboot: CPU 1 is now offline
[18446744065.807165] [Firmware Bug]: TSC ADJUST differs: CPU0 0 --> -554415155. Restoring
[ 1285.394146] ACPI: PM: Low-level resume complete
[ 1285.394205] ACPI: EC: EC started
[ 1285.394208] ACPI: PM: Restoring platform NVS memory
[ 1285.395403] Enabling non-boot CPUs ...
[ 1285.395481] smpboot: Booting Node 0 Processor 1 APIC 0x2
[ 1285.399671] CPU1 is up
[ 1285.399873] ACPI: PM: Waking up from system sleep state S3
[ 1286.665482] ACPI: EC: interrupt unblocked
[ 1286.685534] ACPI: EC: event unblocked
[ 1286.948344] usb 2-1: reset SuperSpeed USB device number 2 using xhci_hcd
[ 1287.005305] ata1: SATA link down (SStatus 4 SControl 300)
[ 1287.074505] usb 1-5: reset full-speed USB device number 3 using xhci_hcd
[ 1287.310578] usb 1-7: reset high-speed USB device number 4 using xhci_hcd
[ 1287.438015] mei_hdcp 0000:00:0f.0-b638ab7e-94e2-4ea2-a552-d1c54b627f04: bound 0000:00:02.0 (ops i915_hdcp_ops [i915])
[ 1287.438487] OOM killer enabled.
[ 1287.438489] Restarting tasks: Starting
[ 1287.438990] iwd[8651]: segfault at c ip 00007fee3e70dc00 sp 00007ffe3e3e0d08 error 4 in libc.so.6[a7c00,7fee3e68e000+159000] likely on CPU 0 (core 0, socket 0)
[ 1287.439001] Code: f0 0f 11 07 0f 11 4c 17 f0 c3 83 fa 08 73 2b 83 fa 04 73 16 83 fa 01 7c 10 8a 0e 74 0a 0f b7 74 16 fe 66 89 74 17 fe 88 0f c3 <8b> 4c 16 fc 8b 36 89 4c 17 fc 89 37 c3 0f 1f 00 48 8b 4c 16 f8 48
[ 1287.443175] Restarting tasks: Done
[ 1287.443207] efivarfs: resyncing variable state
[ 1287.542830] mt7921e 0000:03:00.0 wlp3s0: renamed from wlan0 (while UP)
[ 1287.622919] efivarfs: finished resyncing variable state
[ 1287.622945] random: crng reseeded on system resumption
[ 1287.695731] PM: suspend exit
[ 1288.646780] iwd[8703]: segfault at c ip 00007f1ce58e2c00 sp 00007fff2a449668 error 4 in libc.so.6[a7c00,7f1ce5863000+159000] likely on CPU 0 (core 0, socket 0)
[ 1288.646812] Code: f0 0f 11 07 0f 11 4c 17 f0 c3 83 fa 08 73 2b 83 fa 04 73 16 83 fa 01 7c 10 8a 0e 74 0a 0f b7 74 16 fe 66 89 74 17 fe 88 0f c3 <8b> 4c 16 fc 8b 36 89 4c 17 fc 89 37 c3 0f 1f 00 48 8b 4c 16 f8 48
[ 1288.709546] mt7921e 0000:03:00.0 wlp3s0: renamed from wlan0 (while UP)
[ 1289.719748] iwd[8714]: segfault at c ip 00007fa6b1cf6c00 sp 00007ffc293e6928 error 4 in libc.so.6[a7c00,7fa6b1c77000+159000] likely on CPU 0 (core 0, socket 0)
[ 1289.719782] Code: f0 0f 11 07 0f 11 4c 17 f0 c3 83 fa 08 73 2b 83 fa 04 73 16 83 fa 01 7c 10 8a 0e 74 0a 0f b7 74 16 fe 66 89 74 17 fe 88 0f c3 <8b> 4c 16 fc 8b 36 89 4c 17 fc 89 37 c3 0f 1f 00 48 8b 4c 16 f8 48
[ 1289.798631] mt7921e 0000:03:00.0 wlp3s0: renamed from wlan0 (while UP)
[ 1290.805641] iwd[8720]: segfault at c ip 00007f19d5a47c00 sp 00007ffcb5d653e8 error 4 in libc.so.6[a7c00,7f19d59c8000+159000] likely on CPU 1 (core 1, socket 0)
[ 1290.805687] Code: f0 0f 11 07 0f 11 4c 17 f0 c3 83 fa 08 73 2b 83 fa 04 73 16 83 fa 01 7c 10 8a 0e 74 0a 0f b7 74 16 fe 66 89 74 17 fe 88 0f c3 <8b> 4c 16 fc 8b 36 89 4c 17 fc 89 37 c3 0f 1f 00 48 8b 4c 16 f8 48
[ 1290.876499] mt7921e 0000:03:00.0 wlp3s0: renamed from wlan0 (while UP)
[ 1291.451657] input: R-Phonak işitme cihazı (AVRCP) as /devices/virtual/input/input39
[ 1291.887647] iwd[8726]: segfault at c ip 00007fac4138cc00 sp 00007ffe8a788d38 error 4 in libc.so.6[a7c00,7fac4130d000+159000] likely on CPU 0 (core 0, socket 0)
[ 1291.887680] Code: f0 0f 11 07 0f 11 4c 17 f0 c3 83 fa 08 73 2b 83 fa 04 73 16 83 fa 01 7c 10 8a 0e 74 0a 0f b7 74 16 fe 66 89 74 17 fe 88 0f c3 <8b> 4c 16 fc 8b 36 89 4c 17 fc 89 37 c3 0f 1f 00 48 8b 4c 16 f8 48
[ 1291.959274] mt7921e 0000:03:00.0 wlp3s0: renamed from wlan0 (while UP)
[ 1292.966996] iwd[8736]: segfault at c ip 00007fed535dec00 sp 00007fff6b882608 error 4 in libc.so.6[a7c00,7fed5355f000+159000] likely on CPU 1 (core 1, socket 0)
[ 1292.967030] Code: f0 0f 11 07 0f 11 4c 17 f0 c3 83 fa 08 73 2b 83 fa 04 73 16 83 fa 01 7c 10 8a 0e 74 0a 0f b7 74 16 fe 66 89 74 17 fe 88 0f c3 <8b> 4c 16 fc 8b 36 89 4c 17 fc 89 37 c3 0f 1f 00 48 8b 4c 16 f8 48
[ 1293.036226] mt7921e 0000:03:00.0 wlp3s0: renamed from wlan0 (while UP)
[ 1294.044198] iwd[8744]: segfault at c ip 00007f5aadf32c00 sp 00007ffe0f39a538 error 4 in libc.so.6[a7c00,7f5aadeb3000+159000] likely on CPU 1 (core 1, socket 0)
[ 1294.044233] Code: f0 0f 11 07 0f 11 4c 17 f0 c3 83 fa 08 73 2b 83 fa 04 73 16 83 fa 01 7c 10 8a 0e 74 0a 0f b7 74 16 fe 66 89 74 17 fe 88 0f c3 <8b> 4c 16 fc 8b 36 89 4c 17 fc 89 37 c3 0f 1f 00 48 8b 4c 16 f8 48
[ 1294.106422] mt7921e 0000:03:00.0 wlp3s0: renamed from wlan0 (while UP)
[ 1295.112534] iwd[8750]: segfault at c ip 00007f7389c65c00 sp 00007ffe2fd84c78 error 4 in libc.so.6[a7c00,7f7389be6000+159000] likely on CPU 1 (core 1, socket 0)
[ 1295.112566] Code: f0 0f 11 07 0f 11 4c 17 f0 c3 83 fa 08 73 2b 83 fa 04 73 16 83 fa 01 7c 10 8a 0e 74 0a 0f b7 74 16 fe 66 89 74 17 fe 88 0f c3 <8b> 4c 16 fc 8b 36 89 4c 17 fc 89 37 c3 0f 1f 00 48 8b 4c 16 f8 48
[ 1295.177012] mt7921e 0000:03:00.0 wlp3s0: renamed from wlan0 (while UP)
[ 1296.184760] iwd[8756]: segfault at c ip 00007f4cd6510c00 sp 00007ffe3efa2338 error 4 in libc.so.6[a7c00,7f4cd6491000+159000] likely on CPU 0 (core 0, socket 0)
[ 1296.184795] Code: f0 0f 11 07 0f 11 4c 17 f0 c3 83 fa 08 73 2b 83 fa 04 73 16 83 fa 01 7c 10 8a 0e 74 0a 0f b7 74 16 fe 66 89 74 17 fe 88 0f c3 <8b> 4c 16 fc 8b 36 89 4c 17 fc 89 37 c3 0f 1f 00 48 8b 4c 16 f8 48
[ 1296.252938] mt7921e 0000:03:00.0 wlp3s0: renamed from wlan0 (while UP)
[ 1297.261715] iwd[8762]: segfault at c ip 00007fc3c5302c00 sp 00007ffd4141cbc8 error 4 in libc.so.6[a7c00,7fc3c5283000+159000] likely on CPU 0 (core 0, socket 0)
[ 1297.261753] Code: f0 0f 11 07 0f 11 4c 17 f0 c3 83 fa 08 73 2b 83 fa 04 73 16 83 fa 01 7c 10 8a 0e 74 0a 0f b7 74 16 fe 66 89 74 17 fe 88 0f c3 <8b> 4c 16 fc 8b 36 89 4c 17 fc 89 37 c3 0f 1f 00 48 8b 4c 16 f8 48
[ 1297.326672] mt7921e 0000:03:00.0 wlp3s0: renamed from wlan0 (while UP)
[ 1298.334495] iwd[8768]: segfault at c ip 00007f2469342c00 sp 00007fff8f140818 error 4 in libc.so.6[a7c00,7f24692c3000+159000] likely on CPU 0 (core 0, socket 0)
[ 1298.334530] Code: f0 0f 11 07 0f 11 4c 17 f0 c3 83 fa 08 73 2b 83 fa 04 73 16 83 fa 01 7c 10 8a 0e 74 0a 0f b7 74 16 fe 66 89 74 17 fe 88 0f c3 <8b> 4c 16 fc 8b 36 89 4c 17 fc 89 37 c3 0f 1f 00 48 8b 4c 16 f8 48
[ 1298.398339] mt7921e 0000:03:00.0 wlp3s0: renamed from wlan0 (while UP)
[ 1299.408396] iwd[8774]: segfault at c ip 00007fc2b5e5fc00 sp 00007ffde0caf048 error 4 in libc.so.6[a7c00,7fc2b5de0000+159000] likely on CPU 0 (core 0, socket 0)
[ 1299.408437] Code: f0 0f 11 07 0f 11 4c 17 f0 c3 83 fa 08 73 2b 83 fa 04 73 16 83 fa 01 7c 10 8a 0e 74 0a 0f b7 74 16 fe 66 89 74 17 fe 88 0f c3 <8b> 4c 16 fc 8b 36 89 4c 17 fc 89 37 c3 0f 1f 00 48 8b 4c 16 f8 48
[ 1299.473641] mt7921e 0000:03:00.0 wlp3s0: renamed from wlan0 (while UP)
[ 1300.481025] iwd[8780]: segfault at c ip 00007f544fc66c00 sp 00007fffb197c448 error 4 in libc.so.6[a7c00,7f544fbe7000+159000] likely on CPU 0 (core 0, socket 0)
[ 1300.481057] Code: f0 0f 11 07 0f 11 4c 17 f0 c3 83 fa 08 73 2b 83 fa 04 73 16 83 fa 01 7c 10 8a 0e 74 0a 0f b7 74 16 fe 66 89 74 17 fe 88 0f c3 <8b> 4c 16 fc 8b 36 89 4c 17 fc 89 37 c3 0f 1f 00 48 8b 4c 16 f8 48
[ 1300.541565] mt7921e 0000:03:00.0 wlp3s0: renamed from wlan0 (while UP)
[ 1301.549618] iwd[8786]: segfault at c ip 00007f689764dc00 sp 00007ffcf0ee6778 error 4 in libc.so.6[a7c00,7f68975ce000+159000] likely on CPU 0 (core 0, socket 0)
[ 1301.549651] Code: f0 0f 11 07 0f 11 4c 17 f0 c3 83 fa 08 73 2b 83 fa 04 73 16 83 fa 01 7c 10 8a 0e 74 0a 0f b7 74 16 fe 66 89 74 17 fe 88 0f c3 <8b> 4c 16 fc 8b 36 89 4c 17 fc 89 37 c3 0f 1f 00 48 8b 4c 16 f8 48
[ 1301.612792] mt7921e 0000:03:00.0 wlp3s0: renamed from wlan0 (while UP)
[ 1302.619390] iwd[8792]: segfault at c ip 00007f3e92155c00 sp 00007ffef05743b8 error 4 in libc.so.6[a7c00,7f3e920d6000+159000] likely on CPU 1 (core 1, socket 0)
[ 1302.619426] Code: f0 0f 11 07 0f 11 4c 17 f0 c3 83 fa 08 73 2b 83 fa 04 73 16 83 fa 01 7c 10 8a 0e 74 0a 0f b7 74 16 fe 66 89 74 17 fe 88 0f c3 <8b> 4c 16 fc 8b 36 89 4c 17 fc 89 37 c3 0f 1f 00 48 8b 4c 16 f8 48
[ 1302.688570] mt7921e 0000:03:00.0 wlp3s0: renamed from wlan0 (while UP)
[ 1303.703172] iwd[8798]: segfault at c ip 00007f24b7b40c00 sp 00007ffefe1aa968 error 4 in libc.so.6[a7c00,7f24b7ac1000+159000] likely on CPU 1 (core 1, socket 0)
[ 1303.703210] Code: f0 0f 11 07 0f 11 4c 17 f0 c3 83 fa 08 73 2b 83 fa 04 73 16 83 fa 01 7c 10 8a 0e 74 0a 0f b7 74 16 fe 66 89 74 17 fe 88 0f c3 <8b> 4c 16 fc 8b 36 89 4c 17 fc 89 37 c3 0f 1f 00 48 8b 4c 16 f8 48
[ 1303.766597] mt7921e 0000:03:00.0 wlp3s0: renamed from wlan0 (while UP)
[ 1304.773666] iwd[8807]: segfault at c ip 00007f4035733c00 sp 00007fff555ae1e8 error 4 in libc.so.6[a7c00,7f40356b4000+159000] likely on CPU 0 (core 0, socket 0)
[ 1304.773701] Code: f0 0f 11 07 0f 11 4c 17 f0 c3 83 fa 08 73 2b 83 fa 04 73 16 83 fa 01 7c 10 8a 0e 74 0a 0f b7 74 16 fe 66 89 74 17 fe 88 0f c3 <8b> 4c 16 fc 8b 36 89 4c 17 fc 89 37 c3 0f 1f 00 48 8b 4c 16 f8 48
[ 1304.837898] mt7921e 0000:03:00.0 wlp3s0: renamed from wlan0 (while UP)
[ 1305.843956] iwd[8813]: segfault at c ip 00007fbacd1adc00 sp 00007ffe3b464228 error 4 in libc.so.6[a7c00,7fbacd12e000+159000] likely on CPU 0 (core 0, socket 0)
[ 1305.843991] Code: f0 0f 11 07 0f 11 4c 17 f0 c3 83 fa 08 73 2b 83 fa 04 73 16 83 fa 01 7c 10 8a 0e 74 0a 0f b7 74 16 fe 66 89 74 17 fe 88 0f c3 <8b> 4c 16 fc 8b 36 89 4c 17 fc 89 37 c3 0f 1f 00 48 8b 4c 16 f8 48
[ 1305.911101] mt7921e 0000:03:00.0 wlp3s0: renamed from wlan0 (while UP)
[ 1306.917223] iwd[8819]: segfault at c ip 00007f7006ea4c00 sp 00007ffece0847b8 error 4 in libc.so.6[a7c00,7f7006e25000+159000] likely on CPU 0 (core 0, socket 0)
[ 1306.917261] Code: f0 0f 11 07 0f 11 4c 17 f0 c3 83 fa 08 73 2b 83 fa 04 73 16 83 fa 01 7c 10 8a 0e 74 0a 0f b7 74 16 fe 66 89 74 17 fe 88 0f c3 <8b> 4c 16 fc 8b 36 89 4c 17 fc 89 37 c3 0f 1f 00 48 8b 4c 16 f8 48
[ 1306.983065] mt7921e 0000:03:00.0 wlp3s0: renamed from wlan0 (while UP)
[ 1307.995582] iwd[8825]: segfault at c ip 00007fea4a8acc00 sp 00007fff13ffc348 error 4 in libc.so.6[a7c00,7fea4a82d000+159000] likely on CPU 0 (core 0, socket 0)
[ 1307.995619] Code: f0 0f 11 07 0f 11 4c 17 f0 c3 83 fa 08 73 2b 83 fa 04 73 16 83 fa 01 7c 10 8a 0e 74 0a 0f b7 74 16 fe 66 89 74 17 fe 88 0f c3 <8b> 4c 16 fc 8b 36 89 4c 17 fc 89 37 c3 0f 1f 00 48 8b 4c 16 f8 48
[ 1308.066269] mt7921e 0000:03:00.0 wlp3s0: renamed from wlan0 (while UP)
[ 1309.072335] iwd[8831]: segfault at c ip 00007f6367c6ac00 sp 00007ffe939f6958 error 4 in libc.so.6[a7c00,7f6367beb000+159000] likely on CPU 1 (core 1, socket 0)
[ 1309.072368] Code: f0 0f 11 07 0f 11 4c 17 f0 c3 83 fa 08 73 2b 83 fa 04 73 16 83 fa 01 7c 10 8a 0e 74 0a 0f b7 74 16 fe 66 89 74 17 fe 88 0f c3 <8b> 4c 16 fc 8b 36 89 4c 17 fc 89 37 c3 0f 1f 00 48 8b 4c 16 f8 48
[ 1309.114198] mt7921e 0000:03:00.0 wlp3s0: renamed from wlan0
[ 1310.152898] iwd[8839]: segfault at c ip 00007f9230ebcc00 sp 00007ffcb1267588 error 4 in libc.so.6[a7c00,7f9230e3d000+159000] likely on CPU 1 (core 1, socket 0)
[ 1310.152931] Code: f0 0f 11 07 0f 11 4c 17 f0 c3 83 fa 08 73 2b 83 fa 04 73 16 83 fa 01 7c 10 8a 0e 74 0a 0f b7 74 16 fe 66 89 74 17 fe 88 0f c3 <8b> 4c 16 fc 8b 36 89 4c 17 fc 89 37 c3 0f 1f 00 48 8b 4c 16 f8 48
[ 1310.220451] mt7921e 0000:03:00.0 wlp3s0: renamed from wlan0 (while UP)
[ 1311.226850] iwd[8845]: segfault at c ip 00007fb4c3496c00 sp 00007ffceb4382b8 error 4 in libc.so.6[a7c00,7fb4c3417000+159000] likely on CPU 0 (core 0, socket 0)
[ 1311.226887] Code: f0 0f 11 07 0f 11 4c 17 f0 c3 83 fa 08 73 2b 83 fa 04 73 16 83 fa 01 7c 10 8a 0e 74 0a 0f b7 74 16 fe 66 89 74 17 fe 88 0f c3 <8b> 4c 16 fc 8b 36 89 4c 17 fc 89 37 c3 0f 1f 00 48 8b 4c 16 f8 48
[ 1311.287946] mt7921e 0000:03:00.0 wlp3s0: renamed from wlan0 (while UP)
[ 1312.293584] iwd[8851]: segfault at c ip 00007f4bf4a0ec00 sp 00007fff2579d858 error 4 in libc.so.6[a7c00,7f4bf498f000+159000] likely on CPU 0 (core 0, socket 0)
[ 1312.293619] Code: f0 0f 11 07 0f 11 4c 17 f0 c3 83 fa 08 73 2b 83 fa 04 73 16 83 fa 01 7c 10 8a 0e 74 0a 0f b7 74 16 fe 66 89 74 17 fe 88 0f c3 <8b> 4c 16 fc 8b 36 89 4c 17 fc 89 37 c3 0f 1f 00 48 8b 4c 16 f8 48
[ 1312.359113] mt7921e 0000:03:00.0 wlp3s0: renamed from wlan0 (while UP)
[ 1313.366003] iwd[8857]: segfault at c ip 00007fa05ca52c00 sp 00007fff14621ae8 error 4 in libc.so.6[a7c00,7fa05c9d3000+159000] likely on CPU 0 (core 0, socket 0)
[ 1313.366044] Code: f0 0f 11 07 0f 11 4c 17 f0 c3 83 fa 08 73 2b 83 fa 04 73 16 83 fa 01 7c 10 8a 0e 74 0a 0f b7 74 16 fe 66 89 74 17 fe 88 0f c3 <8b> 4c 16 fc 8b 36 89 4c 17 fc 89 37 c3 0f 1f 00 48 8b 4c 16 f8 48
[ 1313.432075] mt7921e 0000:03:00.0 wlp3s0: renamed from wlan0 (while UP)
[ 1314.439273] iwd[8863]: segfault at c ip 00007f5b9bd3ec00 sp 00007ffd21ad7308 error 4 in libc.so.6[a7c00,7f5b9bcbf000+159000] likely on CPU 1 (core 1, socket 0)
[ 1314.439306] Code: f0 0f 11 07 0f 11 4c 17 f0 c3 83 fa 08 73 2b 83 fa 04 73 16 83 fa 01 7c 10 8a 0e 74 0a 0f b7 74 16 fe 66 89 74 17 fe 88 0f c3 <8b> 4c 16 fc 8b 36 89 4c 17 fc 89 37 c3 0f 1f 00 48 8b 4c 16 f8 48
[ 1314.474974] mt7921e 0000:03:00.0 wlp3s0: renamed from wlan0
[ 1315.517997] iwd[8871]: segfault at c ip 00007f730f2fbc00 sp 00007ffe8d2de598 error 4 in libc.so.6[a7c00,7f730f27c000+159000] likely on CPU 0 (core 0, socket 0)
[ 1315.518028] Code: f0 0f 11 07 0f 11 4c 17 f0 c3 83 fa 08 73 2b 83 fa 04 73 16 83 fa 01 7c 10 8a 0e 74 0a 0f b7 74 16 fe 66 89 74 17 fe 88 0f c3 <8b> 4c 16 fc 8b 36 89 4c 17 fc 89 37 c3 0f 1f 00 48 8b 4c 16 f8 48
[ 1315.581622] mt7921e 0000:03:00.0 wlp3s0: renamed from wlan0 (while UP)
[ 1316.586723] iwd[8877]: segfault at c ip 00007f450abb2c00 sp 00007ffe8c0bc848 error 4 in libc.so.6[a7c00,7f450ab33000+159000] likely on CPU 1 (core 1, socket 0)
[ 1316.586758] Code: f0 0f 11 07 0f 11 4c 17 f0 c3 83 fa 08 73 2b 83 fa 04 73 16 83 fa 01 7c 10 8a 0e 74 0a 0f b7 74 16 fe 66 89 74 17 fe 88 0f c3 <8b> 4c 16 fc 8b 36 89 4c 17 fc 89 37 c3 0f 1f 00 48 8b 4c 16 f8 48
[ 1316.643836] mt7921e 0000:03:00.0 wlp3s0: renamed from wlan0 (while UP)
[ 1317.649875] iwd[8883]: segfault at c ip 00007f06ab43bc00 sp 00007fffc0d55678 error 4 in libc.so.6[a7c00,7f06ab3bc000+159000] likely on CPU 1 (core 1, socket 0)
[ 1317.649909] Code: f0 0f 11 07 0f 11 4c 17 f0 c3 83 fa 08 73 2b 83 fa 04 73 16 83 fa 01 7c 10 8a 0e 74 0a 0f b7 74 16 fe 66 89 74 17 fe 88 0f c3 <8b> 4c 16 fc 8b 36 89 4c 17 fc 89 37 c3 0f 1f 00 48 8b 4c 16 f8 48
[ 1317.711865] mt7921e 0000:03:00.0 wlp3s0: renamed from wlan0 (while UP)
[ 1318.718444] iwd[8889]: segfault at c ip 00007f17b1995c00 sp 00007ffe2cfe3058 error 4 in libc.so.6[a7c00,7f17b1916000+159000] likely on CPU 0 (core 0, socket 0)
[ 1318.718478] Code: f0 0f 11 07 0f 11 4c 17 f0 c3 83 fa 08 73 2b 83 fa 04 73 16 83 fa 01 7c 10 8a 0e 74 0a 0f b7 74 16 fe 66 89 74 17 fe 88 0f c3 <8b> 4c 16 fc 8b 36 89 4c 17 fc 89 37 c3 0f 1f 00 48 8b 4c 16 f8 48
[ 1318.784141] mt7921e 0000:03:00.0 wlp3s0: renamed from wlan0 (while UP)
[ 1319.789717] iwd[8895]: segfault at c ip 00007ff84e182c00 sp 00007ffeb7a78408 error 4 in libc.so.6[a7c00,7ff84e103000+159000] likely on CPU 1 (core 1, socket 0)
[ 1319.789752] Code: f0 0f 11 07 0f 11 4c 17 f0 c3 83 fa 08 73 2b 83 fa 04 73 16 83 fa 01 7c 10 8a 0e 74 0a 0f b7 74 16 fe 66 89 74 17 fe 88 0f c3 <8b> 4c 16 fc 8b 36 89 4c 17 fc 89 37 c3 0f 1f 00 48 8b 4c 16 f8 48
[ 1319.857133] mt7921e 0000:03:00.0 wlp3s0: renamed from wlan0 (while UP)
[ 1320.865560] iwd[8901]: segfault at c ip 00007f0e27164c00 sp 00007ffde4e6a2f8 error 4 in libc.so.6[a7c00,7f0e270e5000+159000] likely on CPU 1 (core 1, socket 0)
[ 1320.865595] Code: f0 0f 11 07 0f 11 4c 17 f0 c3 83 fa 08 73 2b 83 fa 04 73 16 83 fa 01 7c 10 8a 0e 74 0a 0f b7 74 16 fe 66 89 74 17 fe 88 0f c3 <8b> 4c 16 fc 8b 36 89 4c 17 fc 89 37 c3 0f 1f 00 48 8b 4c 16 f8 48
[ 1320.928113] mt7921e 0000:03:00.0 wlp3s0: renamed from wlan0 (while UP)
[ 1321.932213] iwd[8907]: segfault at c ip 00007fefb08fbc00 sp 00007ffc43ccb3f8 error 4 in libc.so.6[a7c00,7fefb087c000+159000] likely on CPU 1 (core 1, socket 0)
[ 1321.932247] Code: f0 0f 11 07 0f 11 4c 17 f0 c3 83 fa 08 73 2b 83 fa 04 73 16 83 fa 01 7c 10 8a 0e 74 0a 0f b7 74 16 fe 66 89 74 17 fe 88 0f c3 <8b> 4c 16 fc 8b 36 89 4c 17 fc 89 37 c3 0f 1f 00 48 8b 4c 16 f8 48
[ 1321.999804] mt7921e 0000:03:00.0 wlp3s0: renamed from wlan0 (while UP)
[ 1323.006698] iwd[8913]: segfault at c ip 00007f5bdf6ddc00 sp 00007ffdd9d752c8 error 4 in libc.so.6[a7c00,7f5bdf65e000+159000] likely on CPU 1 (core 1, socket 0)
[ 1323.006738] Code: f0 0f 11 07 0f 11 4c 17 f0 c3 83 fa 08 73 2b 83 fa 04 73 16 83 fa 01 7c 10 8a 0e 74 0a 0f b7 74 16 fe 66 89 74 17 fe 88 0f c3 <8b> 4c 16 fc 8b 36 89 4c 17 fc 89 37 c3 0f 1f 00 48 8b 4c 16 f8 48
[ 1323.077505] mt7921e 0000:03:00.0 wlp3s0: renamed from wlan0 (while UP)
[ 1324.083599] iwd[8919]: segfault at c ip 00007f5c4baa0c00 sp 00007ffdc7e12db8 error 4 in libc.so.6[a7c00,7f5c4ba21000+159000] likely on CPU 1 (core 1, socket 0)
[ 1324.083634] Code: f0 0f 11 07 0f 11 4c 17 f0 c3 83 fa 08 73 2b 83 fa 04 73 16 83 fa 01 7c 10 8a 0e 74 0a 0f b7 74 16 fe 66 89 74 17 fe 88 0f c3 <8b> 4c 16 fc 8b 36 89 4c 17 fc 89 37 c3 0f 1f 00 48 8b 4c 16 f8 48
[ 1324.157290] mt7921e 0000:03:00.0 wlp3s0: renamed from wlan0 (while UP)
[ 1325.164880] iwd[8925]: segfault at c ip 00007f1797a94c00 sp 00007fffdb151e18 error 4 in libc.so.6[a7c00,7f1797a15000+159000] likely on CPU 1 (core 1, socket 0)
[ 1325.164913] Code: f0 0f 11 07 0f 11 4c 17 f0 c3 83 fa 08 73 2b 83 fa 04 73 16 83 fa 01 7c 10 8a 0e 74 0a 0f b7 74 16 fe 66 89 74 17 fe 88 0f c3 <8b> 4c 16 fc 8b 36 89 4c 17 fc 89 37 c3 0f 1f 00 48 8b 4c 16 f8 48
[ 1325.227925] mt7921e 0000:03:00.0 wlp3s0: renamed from wlan0 (while UP)
[ 1326.236475] iwd[8933]: segfault at c ip 00007f55e7dd6c00 sp 00007ffceea0f8c8 error 4 in libc.so.6[a7c00,7f55e7d57000+159000] likely on CPU 0 (core 0, socket 0)
[ 1326.236510] Code: f0 0f 11 07 0f 11 4c 17 f0 c3 83 fa 08 73 2b 83 fa 04 73 16 83 fa 01 7c 10 8a 0e 74 0a 0f b7 74 16 fe 66 89 74 17 fe 88 0f c3 <8b> 4c 16 fc 8b 36 89 4c 17 fc 89 37 c3 0f 1f 00 48 8b 4c 16 f8 48
[ 1326.303063] mt7921e 0000:03:00.0 wlp3s0: renamed from wlan0 (while UP)
[ 1327.310214] iwd[8939]: segfault at c ip 00007f41b93e1c00 sp 00007ffefe926138 error 4 in libc.so.6[a7c00,7f41b9362000+159000] likely on CPU 1 (core 1, socket 0)
[ 1327.310251] Code: f0 0f 11 07 0f 11 4c 17 f0 c3 83 fa 08 73 2b 83 fa 04 73 16 83 fa 01 7c 10 8a 0e 74 0a 0f b7 74 16 fe 66 89 74 17 fe 88 0f c3 <8b> 4c 16 fc 8b 36 89 4c 17 fc 89 37 c3 0f 1f 00 48 8b 4c 16 f8 48
[ 1327.370387] mt7921e 0000:03:00.0 wlp3s0: renamed from wlan0 (while UP)
[ 1328.381900] iwd[8945]: segfault at c ip 00007f1b00996c00 sp 00007ffdd489f2b8 error 4 in libc.so.6[a7c00,7f1b00917000+159000] likely on CPU 1 (core 1, socket 0)
[ 1328.381932] Code: f0 0f 11 07 0f 11 4c 17 f0 c3 83 fa 08 73 2b 83 fa 04 73 16 83 fa 01 7c 10 8a 0e 74 0a 0f b7 74 16 fe 66 89 74 17 fe 88 0f c3 <8b> 4c 16 fc 8b 36 89 4c 17 fc 89 37 c3 0f 1f 00 48 8b 4c 16 f8 48
[ 1328.454569] mt7921e 0000:03:00.0 wlp3s0: renamed from wlan0 (while UP)
[ 1329.469082] iwd[8951]: segfault at c ip 00007faeac3bec00 sp 00007ffd8485d8f8 error 4 in libc.so.6[a7c00,7faeac33f000+159000] likely on CPU 0 (core 0, socket 0)
[ 1329.469163] Code: f0 0f 11 07 0f 11 4c 17 f0 c3 83 fa 08 73 2b 83 fa 04 73 16 83 fa 01 7c 10 8a 0e 74 0a 0f b7 74 16 fe 66 89 74 17 fe 88 0f c3 <8b> 4c 16 fc 8b 36 89 4c 17 fc 89 37 c3 0f 1f 00 48 8b 4c 16 f8 48
[ 1329.534420] mt7921e 0000:03:00.0 wlp3s0: renamed from wlan0 (while UP)
[ 1330.541663] iwd[8957]: segfault at c ip 00007fc743569c00 sp 00007ffd13ebc8b8 error 4 in libc.so.6[a7c00,7fc7434ea000+159000] likely on CPU 1 (core 1, socket 0)
[ 1330.541696] Code: f0 0f 11 07 0f 11 4c 17 f0 c3 83 fa 08 73 2b 83 fa 04 73 16 83 fa 01 7c 10 8a 0e 74 0a 0f b7 74 16 fe 66 89 74 17 fe 88 0f c3 <8b> 4c 16 fc 8b 36 89 4c 17 fc 89 37 c3 0f 1f 00 48 8b 4c 16 f8 48
[ 1330.620038] mt7921e 0000:03:00.0 wlp3s0: renamed from wlan0 (while UP)
[ 1331.627019] iwd[8963]: segfault at c ip 00007f5ea1647c00 sp 00007ffd2cf25198 error 4 in libc.so.6[a7c00,7f5ea15c8000+159000] likely on CPU 0 (core 0, socket 0)
[ 1331.627051] Code: f0 0f 11 07 0f 11 4c 17 f0 c3 83 fa 08 73 2b 83 fa 04 73 16 83 fa 01 7c 10 8a 0e 74 0a 0f b7 74 16 fe 66 89 74 17 fe 88 0f c3 <8b> 4c 16 fc 8b 36 89 4c 17 fc 89 37 c3 0f 1f 00 48 8b 4c 16 f8 48
[ 1331.690621] mt7921e 0000:03:00.0 wlp3s0: renamed from wlan0 (while UP)
[ 1332.697467] iwd[8969]: segfault at c ip 00007fc162dccc00 sp 00007ffda777f748 error 4 in libc.so.6[a7c00,7fc162d4d000+159000] likely on CPU 0 (core 0, socket 0)
[ 1332.697503] Code: f0 0f 11 07 0f 11 4c 17 f0 c3 83 fa 08 73 2b 83 fa 04 73 16 83 fa 01 7c 10 8a 0e 74 0a 0f b7 74 16 fe 66 89 74 17 fe 88 0f c3 <8b> 4c 16 fc 8b 36 89 4c 17 fc 89 37 c3 0f 1f 00 48 8b 4c 16 f8 48
[ 1332.734824] mt7921e 0000:03:00.0 wlp3s0: renamed from wlan0
[ 1333.768019] iwd[8975]: segfault at c ip 00007f8106620c00 sp 00007ffcca9cccd8 error 4 in libc.so.6[a7c00,7f81065a1000+159000] likely on CPU 0 (core 0, socket 0)
[ 1333.768052] Code: f0 0f 11 07 0f 11 4c 17 f0 c3 83 fa 08 73 2b 83 fa 04 73 16 83 fa 01 7c 10 8a 0e 74 0a 0f b7 74 16 fe 66 89 74 17 fe 88 0f c3 <8b> 4c 16 fc 8b 36 89 4c 17 fc 89 37 c3 0f 1f 00 48 8b 4c 16 f8 48
[ 1333.840238] mt7921e 0000:03:00.0 wlp3s0: renamed from wlan0 (while UP)
[ 1334.850601] iwd[8981]: segfault at c ip 00007fcd6e81cc00 sp 00007fffd1413d68 error 4 in libc.so.6[a7c00,7fcd6e79d000+159000] likely on CPU 0 (core 0, socket 0)
[ 1334.850636] Code: f0 0f 11 07 0f 11 4c 17 f0 c3 83 fa 08 73 2b 83 fa 04 73 16 83 fa 01 7c 10 8a 0e 74 0a 0f b7 74 16 fe 66 89 74 17 fe 88 0f c3 <8b> 4c 16 fc 8b 36 89 4c 17 fc 89 37 c3 0f 1f 00 48 8b 4c 16 f8 48
[ 1334.921863] mt7921e 0000:03:00.0 wlp3s0: renamed from wlan0 (while UP)
[ 1335.927605] iwd[8987]: segfault at c ip 00007fd0f0952c00 sp 00007ffcb6c328f8 error 4 in libc.so.6[a7c00,7fd0f08d3000+159000] likely on CPU 0 (core 0, socket 0)
[ 1335.927638] Code: f0 0f 11 07 0f 11 4c 17 f0 c3 83 fa 08 73 2b 83 fa 04 73 16 83 fa 01 7c 10 8a 0e 74 0a 0f b7 74 16 fe 66 89 74 17 fe 88 0f c3 <8b> 4c 16 fc 8b 36 89 4c 17 fc 89 37 c3 0f 1f 00 48 8b 4c 16 f8 48
[ 1335.964007] mt7921e 0000:03:00.0 wlp3s0: renamed from wlan0
[ 1336.997123] iwd[8995]: segfault at c ip 00007fa9a1041c00 sp 00007ffd721c4cf8 error 4 in libc.so.6[a7c00,7fa9a0fc2000+159000] likely on CPU 0 (core 0, socket 0)
[ 1336.997180] Code: f0 0f 11 07 0f 11 4c 17 f0 c3 83 fa 08 73 2b 83 fa 04 73 16 83 fa 01 7c 10 8a 0e 74 0a 0f b7 74 16 fe 66 89 74 17 fe 88 0f c3 <8b> 4c 16 fc 8b 36 89 4c 17 fc 89 37 c3 0f 1f 00 48 8b 4c 16 f8 48
[ 1337.066072] mt7921e 0000:03:00.0 wlp3s0: renamed from wlan0 (while UP)
[ 1338.071642] iwd[9001]: segfault at c ip 00007f55e3636c00 sp 00007ffd45066978 error 4 in libc.so.6[a7c00,7f55e35b7000+159000] likely on CPU 1 (core 1, socket 0)
[ 1338.071683] Code: f0 0f 11 07 0f 11 4c 17 f0 c3 83 fa 08 73 2b 83 fa 04 73 16 83 fa 01 7c 10 8a 0e 74 0a 0f b7 74 16 fe 66 89 74 17 fe 88 0f c3 <8b> 4c 16 fc 8b 36 89 4c 17 fc 89 37 c3 0f 1f 00 48 8b 4c 16 f8 48
[ 1338.135911] mt7921e 0000:03:00.0 wlp3s0: renamed from wlan0 (while UP)
[ 1339.141381] iwd[9007]: segfault at c ip 00007f34808c2c00 sp 00007fff58959858 error 4 in libc.so.6[a7c00,7f3480843000+159000] likely on CPU 0 (core 0, socket 0)
[ 1339.141418] Code: f0 0f 11 07 0f 11 4c 17 f0 c3 83 fa 08 73 2b 83 fa 04 73 16 83 fa 01 7c 10 8a 0e 74 0a 0f b7 74 16 fe 66 89 74 17 fe 88 0f c3 <8b> 4c 16 fc 8b 36 89 4c 17 fc 89 37 c3 0f 1f 00 48 8b 4c 16 f8 48
[ 1339.216053] mt7921e 0000:03:00.0 wlp3s0: renamed from wlan0 (while UP)
[ 1340.222576] iwd[9013]: segfault at c ip 00007fd1da90bc00 sp 00007ffc09feefa8 error 4 in libc.so.6[a7c00,7fd1da88c000+159000] likely on CPU 1 (core 1, socket 0)
[ 1340.222608] Code: f0 0f 11 07 0f 11 4c 17 f0 c3 83 fa 08 73 2b 83 fa 04 73 16 83 fa 01 7c 10 8a 0e 74 0a 0f b7 74 16 fe 66 89 74 17 fe 88 0f c3 <8b> 4c 16 fc 8b 36 89 4c 17 fc 89 37 c3 0f 1f 00 48 8b 4c 16 f8 48
[ 1340.293797] mt7921e 0000:03:00.0 wlp3s0: renamed from wlan0 (while UP)
[ 1341.301616] iwd[9021]: segfault at c ip 00007f5e08be1c00 sp 00007ffc727352d8 error 4 in libc.so.6[a7c00,7f5e08b62000+159000] likely on CPU 0 (core 0, socket 0)
[ 1341.301649] Code: f0 0f 11 07 0f 11 4c 17 f0 c3 83 fa 08 73 2b 83 fa 04 73 16 83 fa 01 7c 10 8a 0e 74 0a 0f b7 74 16 fe 66 89 74 17 fe 88 0f c3 <8b> 4c 16 fc 8b 36 89 4c 17 fc 89 37 c3 0f 1f 00 48 8b 4c 16 f8 48
[ 1341.370020] mt7921e 0000:03:00.0 wlp3s0: renamed from wlan0 (while UP)
[ 1342.376157] iwd[9027]: segfault at c ip 00007f11f8f5ec00 sp 00007ffd54561398 error 4 in libc.so.6[a7c00,7f11f8edf000+159000] likely on CPU 0 (core 0, socket 0)
[ 1342.376198] Code: f0 0f 11 07 0f 11 4c 17 f0 c3 83 fa 08 73 2b 83 fa 04 73 16 83 fa 01 7c 10 8a 0e 74 0a 0f b7 74 16 fe 66 89 74 17 fe 88 0f c3 <8b> 4c 16 fc 8b 36 89 4c 17 fc 89 37 c3 0f 1f 00 48 8b 4c 16 f8 48
[ 1342.441934] mt7921e 0000:03:00.0 wlp3s0: renamed from wlan0 (while UP)
[ 1343.454473] iwd[9033]: segfault at c ip 00007fa67dca6c00 sp 00007fff2cd9a278 error 4 in libc.so.6[a7c00,7fa67dc27000+159000] likely on CPU 0 (core 0, socket 0)
[ 1343.454514] Code: f0 0f 11 07 0f 11 4c 17 f0 c3 83 fa 08 73 2b 83 fa 04 73 16 83 fa 01 7c 10 8a 0e 74 0a 0f b7 74 16 fe 66 89 74 17 fe 88 0f c3 <8b> 4c 16 fc 8b 36 89 4c 17 fc 89 37 c3 0f 1f 00 48 8b 4c 16 f8 48
[ 1343.528703] mt7921e 0000:03:00.0 wlp3s0: renamed from wlan0 (while UP)
[ 1344.534038] iwd[9039]: segfault at c ip 00007fda22516c00 sp 00007ffdaa945b88 error 4 in libc.so.6[a7c00,7fda22497000+159000] likely on CPU 0 (core 0, socket 0)
[ 1344.534073] Code: f0 0f 11 07 0f 11 4c 17 f0 c3 83 fa 08 73 2b 83 fa 04 73 16 83 fa 01 7c 10 8a 0e 74 0a 0f b7 74 16 fe 66 89 74 17 fe 88 0f c3 <8b> 4c 16 fc 8b 36 89 4c 17 fc 89 37 c3 0f 1f 00 48 8b 4c 16 f8 48
[ 1344.570234] mt7921e 0000:03:00.0 wlp3s0: renamed from wlan0
[ 1345.607672] iwd[9045]: segfault at c ip 00007f3cb866ec00 sp 00007ffcbc8fccf8 error 4 in libc.so.6[a7c00,7f3cb85ef000+159000] likely on CPU 1 (core 1, socket 0)
[ 1345.607705] Code: f0 0f 11 07 0f 11 4c 17 f0 c3 83 fa 08 73 2b 83 fa 04 73 16 83 fa 01 7c 10 8a 0e 74 0a 0f b7 74 16 fe 66 89 74 17 fe 88 0f c3 <8b> 4c 16 fc 8b 36 89 4c 17 fc 89 37 c3 0f 1f 00 48 8b 4c 16 f8 48
[ 1345.681811] mt7921e 0000:03:00.0 wlp3s0: renamed from wlan0 (while UP)
[ 1346.688561] iwd[9051]: segfault at c ip 00007fec96f1fc00 sp 00007ffe626d6888 error 4 in libc.so.6[a7c00,7fec96ea0000+159000] likely on CPU 0 (core 0, socket 0)
[ 1346.688599] Code: f0 0f 11 07 0f 11 4c 17 f0 c3 83 fa 08 73 2b 83 fa 04 73 16 83 fa 01 7c 10 8a 0e 74 0a 0f b7 74 16 fe 66 89 74 17 fe 88 0f c3 <8b> 4c 16 fc 8b 36 89 4c 17 fc 89 37 c3 0f 1f 00 48 8b 4c 16 f8 48
[ 1346.761913] mt7921e 0000:03:00.0 wlp3s0: renamed from wlan0 (while UP)
[ 1347.766537] iwd[9057]: segfault at c ip 00007fcaabfb1c00 sp 00007ffc2125d788 error 4 in libc.so.6[a7c00,7fcaabf32000+159000] likely on CPU 1 (core 1, socket 0)
[ 1347.766570] Code: f0 0f 11 07 0f 11 4c 17 f0 c3 83 fa 08 73 2b 83 fa 04 73 16 83 fa 01 7c 10 8a 0e 74 0a 0f b7 74 16 fe 66 89 74 17 fe 88 0f c3 <8b> 4c 16 fc 8b 36 89 4c 17 fc 89 37 c3 0f 1f 00 48 8b 4c 16 f8 48
[ 1347.840951] mt7921e 0000:03:00.0 wlp3s0: renamed from wlan0 (while UP)
[ 1348.849161] iwd[9065]: segfault at c ip 00007f98348bdc00 sp 00007fff320c71f8 error 4 in libc.so.6[a7c00,7f983483e000+159000] likely on CPU 1 (core 1, socket 0)
[ 1348.849202] Code: f0 0f 11 07 0f 11 4c 17 f0 c3 83 fa 08 73 2b 83 fa 04 73 16 83 fa 01 7c 10 8a 0e 74 0a 0f b7 74 16 fe 66 89 74 17 fe 88 0f c3 <8b> 4c 16 fc 8b 36 89 4c 17 fc 89 37 c3 0f 1f 00 48 8b 4c 16 f8 48
[ 1348.913069] mt7921e 0000:03:00.0 wlp3s0: renamed from wlan0 (while UP)
[ 1349.921016] iwd[9071]: segfault at c ip 00007fe093dc2c00 sp 00007ffcabed2188 error 4 in libc.so.6[a7c00,7fe093d43000+159000] likely on CPU 0 (core 0, socket 0)
[ 1349.921061] Code: f0 0f 11 07 0f 11 4c 17 f0 c3 83 fa 08 73 2b 83 fa 04 73 16 83 fa 01 7c 10 8a 0e 74 0a 0f b7 74 16 fe 66 89 74 17 fe 88 0f c3 <8b> 4c 16 fc 8b 36 89 4c 17 fc 89 37 c3 0f 1f 00 48 8b 4c 16 f8 48
[ 1349.951052] mt7921e 0000:03:00.0 wlp3s0: renamed from wlan0
[ 1350.988512] iwd[9077]: segfault at c ip 00007f6dc8e99c00 sp 00007ffc1d182a48 error 4 in libc.so.6[a7c00,7f6dc8e1a000+159000] likely on CPU 1 (core 1, socket 0)
[ 1350.988545] Code: f0 0f 11 07 0f 11 4c 17 f0 c3 83 fa 08 73 2b 83 fa 04 73 16 83 fa 01 7c 10 8a 0e 74 0a 0f b7 74 16 fe 66 89 74 17 fe 88 0f c3 <8b> 4c 16 fc 8b 36 89 4c 17 fc 89 37 c3 0f 1f 00 48 8b 4c 16 f8 48
[ 1351.052392] mt7921e 0000:03:00.0 wlp3s0: renamed from wlan0 (while UP)
[ 1352.058849] iwd[9083]: segfault at c ip 00007f8e41c12c00 sp 00007fff4ad5cfa8 error 4 in libc.so.6[a7c00,7f8e41b93000+159000] likely on CPU 1 (core 1, socket 0)
[ 1352.058884] Code: f0 0f 11 07 0f 11 4c 17 f0 c3 83 fa 08 73 2b 83 fa 04 73 16 83 fa 01 7c 10 8a 0e 74 0a 0f b7 74 16 fe 66 89 74 17 fe 88 0f c3 <8b> 4c 16 fc 8b 36 89 4c 17 fc 89 37 c3 0f 1f 00 48 8b 4c 16 f8 48
[ 1352.129440] mt7921e 0000:03:00.0 wlp3s0: renamed from wlan0 (while UP)
[ 1353.135598] iwd[9089]: segfault at c ip 00007f6e7fe6ec00 sp 00007ffd628a6bd8 error 4 in libc.so.6[a7c00,7f6e7fdef000+159000] likely on CPU 1 (core 1, socket 0)
[ 1353.135639] Code: f0 0f 11 07 0f 11 4c 17 f0 c3 83 fa 08 73 2b 83 fa 04 73 16 83 fa 01 7c 10 8a 0e 74 0a 0f b7 74 16 fe 66 89 74 17 fe 88 0f c3 <8b> 4c 16 fc 8b 36 89 4c 17 fc 89 37 c3 0f 1f 00 48 8b 4c 16 f8 48
[ 1353.206901] mt7921e 0000:03:00.0 wlp3s0: renamed from wlan0 (while UP)
[ 1354.219207] iwd[9095]: segfault at c ip 00007f9761c31c00 sp 00007ffea9eaae08 error 4 in libc.so.6[a7c00,7f9761bb2000+159000] likely on CPU 1 (core 1, socket 0)
[ 1354.219251] Code: f0 0f 11 07 0f 11 4c 17 f0 c3 83 fa 08 73 2b 83 fa 04 73 16 83 fa 01 7c 10 8a 0e 74 0a 0f b7 74 16 fe 66 89 74 17 fe 88 0f c3 <8b> 4c 16 fc 8b 36 89 4c 17 fc 89 37 c3 0f 1f 00 48 8b 4c 16 f8 48
[ 1354.286579] mt7921e 0000:03:00.0 wlp3s0: renamed from wlan0 (while UP)
[ 1355.294539] iwd[9101]: segfault at c ip 00007f2d82e6fc00 sp 00007ffe85b8da58 error 4 in libc.so.6[a7c00,7f2d82df0000+159000] likely on CPU 0 (core 0, socket 0)
[ 1355.294580] Code: f0 0f 11 07 0f 11 4c 17 f0 c3 83 fa 08 73 2b 83 fa 04 73 16 83 fa 01 7c 10 8a 0e 74 0a 0f b7 74 16 fe 66 89 74 17 fe 88 0f c3 <8b> 4c 16 fc 8b 36 89 4c 17 fc 89 37 c3 0f 1f 00 48 8b 4c 16 f8 48
[ 1355.357086] mt7921e 0000:03:00.0 wlp3s0: renamed from wlan0 (while UP)
[ 1356.367024] iwd[9107]: segfault at c ip 00007fec00b33c00 sp 00007ffd40c9ffc8 error 4 in libc.so.6[a7c00,7fec00ab4000+159000] likely on CPU 0 (core 0, socket 0)
[ 1356.367059] Code: f0 0f 11 07 0f 11 4c 17 f0 c3 83 fa 08 73 2b 83 fa 04 73 16 83 fa 01 7c 10 8a 0e 74 0a 0f b7 74 16 fe 66 89 74 17 fe 88 0f c3 <8b> 4c 16 fc 8b 36 89 4c 17 fc 89 37 c3 0f 1f 00 48 8b 4c 16 f8 48
[ 1356.432704] mt7921e 0000:03:00.0 wlp3s0: renamed from wlan0 (while UP)
[ 1357.465657] iwd[9113]: segfault at c ip 00007f5db1345c00 sp 00007ffeae9dbe28 error 4 in libc.so.6[a7c00,7f5db12c6000+159000] likely on CPU 1 (core 1, socket 0)
[ 1357.465690] Code: f0 0f 11 07 0f 11 4c 17 f0 c3 83 fa 08 73 2b 83 fa 04 73 16 83 fa 01 7c 10 8a 0e 74 0a 0f b7 74 16 fe 66 89 74 17 fe 88 0f c3 <8b> 4c 16 fc 8b 36 89 4c 17 fc 89 37 c3 0f 1f 00 48 8b 4c 16 f8 48
[ 1357.529458] mt7921e 0000:03:00.0 wlp3s0: renamed from wlan0 (while UP)
[ 1358.538511] iwd[9119]: segfault at c ip 00007fa855151c00 sp 00007ffef3c45268 error 4 in libc.so.6[a7c00,7fa8550d2000+159000] likely on CPU 1 (core 1, socket 0)
[ 1358.538548] Code: f0 0f 11 07 0f 11 4c 17 f0 c3 83 fa 08 73 2b 83 fa 04 73 16 83 fa 01 7c 10 8a 0e 74 0a 0f b7 74 16 fe 66 89 74 17 fe 88 0f c3 <8b> 4c 16 fc 8b 36 89 4c 17 fc 89 37 c3 0f 1f 00 48 8b 4c 16 f8 48
[ 1358.586530] mt7921e 0000:03:00.0 wlp3s0: renamed from wlan0
[ 1359.624864] iwd[9125]: segfault at c ip 00007f7acd6c0c00 sp 00007ffc5beb9b28 error 4 in libc.so.6[a7c00,7f7acd641000+159000] likely on CPU 1 (core 1, socket 0)
[ 1359.624897] Code: f0 0f 11 07 0f 11 4c 17 f0 c3 83 fa 08 73 2b 83 fa 04 73 16 83 fa 01 7c 10 8a 0e 74 0a 0f b7 74 16 fe 66 89 74 17 fe 88 0f c3 <8b> 4c 16 fc 8b 36 89 4c 17 fc 89 37 c3 0f 1f 00 48 8b 4c 16 f8 48
[ 1359.691148] mt7921e 0000:03:00.0 wlp3s0: renamed from wlan0 (while UP)
[ 1360.702164] iwd[9131]: segfault at c ip 00007f3a0e30fc00 sp 00007ffe56a132b8 error 4 in libc.so.6[a7c00,7f3a0e290000+159000] likely on CPU 0 (core 0, socket 0)
[ 1360.702200] Code: f0 0f 11 07 0f 11 4c 17 f0 c3 83 fa 08 73 2b 83 fa 04 73 16 83 fa 01 7c 10 8a 0e 74 0a 0f b7 74 16 fe 66 89 74 17 fe 88 0f c3 <8b> 4c 16 fc 8b 36 89 4c 17 fc 89 37 c3 0f 1f 00 48 8b 4c 16 f8 48
[ 1360.765376] mt7921e 0000:03:00.0 wlp3s0: renamed from wlan0 (while UP)
[ 1361.773177] iwd[9137]: segfault at c ip 00007fa978bbfc00 sp 00007ffe106932b8 error 4 in libc.so.6[a7c00,7fa978b40000+159000] likely on CPU 0 (core 0, socket 0)
[ 1361.773217] Code: f0 0f 11 07 0f 11 4c 17 f0 c3 83 fa 08 73 2b 83 fa 04 73 16 83 fa 01 7c 10 8a 0e 74 0a 0f b7 74 16 fe 66 89 74 17 fe 88 0f c3 <8b> 4c 16 fc 8b 36 89 4c 17 fc 89 37 c3 0f 1f 00 48 8b 4c 16 f8 48
[ 1361.842828] mt7921e 0000:03:00.0 wlp3s0: renamed from wlan0 (while UP)
[ 1362.852521] iwd[9143]: segfault at c ip 00007f7806a76c00 sp 00007ffd105415a8 error 4 in libc.so.6[a7c00,7f78069f7000+159000] likely on CPU 1 (core 1, socket 0)
[ 1362.852559] Code: f0 0f 11 07 0f 11 4c 17 f0 c3 83 fa 08 73 2b 83 fa 04 73 16 83 fa 01 7c 10 8a 0e 74 0a 0f b7 74 16 fe 66 89 74 17 fe 88 0f c3 <8b> 4c 16 fc 8b 36 89 4c 17 fc 89 37 c3 0f 1f 00 48 8b 4c 16 f8 48
[ 1362.916228] mt7921e 0000:03:00.0 wlp3s0: renamed from wlan0 (while UP)
[ 1363.922865] iwd[9149]: segfault at c ip 00007fc3133c8c00 sp 00007ffe6289cd98 error 4 in libc.so.6[a7c00,7fc313349000+159000] likely on CPU 0 (core 0, socket 0)
[ 1363.922900] Code: f0 0f 11 07 0f 11 4c 17 f0 c3 83 fa 08 73 2b 83 fa 04 73 16 83 fa 01 7c 10 8a 0e 74 0a 0f b7 74 16 fe 66 89 74 17 fe 88 0f c3 <8b> 4c 16 fc 8b 36 89 4c 17 fc 89 37 c3 0f 1f 00 48 8b 4c 16 f8 48
[ 1363.984779] mt7921e 0000:03:00.0 wlp3s0: renamed from wlan0 (while UP)
[ 1364.994331] iwd[9155]: segfault at c ip 00007fb0d69bbc00 sp 00007ffe804ee4a8 error 4 in libc.so.6[a7c00,7fb0d693c000+159000] likely on CPU 1 (core 1, socket 0)
[ 1364.994385] Code: f0 0f 11 07 0f 11 4c 17 f0 c3 83 fa 08 73 2b 83 fa 04 73 16 83 fa 01 7c 10 8a 0e 74 0a 0f b7 74 16 fe 66 89 74 17 fe 88 0f c3 <8b> 4c 16 fc 8b 36 89 4c 17 fc 89 37 c3 0f 1f 00 48 8b 4c 16 f8 48
[ 1365.063123] mt7921e 0000:03:00.0 wlp3s0: renamed from wlan0 (while UP)
[ 1366.068434] iwd[9161]: segfault at c ip 00007f68c6df7c00 sp 00007ffd16057698 error 4 in libc.so.6[a7c00,7f68c6d78000+159000] likely on CPU 0 (core 0, socket 0)
[ 1366.068467] Code: f0 0f 11 07 0f 11 4c 17 f0 c3 83 fa 08 73 2b 83 fa 04 73 16 83 fa 01 7c 10 8a 0e 74 0a 0f b7 74 16 fe 66 89 74 17 fe 88 0f c3 <8b> 4c 16 fc 8b 36 89 4c 17 fc 89 37 c3 0f 1f 00 48 8b 4c 16 f8 48
[ 1366.137121] mt7921e 0000:03:00.0 wlp3s0: renamed from wlan0 (while UP)
[ 1367.145761] iwd[9167]: segfault at c ip 00007f9744609c00 sp 00007ffde7a87078 error 4 in libc.so.6[a7c00,7f974458a000+159000] likely on CPU 0 (core 0, socket 0)
[ 1367.145797] Code: f0 0f 11 07 0f 11 4c 17 f0 c3 83 fa 08 73 2b 83 fa 04 73 16 83 fa 01 7c 10 8a 0e 74 0a 0f b7 74 16 fe 66 89 74 17 fe 88 0f c3 <8b> 4c 16 fc 8b 36 89 4c 17 fc 89 37 c3 0f 1f 00 48 8b 4c 16 f8 48
[ 1367.208386] mt7921e 0000:03:00.0 wlp3s0: renamed from wlan0 (while UP)
[ 1368.218958] iwd[9173]: segfault at c ip 00007fc9e1805c00 sp 00007ffe7f1313a8 error 4 in libc.so.6[a7c00,7fc9e1786000+159000] likely on CPU 1 (core 1, socket 0)
[ 1368.219004] Code: f0 0f 11 07 0f 11 4c 17 f0 c3 83 fa 08 73 2b 83 fa 04 73 16 83 fa 01 7c 10 8a 0e 74 0a 0f b7 74 16 fe 66 89 74 17 fe 88 0f c3 <8b> 4c 16 fc 8b 36 89 4c 17 fc 89 37 c3 0f 1f 00 48 8b 4c 16 f8 48
[ 1368.287164] mt7921e 0000:03:00.0 wlp3s0: renamed from wlan0 (while UP)
[ 1369.295574] iwd[9179]: segfault at c ip 00007f45fe443c00 sp 00007ffc45153048 error 4 in libc.so.6[a7c00,7f45fe3c4000+159000] likely on CPU 0 (core 0, socket 0)
[ 1369.295607] Code: f0 0f 11 07 0f 11 4c 17 f0 c3 83 fa 08 73 2b 83 fa 04 73 16 83 fa 01 7c 10 8a 0e 74 0a 0f b7 74 16 fe 66 89 74 17 fe 88 0f c3 <8b> 4c 16 fc 8b 36 89 4c 17 fc 89 37 c3 0f 1f 00 48 8b 4c 16 f8 48
[ 1369.370916] mt7921e 0000:03:00.0 wlp3s0: renamed from wlan0 (while UP)
[ 1370.376702] iwd[9185]: segfault at c ip 00007f0bb54a0c00 sp 00007fff04b4e208 error 4 in libc.so.6[a7c00,7f0bb5421000+159000] likely on CPU 0 (core 0, socket 0)
[ 1370.376740] Code: f0 0f 11 07 0f 11 4c 17 f0 c3 83 fa 08 73 2b 83 fa 04 73 16 83 fa 01 7c 10 8a 0e 74 0a 0f b7 74 16 fe 66 89 74 17 fe 88 0f c3 <8b> 4c 16 fc 8b 36 89 4c 17 fc 89 37 c3 0f 1f 00 48 8b 4c 16 f8 48
[ 1370.442124] mt7921e 0000:03:00.0 wlp3s0: renamed from wlan0 (while UP)
[ 1371.448466] iwd[9191]: segfault at c ip 00007f6c14a34c00 sp 00007fff30c671d8 error 4 in libc.so.6[a7c00,7f6c149b5000+159000] likely on CPU 0 (core 0, socket 0)
[ 1371.448501] Code: f0 0f 11 07 0f 11 4c 17 f0 c3 83 fa 08 73 2b 83 fa 04 73 16 83 fa 01 7c 10 8a 0e 74 0a 0f b7 74 16 fe 66 89 74 17 fe 88 0f c3 <8b> 4c 16 fc 8b 36 89 4c 17 fc 89 37 c3 0f 1f 00 48 8b 4c 16 f8 48
[ 1371.514948] mt7921e 0000:03:00.0 wlp3s0: renamed from wlan0 (while UP)
[ 1372.523999] iwd[9197]: segfault at c ip 00007f1247f11c00 sp 00007ffc4dbb8d48 error 4 in libc.so.6[a7c00,7f1247e92000+159000] likely on CPU 0 (core 0, socket 0)
[ 1372.524037] Code: f0 0f 11 07 0f 11 4c 17 f0 c3 83 fa 08 73 2b 83 fa 04 73 16 83 fa 01 7c 10 8a 0e 74 0a 0f b7 74 16 fe 66 89 74 17 fe 88 0f c3 <8b> 4c 16 fc 8b 36 89 4c 17 fc 89 37 c3 0f 1f 00 48 8b 4c 16 f8 48
[ 1372.593701] mt7921e 0000:03:00.0 wlp3s0: renamed from wlan0 (while UP)
[ 1373.600187] iwd[9203]: segfault at c ip 00007f2e82588c00 sp 00007ffc1e214568 error 4 in libc.so.6[a7c00,7f2e82509000+159000] likely on CPU 0 (core 0, socket 0)
[ 1373.600244] Code: f0 0f 11 07 0f 11 4c 17 f0 c3 83 fa 08 73 2b 83 fa 04 73 16 83 fa 01 7c 10 8a 0e 74 0a 0f b7 74 16 fe 66 89 74 17 fe 88 0f c3 <8b> 4c 16 fc 8b 36 89 4c 17 fc 89 37 c3 0f 1f 00 48 8b 4c 16 f8 48
[ 1373.666423] mt7921e 0000:03:00.0 wlp3s0: renamed from wlan0 (while UP)
[ 1374.670984] iwd[9209]: segfault at c ip 00007f075d974c00 sp 00007ffc98045868 error 4 in libc.so.6[a7c00,7f075d8f5000+159000] likely on CPU 0 (core 0, socket 0)
[ 1374.671017] Code: f0 0f 11 07 0f 11 4c 17 f0 c3 83 fa 08 73 2b 83 fa 04 73 16 83 fa 01 7c 10 8a 0e 74 0a 0f b7 74 16 fe 66 89 74 17 fe 88 0f c3 <8b> 4c 16 fc 8b 36 89 4c 17 fc 89 37 c3 0f 1f 00 48 8b 4c 16 f8 48
[ 1374.747923] mt7921e 0000:03:00.0 wlp3s0: renamed from wlan0 (while UP)
[ 1375.758283] iwd[9215]: segfault at c ip 00007f9fa85a8c00 sp 00007ffd349fd228 error 4 in libc.so.6[a7c00,7f9fa8529000+159000] likely on CPU 0 (core 0, socket 0)
[ 1375.758324] Code: f0 0f 11 07 0f 11 4c 17 f0 c3 83 fa 08 73 2b 83 fa 04 73 16 83 fa 01 7c 10 8a 0e 74 0a 0f b7 74 16 fe 66 89 74 17 fe 88 0f c3 <8b> 4c 16 fc 8b 36 89 4c 17 fc 89 37 c3 0f 1f 00 48 8b 4c 16 f8 48
[ 1375.817033] mt7921e 0000:03:00.0 wlp3s0: renamed from wlan0 (while UP)
[ 1376.825927] iwd[9221]: segfault at c ip 00007f7fd6f2bc00 sp 00007fff81259468 error 4 in libc.so.6[a7c00,7f7fd6eac000+159000] likely on CPU 1 (core 1, socket 0)
[ 1376.825965] Code: f0 0f 11 07 0f 11 4c 17 f0 c3 83 fa 08 73 2b 83 fa 04 73 16 83 fa 01 7c 10 8a 0e 74 0a 0f b7 74 16 fe 66 89 74 17 fe 88 0f c3 <8b> 4c 16 fc 8b 36 89 4c 17 fc 89 37 c3 0f 1f 00 48 8b 4c 16 f8 48
[ 1376.891637] mt7921e 0000:03:00.0 wlp3s0: renamed from wlan0 (while UP)
[ 1377.897499] iwd[9227]: segfault at c ip 00007fa8beb23c00 sp 00007ffe5bf60108 error 4 in libc.so.6[a7c00,7fa8beaa4000+159000] likely on CPU 0 (core 0, socket 0)
[ 1377.897533] Code: f0 0f 11 07 0f 11 4c 17 f0 c3 83 fa 08 73 2b 83 fa 04 73 16 83 fa 01 7c 10 8a 0e 74 0a 0f b7 74 16 fe 66 89 74 17 fe 88 0f c3 <8b> 4c 16 fc 8b 36 89 4c 17 fc 89 37 c3 0f 1f 00 48 8b 4c 16 f8 48
[ 1377.966500] mt7921e 0000:03:00.0 wlp3s0: renamed from wlan0 (while UP)
[ 1378.985783] iwd[9235]: segfault at c ip 00007f7d86e24c00 sp 00007ffd496b5d38 error 4 in libc.so.6[a7c00,7f7d86da5000+159000] likely on CPU 1 (core 1, socket 0)
[ 1378.985818] Code: f0 0f 11 07 0f 11 4c 17 f0 c3 83 fa 08 73 2b 83 fa 04 73 16 83 fa 01 7c 10 8a 0e 74 0a 0f b7 74 16 fe 66 89 74 17 fe 88 0f c3 <8b> 4c 16 fc 8b 36 89 4c 17 fc 89 37 c3 0f 1f 00 48 8b 4c 16 f8 48
[ 1379.053134] mt7921e 0000:03:00.0 wlp3s0: renamed from wlan0 (while UP)
[ 1380.057585] iwd[9241]: segfault at c ip 00007fdb9f22bc00 sp 00007ffe073ca0d8 error 4 in libc.so.6[a7c00,7fdb9f1ac000+159000] likely on CPU 0 (core 0, socket 0)
[ 1380.057619] Code: f0 0f 11 07 0f 11 4c 17 f0 c3 83 fa 08 73 2b 83 fa 04 73 16 83 fa 01 7c 10 8a 0e 74 0a 0f b7 74 16 fe 66 89 74 17 fe 88 0f c3 <8b> 4c 16 fc 8b 36 89 4c 17 fc 89 37 c3 0f 1f 00 48 8b 4c 16 f8 48
[ 1380.125369] mt7921e 0000:03:00.0 wlp3s0: renamed from wlan0 (while UP)
[ 1381.136042] iwd[9247]: segfault at c ip 00007f754f210c00 sp 00007ffeac7b6fb8 error 4 in libc.so.6[a7c00,7f754f191000+159000] likely on CPU 1 (core 1, socket 0)
[ 1381.136081] Code: f0 0f 11 07 0f 11 4c 17 f0 c3 83 fa 08 73 2b 83 fa 04 73 16 83 fa 01 7c 10 8a 0e 74 0a 0f b7 74 16 fe 66 89 74 17 fe 88 0f c3 <8b> 4c 16 fc 8b 36 89 4c 17 fc 89 37 c3 0f 1f 00 48 8b 4c 16 f8 48
[ 1381.211447] mt7921e 0000:03:00.0 wlp3s0: renamed from wlan0 (while UP)
[ 1382.217588] iwd[9253]: segfault at c ip 00007fc7d0ae4c00 sp 00007ffc7829c3e8 error 4 in libc.so.6[a7c00,7fc7d0a65000+159000] likely on CPU 0 (core 0, socket 0)
[ 1382.217633] Code: f0 0f 11 07 0f 11 4c 17 f0 c3 83 fa 08 73 2b 83 fa 04 73 16 83 fa 01 7c 10 8a 0e 74 0a 0f b7 74 16 fe 66 89 74 17 fe 88 0f c3 <8b> 4c 16 fc 8b 36 89 4c 17 fc 89 37 c3 0f 1f 00 48 8b 4c 16 f8 48
[ 1382.282054] mt7921e 0000:03:00.0 wlp3s0: renamed from wlan0 (while UP)
[ 1383.286329] iwd[9259]: segfault at c ip 00007ff8fbd3cc00 sp 00007ffc4e309dc8 error 4 in libc.so.6[a7c00,7ff8fbcbd000+159000] likely on CPU 1 (core 1, socket 0)
[ 1383.286362] Code: f0 0f 11 07 0f 11 4c 17 f0 c3 83 fa 08 73 2b 83 fa 04 73 16 83 fa 01 7c 10 8a 0e 74 0a 0f b7 74 16 fe 66 89 74 17 fe 88 0f c3 <8b> 4c 16 fc 8b 36 89 4c 17 fc 89 37 c3 0f 1f 00 48 8b 4c 16 f8 48
[ 1383.322156] mt7921e 0000:03:00.0 wlp3s0: renamed from wlan0
[ 1384.356491] iwd[9265]: segfault at c ip 00007f25e723bc00 sp 00007ffff20313e8 error 4 in libc.so.6[a7c00,7f25e71bc000+159000] likely on CPU 1 (core 1, socket 0)
[ 1384.356526] Code: f0 0f 11 07 0f 11 4c 17 f0 c3 83 fa 08 73 2b 83 fa 04 73 16 83 fa 01 7c 10 8a 0e 74 0a 0f b7 74 16 fe 66 89 74 17 fe 88 0f c3 <8b> 4c 16 fc 8b 36 89 4c 17 fc 89 37 c3 0f 1f 00 48 8b 4c 16 f8 48
[ 1384.422905] mt7921e 0000:03:00.0 wlp3s0: renamed from wlan0 (while UP)
[ 1385.429440] iwd[9271]: segfault at c ip 00007fca99bc2c00 sp 00007ffc1218cf78 error 4 in libc.so.6[a7c00,7fca99b43000+159000] likely on CPU 0 (core 0, socket 0)
[ 1385.429481] Code: f0 0f 11 07 0f 11 4c 17 f0 c3 83 fa 08 73 2b 83 fa 04 73 16 83 fa 01 7c 10 8a 0e 74 0a 0f b7 74 16 fe 66 89 74 17 fe 88 0f c3 <8b> 4c 16 fc 8b 36 89 4c 17 fc 89 37 c3 0f 1f 00 48 8b 4c 16 f8 48
[ 1385.497851] mt7921e 0000:03:00.0 wlp3s0: renamed from wlan0 (while UP)
[ 1386.511503] iwd[9277]: segfault at c ip 00007fb00e736c00 sp 00007ffc43d9c5b8 error 4 in libc.so.6[a7c00,7fb00e6b7000+159000] likely on CPU 1 (core 1, socket 0)
[ 1386.511538] Code: f0 0f 11 07 0f 11 4c 17 f0 c3 83 fa 08 73 2b 83 fa 04 73 16 83 fa 01 7c 10 8a 0e 74 0a 0f b7 74 16 fe 66 89 74 17 fe 88 0f c3 <8b> 4c 16 fc 8b 36 89 4c 17 fc 89 37 c3 0f 1f 00 48 8b 4c 16 f8 48
[ 1386.578721] mt7921e 0000:03:00.0 wlp3s0: renamed from wlan0 (while UP)
[ 1387.583178] iwd[9283]: segfault at c ip 00007efe9828fc00 sp 00007ffcbccf9d08 error 4 in libc.so.6[a7c00,7efe98210000+159000] likely on CPU 0 (core 0, socket 0)
[ 1387.583216] Code: f0 0f 11 07 0f 11 4c 17 f0 c3 83 fa 08 73 2b 83 fa 04 73 16 83 fa 01 7c 10 8a 0e 74 0a 0f b7 74 16 fe 66 89 74 17 fe 88 0f c3 <8b> 4c 16 fc 8b 36 89 4c 17 fc 89 37 c3 0f 1f 00 48 8b 4c 16 f8 48
[ 1387.620189] mt7921e 0000:03:00.0 wlp3s0: renamed from wlan0
[ 1388.653373] iwd[9289]: segfault at c ip 00007fa50af2dc00 sp 00007ffcb190b428 error 4 in libc.so.6[a7c00,7fa50aeae000+159000] likely on CPU 1 (core 1, socket 0)
[ 1388.653406] Code: f0 0f 11 07 0f 11 4c 17 f0 c3 83 fa 08 73 2b 83 fa 04 73 16 83 fa 01 7c 10 8a 0e 74 0a 0f b7 74 16 fe 66 89 74 17 fe 88 0f c3 <8b> 4c 16 fc 8b 36 89 4c 17 fc 89 37 c3 0f 1f 00 48 8b 4c 16 f8 48
[ 1388.717917] mt7921e 0000:03:00.0 wlp3s0: renamed from wlan0 (while UP)
[ 1389.726177] iwd[9295]: segfault at c ip 00007f1336e60c00 sp 00007ffd5d425df8 error 4 in libc.so.6[a7c00,7f1336de1000+159000] likely on CPU 0 (core 0, socket 0)
[ 1389.726230] Code: f0 0f 11 07 0f 11 4c 17 f0 c3 83 fa 08 73 2b 83 fa 04 73 16 83 fa 01 7c 10 8a 0e 74 0a 0f b7 74 16 fe 66 89 74 17 fe 88 0f c3 <8b> 4c 16 fc 8b 36 89 4c 17 fc 89 37 c3 0f 1f 00 48 8b 4c 16 f8 48
[ 1389.791532] mt7921e 0000:03:00.0 wlp3s0: renamed from wlan0 (while UP)
[ 1390.797606] iwd[9301]: segfault at c ip 00007f91fd6afc00 sp 00007ffe9e1cd388 error 4 in libc.so.6[a7c00,7f91fd630000+159000] likely on CPU 1 (core 1, socket 0)
[ 1390.797644] Code: f0 0f 11 07 0f 11 4c 17 f0 c3 83 fa 08 73 2b 83 fa 04 73 16 83 fa 01 7c 10 8a 0e 74 0a 0f b7 74 16 fe 66 89 74 17 fe 88 0f c3 <8b> 4c 16 fc 8b 36 89 4c 17 fc 89 37 c3 0f 1f 00 48 8b 4c 16 f8 48
[ 1390.869161] mt7921e 0000:03:00.0 wlp3s0: renamed from wlan0 (while UP)
[ 1391.875335] iwd[9307]: segfault at c ip 00007f175b0f5c00 sp 00007ffc07a2b178 error 4 in libc.so.6[a7c00,7f175b076000+159000] likely on CPU 0 (core 0, socket 0)
[ 1391.875372] Code: f0 0f 11 07 0f 11 4c 17 f0 c3 83 fa 08 73 2b 83 fa 04 73 16 83 fa 01 7c 10 8a 0e 74 0a 0f b7 74 16 fe 66 89 74 17 fe 88 0f c3 <8b> 4c 16 fc 8b 36 89 4c 17 fc 89 37 c3 0f 1f 00 48 8b 4c 16 f8 48
[ 1391.947117] mt7921e 0000:03:00.0 wlp3s0: renamed from wlan0 (while UP)
[ 1392.956891] iwd[9313]: segfault at c ip 00007fda77e93c00 sp 00007ffdedf558b8 error 4 in libc.so.6[a7c00,7fda77e14000+159000] likely on CPU 1 (core 1, socket 0)
[ 1392.956925] Code: f0 0f 11 07 0f 11 4c 17 f0 c3 83 fa 08 73 2b 83 fa 04 73 16 83 fa 01 7c 10 8a 0e 74 0a 0f b7 74 16 fe 66 89 74 17 fe 88 0f c3 <8b> 4c 16 fc 8b 36 89 4c 17 fc 89 37 c3 0f 1f 00 48 8b 4c 16 f8 48
[ 1393.027879] mt7921e 0000:03:00.0 wlp3s0: renamed from wlan0 (while UP)
[ 1394.042716] iwd[9321]: segfault at c ip 00007fcb1d949c00 sp 00007ffc88031f48 error 4 in libc.so.6[a7c00,7fcb1d8ca000+159000] likely on CPU 1 (core 1, socket 0)
[ 1394.042751] Code: f0 0f 11 07 0f 11 4c 17 f0 c3 83 fa 08 73 2b 83 fa 04 73 16 83 fa 01 7c 10 8a 0e 74 0a 0f b7 74 16 fe 66 89 74 17 fe 88 0f c3 <8b> 4c 16 fc 8b 36 89 4c 17 fc 89 37 c3 0f 1f 00 48 8b 4c 16 f8 48
[ 1394.111365] mt7921e 0000:03:00.0 wlp3s0: renamed from wlan0 (while UP)
[ 1395.125843] iwd[9327]: segfault at c ip 00007f6ba7f34c00 sp 00007ffe3a5d03a8 error 4 in libc.so.6[a7c00,7f6ba7eb5000+159000] likely on CPU 0 (core 0, socket 0)
[ 1395.125881] Code: f0 0f 11 07 0f 11 4c 17 f0 c3 83 fa 08 73 2b 83 fa 04 73 16 83 fa 01 7c 10 8a 0e 74 0a 0f b7 74 16 fe 66 89 74 17 fe 88 0f c3 <8b> 4c 16 fc 8b 36 89 4c 17 fc 89 37 c3 0f 1f 00 48 8b 4c 16 f8 48
[ 1395.190370] mt7921e 0000:03:00.0 wlp3s0: renamed from wlan0 (while UP)
[ 1396.196390] iwd[9333]: segfault at c ip 00007f456e42bc00 sp 00007ffeecf55b78 error 4 in libc.so.6[a7c00,7f456e3ac000+159000] likely on CPU 0 (core 0, socket 0)
[ 1396.196423] Code: f0 0f 11 07 0f 11 4c 17 f0 c3 83 fa 08 73 2b 83 fa 04 73 16 83 fa 01 7c 10 8a 0e 74 0a 0f b7 74 16 fe 66 89 74 17 fe 88 0f c3 <8b> 4c 16 fc 8b 36 89 4c 17 fc 89 37 c3 0f 1f 00 48 8b 4c 16 f8 48
[ 1396.253837] mt7921e 0000:03:00.0 wlp3s0: renamed from wlan0 (while UP)
[ 1397.267787] iwd[9339]: segfault at c ip 00007fc46b6afc00 sp 00007ffe41f87228 error 4 in libc.so.6[a7c00,7fc46b630000+159000] likely on CPU 1 (core 1, socket 0)
[ 1397.267822] Code: f0 0f 11 07 0f 11 4c 17 f0 c3 83 fa 08 73 2b 83 fa 04 73 16 83 fa 01 7c 10 8a 0e 74 0a 0f b7 74 16 fe 66 89 74 17 fe 88 0f c3 <8b> 4c 16 fc 8b 36 89 4c 17 fc 89 37 c3 0f 1f 00 48 8b 4c 16 f8 48
[ 1397.330181] mt7921e 0000:03:00.0 wlp3s0: renamed from wlan0 (while UP)
[ 1398.341195] iwd[9345]: segfault at c ip 00007f9a0efbac00 sp 00007ffdfe4c7e28 error 4 in libc.so.6[a7c00,7f9a0ef3b000+159000] likely on CPU 1 (core 1, socket 0)
[ 1398.341230] Code: f0 0f 11 07 0f 11 4c 17 f0 c3 83 fa 08 73 2b 83 fa 04 73 16 83 fa 01 7c 10 8a 0e 74 0a 0f b7 74 16 fe 66 89 74 17 fe 88 0f c3 <8b> 4c 16 fc 8b 36 89 4c 17 fc 89 37 c3 0f 1f 00 48 8b 4c 16 f8 48
[ 1398.386141] mt7921e 0000:03:00.0 wlp3s0: renamed from wlan0
[ 1399.419800] iwd[9351]: segfault at c ip 00007ff53a711c00 sp 00007ffcef3977c8 error 4 in libc.so.6[a7c00,7ff53a692000+159000] likely on CPU 0 (core 0, socket 0)
[ 1399.419833] Code: f0 0f 11 07 0f 11 4c 17 f0 c3 83 fa 08 73 2b 83 fa 04 73 16 83 fa 01 7c 10 8a 0e 74 0a 0f b7 74 16 fe 66 89 74 17 fe 88 0f c3 <8b> 4c 16 fc 8b 36 89 4c 17 fc 89 37 c3 0f 1f 00 48 8b 4c 16 f8 48
[ 1399.489133] mt7921e 0000:03:00.0 wlp3s0: renamed from wlan0 (while UP)
[ 1400.494183] iwd[9357]: segfault at c ip 00007ff56f593c00 sp 00007ffe8e1e15e8 error 4 in libc.so.6[a7c00,7ff56f514000+159000] likely on CPU 1 (core 1, socket 0)
[ 1400.494248] Code: f0 0f 11 07 0f 11 4c 17 f0 c3 83 fa 08 73 2b 83 fa 04 73 16 83 fa 01 7c 10 8a 0e 74 0a 0f b7 74 16 fe 66 89 74 17 fe 88 0f c3 <8b> 4c 16 fc 8b 36 89 4c 17 fc 89 37 c3 0f 1f 00 48 8b 4c 16 f8 48
[ 1400.557125] mt7921e 0000:03:00.0 wlp3s0: renamed from wlan0 (while UP)
[ 1401.563534] iwd[9363]: segfault at c ip 00007f58f837dc00 sp 00007ffe37d2cc78 error 4 in libc.so.6[a7c00,7f58f82fe000+159000] likely on CPU 1 (core 1, socket 0)
[ 1401.563569] Code: f0 0f 11 07 0f 11 4c 17 f0 c3 83 fa 08 73 2b 83 fa 04 73 16 83 fa 01 7c 10 8a 0e 74 0a 0f b7 74 16 fe 66 89 74 17 fe 88 0f c3 <8b> 4c 16 fc 8b 36 89 4c 17 fc 89 37 c3 0f 1f 00 48 8b 4c 16 f8 48
[ 1401.639451] mt7921e 0000:03:00.0 wlp3s0: renamed from wlan0 (while UP)
[ 1402.645146] iwd[9369]: segfault at c ip 00007f0ab84a2c00 sp 00007ffdec7d5f88 error 4 in libc.so.6[a7c00,7f0ab8423000+159000] likely on CPU 0 (core 0, socket 0)
[ 1402.645192] Code: f0 0f 11 07 0f 11 4c 17 f0 c3 83 fa 08 73 2b 83 fa 04 73 16 83 fa 01 7c 10 8a 0e 74 0a 0f b7 74 16 fe 66 89 74 17 fe 88 0f c3 <8b> 4c 16 fc 8b 36 89 4c 17 fc 89 37 c3 0f 1f 00 48 8b 4c 16 f8 48
[ 1402.715537] mt7921e 0000:03:00.0 wlp3s0: renamed from wlan0 (while UP)
[ 1403.722965] iwd[9377]: segfault at c ip 00007f84c910ec00 sp 00007fff2dc76628 error 4 in libc.so.6[a7c00,7f84c908f000+159000] likely on CPU 1 (core 1, socket 0)
[ 1403.723012] Code: f0 0f 11 07 0f 11 4c 17 f0 c3 83 fa 08 73 2b 83 fa 04 73 16 83 fa 01 7c 10 8a 0e 74 0a 0f b7 74 16 fe 66 89 74 17 fe 88 0f c3 <8b> 4c 16 fc 8b 36 89 4c 17 fc 89 37 c3 0f 1f 00 48 8b 4c 16 f8 48
[ 1403.782047] mt7921e 0000:03:00.0 wlp3s0: renamed from wlan0 (while UP)
[ 1404.788811] iwd[9383]: segfault at c ip 00007f96094f5c00 sp 00007ffefdb1cb78 error 4 in libc.so.6[a7c00,7f9609476000+159000] likely on CPU 1 (core 1, socket 0)
[ 1404.788844] Code: f0 0f 11 07 0f 11 4c 17 f0 c3 83 fa 08 73 2b 83 fa 04 73 16 83 fa 01 7c 10 8a 0e 74 0a 0f b7 74 16 fe 66 89 74 17 fe 88 0f c3 <8b> 4c 16 fc 8b 36 89 4c 17 fc 89 37 c3 0f 1f 00 48 8b 4c 16 f8 48
[ 1404.852119] mt7921e 0000:03:00.0 wlp3s0: renamed from wlan0 (while UP)
[ 1405.858004] iwd[9389]: segfault at c ip 00007ff0943d5c00 sp 00007ffec6c80088 error 4 in libc.so.6[a7c00,7ff094356000+159000] likely on CPU 1 (core 1, socket 0)
[ 1405.858039] Code: f0 0f 11 07 0f 11 4c 17 f0 c3 83 fa 08 73 2b 83 fa 04 73 16 83 fa 01 7c 10 8a 0e 74 0a 0f b7 74 16 fe 66 89 74 17 fe 88 0f c3 <8b> 4c 16 fc 8b 36 89 4c 17 fc 89 37 c3 0f 1f 00 48 8b 4c 16 f8 48
[ 1405.927048] mt7921e 0000:03:00.0 wlp3s0: renamed from wlan0 (while UP)
[ 1406.933028] iwd[9395]: segfault at c ip 00007f6e00a1ac00 sp 00007ffdec123198 error 4 in libc.so.6[a7c00,7f6e0099b000+159000] likely on CPU 0 (core 0, socket 0)
[ 1406.933061] Code: f0 0f 11 07 0f 11 4c 17 f0 c3 83 fa 08 73 2b 83 fa 04 73 16 83 fa 01 7c 10 8a 0e 74 0a 0f b7 74 16 fe 66 89 74 17 fe 88 0f c3 <8b> 4c 16 fc 8b 36 89 4c 17 fc 89 37 c3 0f 1f 00 48 8b 4c 16 f8 48
[ 1407.004738] mt7921e 0000:03:00.0 wlp3s0: renamed from wlan0 (while UP)
[ 1408.012073] iwd[9403]: segfault at c ip 00007f996edd3c00 sp 00007ffceddaf308 error 4 in libc.so.6[a7c00,7f996ed54000+159000] likely on CPU 0 (core 0, socket 0)
[ 1408.012221] Code: f0 0f 11 07 0f 11 4c 17 f0 c3 83 fa 08 73 2b 83 fa 04 73 16 83 fa 01 7c 10 8a 0e 74 0a 0f b7 74 16 fe 66 89 74 17 fe 88 0f c3 <8b> 4c 16 fc 8b 36 89 4c 17 fc 89 37 c3 0f 1f 00 48 8b 4c 16 f8 48
[ 1408.077021] mt7921e 0000:03:00.0 wlp3s0: renamed from wlan0 (while UP)
[ 1409.084185] iwd[9409]: segfault at c ip 00007f6df5ba0c00 sp 00007ffcdff693d8 error 4 in libc.so.6[a7c00,7f6df5b21000+159000] likely on CPU 1 (core 1, socket 0)
[ 1409.084226] Code: f0 0f 11 07 0f 11 4c 17 f0 c3 83 fa 08 73 2b 83 fa 04 73 16 83 fa 01 7c 10 8a 0e 74 0a 0f b7 74 16 fe 66 89 74 17 fe 88 0f c3 <8b> 4c 16 fc 8b 36 89 4c 17 fc 89 37 c3 0f 1f 00 48 8b 4c 16 f8 48
[ 1409.149158] mt7921e 0000:03:00.0 wlp3s0: renamed from wlan0 (while UP)
[ 1410.154725] iwd[9415]: segfault at c ip 00007f57c164cc00 sp 00007ffd93b11c68 error 4 in libc.so.6[a7c00,7f57c15cd000+159000] likely on CPU 0 (core 0, socket 0)
[ 1410.154760] Code: f0 0f 11 07 0f 11 4c 17 f0 c3 83 fa 08 73 2b 83 fa 04 73 16 83 fa 01 7c 10 8a 0e 74 0a 0f b7 74 16 fe 66 89 74 17 fe 88 0f c3 <8b> 4c 16 fc 8b 36 89 4c 17 fc 89 37 c3 0f 1f 00 48 8b 4c 16 f8 48
[ 1410.218078] mt7921e 0000:03:00.0 wlp3s0: renamed from wlan0 (while UP)
[ 1411.226037] iwd[9421]: segfault at c ip 00007f7c9d89dc00 sp 00007ffc88837a88 error 4 in libc.so.6[a7c00,7f7c9d81e000+159000] likely on CPU 0 (core 0, socket 0)
[ 1411.226072] Code: f0 0f 11 07 0f 11 4c 17 f0 c3 83 fa 08 73 2b 83 fa 04 73 16 83 fa 01 7c 10 8a 0e 74 0a 0f b7 74 16 fe 66 89 74 17 fe 88 0f c3 <8b> 4c 16 fc 8b 36 89 4c 17 fc 89 37 c3 0f 1f 00 48 8b 4c 16 f8 48
[ 1411.286656] mt7921e 0000:03:00.0 wlp3s0: renamed from wlan0 (while UP)
[ 1412.299876] iwd[9427]: segfault at c ip 00007f10a9bc2c00 sp 00007fffd92c7088 error 4 in libc.so.6[a7c00,7f10a9b43000+159000] likely on CPU 1 (core 1, socket 0)
[ 1412.299911] Code: f0 0f 11 07 0f 11 4c 17 f0 c3 83 fa 08 73 2b 83 fa 04 73 16 83 fa 01 7c 10 8a 0e 74 0a 0f b7 74 16 fe 66 89 74 17 fe 88 0f c3 <8b> 4c 16 fc 8b 36 89 4c 17 fc 89 37 c3 0f 1f 00 48 8b 4c 16 f8 48
[ 1412.370544] mt7921e 0000:03:00.0 wlp3s0: renamed from wlan0 (while UP)
[ 1413.382943] iwd[9433]: segfault at c ip 00007fa9fe473c00 sp 00007fff16695728 error 4 in libc.so.6[a7c00,7fa9fe3f4000+159000] likely on CPU 0 (core 0, socket 0)
[ 1413.382989] Code: f0 0f 11 07 0f 11 4c 17 f0 c3 83 fa 08 73 2b 83 fa 04 73 16 83 fa 01 7c 10 8a 0e 74 0a 0f b7 74 16 fe 66 89 74 17 fe 88 0f c3 <8b> 4c 16 fc 8b 36 89 4c 17 fc 89 37 c3 0f 1f 00 48 8b 4c 16 f8 48
[ 1413.455961] mt7921e 0000:03:00.0 wlp3s0: renamed from wlan0 (while UP)
[ 1414.460238] iwd[9439]: segfault at c ip 00007f5451bb2c00 sp 00007ffe99b151f8 error 4 in libc.so.6[a7c00,7f5451b33000+159000] likely on CPU 0 (core 0, socket 0)
[ 1414.460270] Code: f0 0f 11 07 0f 11 4c 17 f0 c3 83 fa 08 73 2b 83 fa 04 73 16 83 fa 01 7c 10 8a 0e 74 0a 0f b7 74 16 fe 66 89 74 17 fe 88 0f c3 <8b> 4c 16 fc 8b 36 89 4c 17 fc 89 37 c3 0f 1f 00 48 8b 4c 16 f8 48
[ 1414.523552] mt7921e 0000:03:00.0 wlp3s0: renamed from wlan0 (while UP)
[ 1415.529079] iwd[9447]: segfault at c ip 00007fb003b6bc00 sp 00007ffc41417bd8 error 4 in libc.so.6[a7c00,7fb003aec000+159000] likely on CPU 0 (core 0, socket 0)
[ 1415.529171] Code: f0 0f 11 07 0f 11 4c 17 f0 c3 83 fa 08 73 2b 83 fa 04 73 16 83 fa 01 7c 10 8a 0e 74 0a 0f b7 74 16 fe 66 89 74 17 fe 88 0f c3 <8b> 4c 16 fc 8b 36 89 4c 17 fc 89 37 c3 0f 1f 00 48 8b 4c 16 f8 48
[ 1415.586746] mt7921e 0000:03:00.0 wlp3s0: renamed from wlan0 (while UP)
[ 1416.592229] iwd[9453]: segfault at c ip 00007f4dc2ee5c00 sp 00007ffd0c629b68 error 4 in libc.so.6[a7c00,7f4dc2e66000+159000] likely on CPU 0 (core 0, socket 0)
[ 1416.592262] Code: f0 0f 11 07 0f 11 4c 17 f0 c3 83 fa 08 73 2b 83 fa 04 73 16 83 fa 01 7c 10 8a 0e 74 0a 0f b7 74 16 fe 66 89 74 17 fe 88 0f c3 <8b> 4c 16 fc 8b 36 89 4c 17 fc 89 37 c3 0f 1f 00 48 8b 4c 16 f8 48
[ 1416.667421] mt7921e 0000:03:00.0 wlp3s0: renamed from wlan0 (while UP)
[ 1417.674175] iwd[9459]: segfault at c ip 00007f93b22dcc00 sp 00007ffd94a0ed48 error 4 in libc.so.6[a7c00,7f93b225d000+159000] likely on CPU 0 (core 0, socket 0)
[ 1417.674220] Code: f0 0f 11 07 0f 11 4c 17 f0 c3 83 fa 08 73 2b 83 fa 04 73 16 83 fa 01 7c 10 8a 0e 74 0a 0f b7 74 16 fe 66 89 74 17 fe 88 0f c3 <8b> 4c 16 fc 8b 36 89 4c 17 fc 89 37 c3 0f 1f 00 48 8b 4c 16 f8 48
[ 1417.747253] mt7921e 0000:03:00.0 wlp3s0: renamed from wlan0 (while UP)
[ 1418.760379] iwd[9465]: segfault at c ip 00007fedb23b2c00 sp 00007ffd90a1da28 error 4 in libc.so.6[a7c00,7fedb2333000+159000] likely on CPU 0 (core 0, socket 0)
[ 1418.760420] Code: f0 0f 11 07 0f 11 4c 17 f0 c3 83 fa 08 73 2b 83 fa 04 73 16 83 fa 01 7c 10 8a 0e 74 0a 0f b7 74 16 fe 66 89 74 17 fe 88 0f c3 <8b> 4c 16 fc 8b 36 89 4c 17 fc 89 37 c3 0f 1f 00 48 8b 4c 16 f8 48
[ 1418.826035] mt7921e 0000:03:00.0 wlp3s0: renamed from wlan0 (while UP)
